To,Company,Country,Buying Intent,Subject,Body,Status,Date Sent,Notes
myteam@accountingprose.com,Accounting Prose,United States,High,Recurring finance operations for Accounting Prose clients,"Dear Accounting Prose team,

Accounting Prose offers FinOps as a Service to entrepreneurs and LLCs from Denver, combining bookkeeping, accounting and finance operations.

Because invoicing, collections and reconciliations recur every week for each client, there may be scope for an AI agent to send routine payment reminders, reconcile incoming payments and leave a short summary for your team.

I am Jacobs Roland, an AI automation specialist. I design and build OpenClaw-based AI agents that work alongside existing accounting, ERP and billing systems to handle invoice tracking, payment follow-ups, reconciliation and financial reporting.

Would you be open to a brief 20-minute call in the coming weeks to explore whether this could be useful for Accounting Prose?

If this is not relevant to you, please let me know and I will not contact you again.

Kind regards,

Jacobs Roland
AI Automation Specialist | OpenClaw AI Agent Development
Email: savelroly@gmail.com",,,
info@ascentcfo.com,Ascent CFO Solutions,United States,High,Cash forecasting inputs for Ascent CFO engagements,"Dear Ascent CFO Solutions team,

Congratulations on Ascent CFO Solutions being named a 2025 Inc. 5000 honoree; I understand your fractional CFO teams work from Boulder and Denver.

As fractional CFO engagements often begin with gathering receivables, open bills and bank balances, there may be scope for an AI agent to collect those inputs, flag overdue invoices and refresh a cash view on a regular schedule.

I am Jacobs Roland, an AI automation specialist. I build OpenClaw-based AI agents that operate alongside existing accounting, ERP and billing systems, covering invoice tracking, payment follow-ups, reconciliation and financial reporting.

Would you be willing to have a short 20-minute conversation in the coming weeks to consider whether this might be of value to Ascent CFO Solutions?

If this is not relevant to you, please let me know and I will not contact you again.

Kind regards,

Jacobs Roland
AI Automation Specialist | OpenClaw AI Agent Development
Email: savelroly@gmail.com",,,
info@bennettfinancials.com,Bennett Financials,United States,High,Cash flow early warnings for Bennett Financials clients,"Dear Bennett Financials team,

I read Bennett Financials' article on the 'growing but broke' cash flow trap, alongside your fractional CFO work for service firms from Knoxville.

Given that late invoicing and slow payment often tighten cash in growing service firms, there may be scope for an AI agent to monitor billing and collections daily and alert your CFOs when cash risk rises.

I am Jacobs Roland, an AI automation specialist who designs and builds OpenClaw-based AI agents. These agents work alongside existing accounting, ERP and billing systems to handle invoice tracking, payment follow-ups, reconciliation and financial reporting.

Would a short 20-minute call in the coming weeks be worthwhile to assess whether this could be useful for Bennett Financials?

If this is not relevant to you, please let me know and I will not contact you again.

Kind regards,

Jacobs Roland
AI Automation Specialist | OpenClaw AI Agent Development
Email: savelroly@gmail.com",,,
connect@escalon.services,Escalon,United States,High,Portfolio-wide receivables view for Escalon's PE clients,"Dear Escalon team,

Escalon provides accounting, finance, tax and HR services to startups, private equity portfolios and diversified businesses.

Since private equity sponsors value comparable cash and receivables data across portfolio companies, there may be scope for an AI agent to collect receivables aging from each company's books, follow up on overdue invoices and assemble a portfolio summary.

I am Jacobs Roland, an AI automation specialist. I design and build OpenClaw-based AI agents that work alongside existing accounting, ERP and billing systems to handle invoice tracking, payment follow-ups, reconciliation and financial reporting.

If it would be helpful, I would welcome a brief 20-minute call at a time convenient to you to discuss whether this could suit Escalon.

If this is not relevant to you, please let me know and I will not contact you again.

Kind regards,

Jacobs Roland
AI Automation Specialist | OpenClaw AI Agent Development
Email: savelroly@gmail.com",,,
hello@finvisor.com,Finvisor,United States,High,Back-office invoice handling for Finvisor clients,"Dear Finvisor team,

Finvisor offers on-demand fractional CFO, accounting and back-office support from San Francisco.

As a back-office team manages bills, customer invoices and collections for several companies at once, there may be scope for an AI agent to route incoming bills, send customer reminders and maintain a list of open items per client.

I am Jacobs Roland, an AI automation specialist. I build OpenClaw-based AI agents that operate alongside existing accounting, ERP and billing systems, covering invoice tracking, payment follow-ups, reconciliation and financial reporting.

Would a short 20-minute call in the coming weeks be worthwhile to assess whether this could be useful for Finvisor?

If this is not relevant to you, please let me know and I will not contact you again.

Kind regards,

Jacobs Roland
AI Automation Specialist | OpenClaw AI Agent Development
Email: savelroly@gmail.com",,,
wecare@fullyaccountable.com,Fully Accountable,United States,High,Payout reconciliation for Fully Accountable's eCommerce clients,"Dear Fully Accountable team,

Fully Accountable provides virtual accounting and outsourced CFO services to eCommerce and digital businesses from Akron, Ohio.

Since marketplace payouts, fees and supplier invoices rarely align neatly with the books, there may be scope for an AI agent to reconcile payouts to orders, flag missing supplier invoices and send a weekly cash and margin summary.

I am Jacobs Roland, an AI automation specialist who designs and builds OpenClaw-based AI agents. These agents work alongside existing accounting, ERP and billing systems to handle invoice tracking, payment follow-ups, reconciliation and financial reporting.

Would you be open to a brief 20-minute call in the coming weeks to explore whether this could be useful for Fully Accountable?

If this is not relevant to you, please let me know and I will not contact you again.

Kind regards,

Jacobs Roland
AI Automation Specialist | OpenClaw AI Agent Development
Email: savelroly@gmail.com",,,
info@hiline.co,Hiline,United States,High,Pledge and invoice tracking for Hiline nonprofit clients,"Dear Hiline team,

Hiline provides accounting, bookkeeping and finance services to nonprofits and small businesses from Syracuse.

Since nonprofit clients track grants, pledges and programme invoices that require follow-up, there may be scope for an AI agent to send reminders on open pledges, reconcile receipts and prepare monthly board reports.

I am Jacobs Roland, an AI automation specialist. I build OpenClaw-based AI agents that operate alongside existing accounting, ERP and billing systems, covering invoice tracking, payment follow-ups, reconciliation and financial reporting.

If it would be helpful, I would welcome a brief 20-minute call at a time convenient to you to discuss whether this could suit Hiline.

If this is not relevant to you, please let me know and I will not contact you again.

Kind regards,

Jacobs Roland
AI Automation Specialist | OpenClaw AI Agent Development
Email: savelroly@gmail.com",,,
info@theledgerlabs.com,Ledger Labs,United States,High,QuickBooks invoice capture for Ledger Labs clients,"Dear Ledger Labs team,

Ledger Labs focuses on outsourced accounting and CFO services for businesses with $1M to $50M in revenue, including QuickBooks bookkeeping.

For companies with meaningful invoice volume but no full finance team, there may be scope for an AI agent to capture bills into QuickBooks, follow up on overdue customer invoices and send a weekly cash note.

I am Jacobs Roland, an AI automation specialist. I build OpenClaw-based AI agents that operate alongside existing accounting, ERP and billing systems, covering invoice tracking, payment follow-ups, reconciliation and financial reporting.

Would you be willing to have a short 20-minute conversation in the coming weeks to consider whether this might be of value to Ledger Labs?

If this is not relevant to you, please let me know and I will not contact you again.

Kind regards,

Jacobs Roland
AI Automation Specialist | OpenClaw AI Agent Development
Email: savelroly@gmail.com",,,
contact@ledgergurus.com,LedgerGurus,United States,High,Marketplace settlement matching for LedgerGurus clients,"Dear LedgerGurus team,

I came across LedgerGurus through your ecommerce accounting blog and your focus on online sellers from American Fork, Utah.

As online sellers receive settlement reports from several channels with differing fees and timing, there may be scope for an AI agent to match those reports to the books and alert your accountants when a payout or invoice appears inconsistent.

My name is Jacobs Roland, and I am an AI automation specialist. I design OpenClaw-based AI agents that work with existing accounting, ERP and billing systems to support invoice tracking, payment follow-ups, reconciliation and financial reporting.

If it would be helpful, I would welcome a brief 20-minute call at a time convenient to you to discuss whether this could suit LedgerGurus.

If this is not relevant to you, please let me know and I will not contact you again.

Kind regards,

Jacobs Roland
AI Automation Specialist | OpenClaw AI Agent Development
Email: savelroly@gmail.com",,,
hello@linealcpa.com,Lineal CPA,United States,High,Receivables reminders for Lineal CPA managed accounting,"Dear Lineal CPA team,

Lineal CPA provides fully managed accounting and bookkeeping services from Frisco, Texas and Schaumburg, Illinois.

Since managed accounting clients expect receivables to be followed up, there may be scope for an AI agent to send courteous reminders on overdue invoices, log responses and give your team a weekly aging report per client.

I am Jacobs Roland, an AI automation specialist who designs and builds OpenClaw-based AI agents. These agents work alongside existing accounting, ERP and billing systems to handle invoice tracking, payment follow-ups, reconciliation and financial reporting.

Would a short 20-minute call in the coming weeks be worthwhile to assess whether this could be useful for Lineal CPA?

If this is not relevant to you, please let me know and I will not contact you again.

Kind regards,

Jacobs Roland
AI Automation Specialist | OpenClaw AI Agent Development
Email: savelroly@gmail.com",,,
info@bectran.com,Bectran,United States,High,Credit review reminders for Bectran users,"Dear Bectran team,

Bectran publishes a glossary on credit applications and credit review contacts alongside its credit application and AR management automation.

For Bectran or its customers, there may be scope for an AI agent to send credit review reminders, follow up on receivables collections and raise alerts as credit limits are approached.

My name is Jacobs Roland, and I am an AI automation specialist. I design OpenClaw-based AI agents that work with existing accounting, ERP and billing systems to support invoice tracking, payment follow-ups, reconciliation and financial reporting.

Would a short 20-minute call in the coming weeks be worthwhile to assess whether this could be useful for Bectran?

If this is not relevant to you, please let me know and I will not contact you again.

Kind regards,

Jacobs Roland
AI Automation Specialist | OpenClaw AI Agent Development
Email: savelroly@gmail.com",,,
support@billergenie.com,Biller Genie,United States,High,Customer reply handling for Biller Genie,"Dear Biller Genie team,

Biller Genie automates invoice delivery and payment reminders from its Orlando headquarters.

As reminders generate customer replies such as invoice queries or payment confirmations, there may be scope for an AI agent to triage those messages, answer routine ones and include support volumes in a weekly internal report.

I am Jacobs Roland, an AI automation specialist who designs and builds OpenClaw-based AI agents. These agents work alongside existing accounting, ERP and billing systems to handle invoice tracking, payment follow-ups, reconciliation and financial reporting.

I would be grateful for a brief 20-minute conversation, at your convenience, to explore whether this could add value for Biller Genie.

If this is not relevant to you, please let me know and I will not contact you again.

Kind regards,

Jacobs Roland
AI Automation Specialist | OpenClaw AI Agent Development
Email: savelroly@gmail.com",,,
hello@growfin.ai,Growfin,United States,High,Receivables data mapping for Growfin implementations,"Dear Growfin team,

Growfin, operated by Sinecycle Technologies, builds AI-led AR collections software and publishes a comprehensive AR glossary, including dunning.

Since new customers often arrive with ERP exports that need mapping, there may be scope for an AI agent to map those fields, check for gaps and produce the first receivables reports to support your implementation team.

I am Jacobs Roland, an AI automation specialist. I build OpenClaw-based AI agents that operate alongside existing accounting, ERP and billing systems, covering invoice tracking, payment follow-ups, reconciliation and financial reporting.

I would be grateful for a brief 20-minute conversation, at your convenience, to explore whether this could add value for Growfin.

If this is not relevant to you, please let me know and I will not contact you again.

Kind regards,

Jacobs Roland
AI Automation Specialist | OpenClaw AI Agent Development
Email: savelroly@gmail.com",,,
sales@tratta.io,Tratta,United States,High,Tratta payment plans and recovery reporting,"Dear Tratta team,

Tratta combines a debt collection payment portal with communications software, keeping payments and messages in one place.

There may be scope for an AI agent to run email sequences, track payment plans, alert staff when an instalment is missed and produce recovery reports for each client portfolio.

My name is Jacobs Roland, and I am an AI automation specialist. I design OpenClaw-based AI agents that work with existing accounting, ERP and billing systems to support invoice tracking, payment follow-ups, reconciliation and financial reporting.

Would a short 20-minute call in the coming weeks be worthwhile to assess whether this could be useful for Tratta?

If this is not relevant to you, please let me know and I will not contact you again.

Kind regards,

Jacobs Roland
AI Automation Specialist | OpenClaw AI Agent Development
Email: savelroly@gmail.com",,,
sales@dealhub.io,DealHub,United States,High,Quote-to-invoice handoff checks for DealHub customers,"Dear DealHub team,

DealHub covers CPQ, contracts and subscription billing, and its glossary on dunning and credit memos is a useful reference.

Since details can be lost between a signed quote and the first invoice, there may be scope for an AI agent to check each handoff, manage payment follow-ups and alert account teams ahead of renewal billing.

I am Jacobs Roland, an AI automation specialist. I design and build OpenClaw-based AI agents that work alongside existing accounting, ERP and billing systems to handle invoice tracking, payment follow-ups, reconciliation and financial reporting.

Would a short 20-minute call in the coming weeks be worthwhile to assess whether this could be useful for DealHub?

If this is not relevant to you, please let me know and I will not contact you again.

Kind regards,

Jacobs Roland
AI Automation Specialist | OpenClaw AI Agent Development
Email: savelroly@gmail.com",,,
support@fastspring.com,FastSpring,United States,High,FastSpring B2B invoices and payout reports,"Dear FastSpring team,

FastSpring's developer documentation lists seller support and a dedicated address for B2B enquiries, reflecting the attention given to B2B invoicing.

As a merchant of record handling B2B invoices for many software companies, there may be scope for an AI agent to follow up on unpaid B2B invoices, alert sellers to subscription payment issues and compile payout reports.

I am Jacobs Roland, an AI automation specialist. I build OpenClaw-based AI agents that operate alongside existing accounting, ERP and billing systems, covering invoice tracking, payment follow-ups, reconciliation and financial reporting.

I would be grateful for a brief 20-minute conversation, at your convenience, to explore whether this could add value for FastSpring.

If this is not relevant to you, please let me know and I will not contact you again.

Kind regards,

Jacobs Roland
AI Automation Specialist | OpenClaw AI Agent Development
Email: savelroly@gmail.com",,,
sales@onebillsoftware.com,OneBill,United States,High,Billing run exceptions and partner commissions at OneBill,"Dear OneBill team,

OneBill recently released an ASC 606 and IFRS 15 revenue recognition module and operates from its Santa Clara headquarters.

For UCaaS and CCaaS providers, there may be scope for an AI agent to alert on billing-run exceptions, prepare partner commission reports and follow up on overdue accounts.

I am Jacobs Roland, an AI automation specialist. I build OpenClaw-based AI agents that operate alongside existing accounting, ERP and billing systems, covering invoice tracking, payment follow-ups, reconciliation and financial reporting.

If it would be helpful, I would welcome a brief 20-minute call at a time convenient to you to discuss whether this could suit OneBill.

If this is not relevant to you, please let me know and I will not contact you again.

Kind regards,

Jacobs Roland
AI Automation Specialist | OpenClaw AI Agent Development
Email: savelroly@gmail.com",,,
help@ordergroove.com,Ordergroove,United States,High,Renewal follow-ups for brands migrating to Ordergroove,"Dear Ordergroove team,

Ordergroove publishes a self-serve migration guide for brands moving from Recharge.

Once a brand completes its migration, there may be scope for an AI agent to follow up on failed renewal payments, alert the brand's team to order exceptions and send a weekly subscription revenue report.

I am Jacobs Roland, an AI automation specialist who designs and builds OpenClaw-based AI agents. These agents work alongside existing accounting, ERP and billing systems to handle invoice tracking, payment follow-ups, reconciliation and financial reporting.

I would be grateful for a brief 20-minute conversation, at your convenience, to explore whether this could add value for Ordergroove.

If this is not relevant to you, please let me know and I will not contact you again.

Kind regards,

Jacobs Roland
AI Automation Specialist | OpenClaw AI Agent Development
Email: savelroly@gmail.com",,,
hello@ordwaylabs.com,Ordway,United States,High,Weekly AR reporting for Ordway finance teams,"Dear Ordway team,

Ordway positions itself as a finance platform for innovative business models, covering billing, invoicing, revenue recognition and receivables.

As finance teams on Ordway still look up invoices, follow up on receivables and compile weekly figures, there may be scope for an AI agent to handle invoice lookups, send overdue reminders and assemble that report directly from Ordway data.

I am Jacobs Roland, an AI automation specialist. I design and build OpenClaw-based AI agents that work alongside existing accounting, ERP and billing systems to handle invoice tracking, payment follow-ups, reconciliation and financial reporting.

Would you be open to a brief 20-minute call in the coming weeks to explore whether this could be useful for Ordway?

If this is not relevant to you, please let me know and I will not contact you again.

Kind regards,

Jacobs Roland
AI Automation Specialist | OpenClaw AI Agent Development
Email: savelroly@gmail.com",,,
team@paywhirl.com,PayWhirl,United States,High,Failed charge follow-ups for PayWhirl merchants,"Dear PayWhirl team,

PayWhirl's documentation on email template variables for subscription notifications is detailed and practical.

For stores selling subscriptions, there may be scope for an AI agent to follow up on failed charges, alert merchants when cancellations increase and reconcile payouts against subscription orders each week.

My name is Jacobs Roland, and I am an AI automation specialist. I design OpenClaw-based AI agents that work with existing accounting, ERP and billing systems to support invoice tracking, payment follow-ups, reconciliation and financial reporting.

If it would be helpful, I would welcome a brief 20-minute call at a time convenient to you to discuss whether this could suit PayWhirl.

If this is not relevant to you, please let me know and I will not contact you again.

Kind regards,

Jacobs Roland
AI Automation Specialist | OpenClaw AI Agent Development
Email: savelroly@gmail.com",,,
support@smartrr.com,Smartrr,United States,High,Missed payment handling for Smartrr merchants,"Dear Smartrr team,

Smartrr combines subscriptions and loyalty for Shopify brands, with its help documentation directing unresolved questions to the support team.

Since a missed payment affects both the renewal and the member's loyalty status, there may be scope for an AI agent to flag billing exceptions, manage payment retry follow-ups and send merchants a weekly revenue summary.

I am Jacobs Roland, an AI automation specialist. I build OpenClaw-based AI agents that operate alongside existing accounting, ERP and billing systems, covering invoice tracking, payment follow-ups, reconciliation and financial reporting.

I would be grateful for a brief 20-minute conversation, at your convenience, to explore whether this could add value for Smartrr.

If this is not relevant to you, please let me know and I will not contact you again.

Kind regards,

Jacobs Roland
AI Automation Specialist | OpenClaw AI Agent Development
Email: savelroly@gmail.com",,,
info@stay.ai,Stay AI,United States,High,Failed renewal follow-ups for Stay AI brands,"Dear Stay AI team,

Stay AI provides subscription management and retention for Shopify brands.

As retention depends on responding quickly when a renewal payment fails, there may be scope for an AI agent to identify those failures, send a courteous follow-up and include the outcomes in a weekly subscriber revenue and churn report.

My name is Jacobs Roland, and I am an AI automation specialist. I design OpenClaw-based AI agents that work with existing accounting, ERP and billing systems to support invoice tracking, payment follow-ups, reconciliation and financial reporting.

Would you be open to a brief 20-minute call in the coming weeks to explore whether this could be useful for Stay AI?

If this is not relevant to you, please let me know and I will not contact you again.

Kind regards,

Jacobs Roland
AI Automation Specialist | OpenClaw AI Agent Development
Email: savelroly@gmail.com",,,
sales@sticky.io,sticky.io,United States,High,Rebill decline and chargeback tracking for sticky.io,"Dear sticky.io team,

I read sticky.io's About Us page, which describes its subscription billing and payment orchestration for ecommerce.

With payments orchestrated across processors, there may be scope for an AI agent to consolidate failed rebills and chargebacks, follow up on those requiring a merchant response and send a revenue report that highlights changes in decline rates.

I am Jacobs Roland, an AI automation specialist who designs and builds OpenClaw-based AI agents. These agents work alongside existing accounting, ERP and billing systems to handle invoice tracking, payment follow-ups, reconciliation and financial reporting.

Would you be willing to have a short 20-minute conversation in the coming weeks to consider whether this might be of value to sticky.io?

If this is not relevant to you, please let me know and I will not contact you again.

Kind regards,

Jacobs Roland
AI Automation Specialist | OpenClaw AI Agent Development
Email: savelroly@gmail.com",,,
sales@bill4time.com,Bill4Time,United States,High,Client portal invoice follow-ups for Bill4Time firms,"Dear Bill4Time team,

Bill4Time offers a client portal through which firms invite clients to view and pay invoices.

With invoices available through the portal, there may be scope for an AI agent to follow up on overdue client invoices, alert firms to trust balance changes and prepare WIP reports.

I am Jacobs Roland, an AI automation specialist. I build OpenClaw-based AI agents that operate alongside existing accounting, ERP and billing systems, covering invoice tracking, payment follow-ups, reconciliation and financial reporting.

Would you be willing to have a short 20-minute conversation in the coming weeks to consider whether this might be of value to Bill4Time?

If this is not relevant to you, please let me know and I will not contact you again.

Kind regards,

Jacobs Roland
AI Automation Specialist | OpenClaw AI Agent Development
Email: savelroly@gmail.com",,,
info@buildops.com,BuildOps,United States,High,Faster payment follow-ups for BuildOps contractors,"Dear BuildOps team,

BuildOps published a guide to field service invoicing focused on getting paid quickly.

For commercial contractors, there may be scope for an AI agent to follow up on invoices and track submissions to customer AP portals.

I am Jacobs Roland, an AI automation specialist. I design and build OpenClaw-based AI agents that work alongside existing accounting, ERP and billing systems to handle invoice tracking, payment follow-ups, reconciliation and financial reporting.

Would a short 20-minute call in the coming weeks be worthwhile to assess whether this could be useful for BuildOps?

If this is not relevant to you, please let me know and I will not contact you again.

Kind regards,

Jacobs Roland
AI Automation Specialist | OpenClaw AI Agent Development
Email: savelroly@gmail.com",,,
support@canopytax.com,Canopy,United States,High,Engagement billing follow-ups for Canopy firms,"Dear Canopy team,

Canopy recently introduced an AI-powered Smart Intake capability within its practice management platform.

For accounting firms using Canopy's billing and payments, there may be scope for an AI agent to follow up on engagement billing and send client payment reminders.

I am Jacobs Roland, an AI automation specialist. I build OpenClaw-based AI agents that operate alongside existing accounting, ERP and billing systems, covering invoice tracking, payment follow-ups, reconciliation and financial reporting.

I would be grateful for a brief 20-minute conversation, at your convenience, to explore whether this could add value for Canopy.

If this is not relevant to you, please let me know and I will not contact you again.

Kind regards,

Jacobs Roland
AI Automation Specialist | OpenClaw AI Agent Development
Email: savelroly@gmail.com",,,
info@clearstory.build,Clearstory,United States,High,Billing approved change orders for Clearstory users,"Dear Clearstory team,

Clearstory focuses on change order and T&M tag management between subcontractors and general contractors.

As approved change orders need to reach billing promptly, there may be scope for an AI agent to track approved changes into invoices and flag unbilled T&M tags.

My name is Jacobs Roland, and I am an AI automation specialist. I design OpenClaw-based AI agents that work with existing accounting, ERP and billing systems to support invoice tracking, payment follow-ups, reconciliation and financial reporting.

I would be grateful for a brief 20-minute conversation, at your convenience, to explore whether this could add value for Clearstory.

If this is not relevant to you, please let me know and I will not contact you again.

Kind regards,

Jacobs Roland
AI Automation Specialist | OpenClaw AI Agent Development
Email: savelroly@gmail.com",,,
support@cosmolex.com,CosmoLex,United States,High,Trust reconciliation checks for CosmoLex firms,"Dear CosmoLex team,

CosmoLex combines legal billing with built-in trust accounting.

For law firms on CosmoLex, there may be scope for an AI agent to support three-way trust reconciliation checks and send reminders on overdue fees.

I am Jacobs Roland, an AI automation specialist. I design and build OpenClaw-based AI agents that work alongside existing accounting, ERP and billing systems to handle invoice tracking, payment follow-ups, reconciliation and financial reporting.

Would you be willing to have a short 20-minute conversation in the coming weeks to consider whether this might be of value to CosmoLex?

If this is not relevant to you, please let me know and I will not contact you again.

Kind regards,

Jacobs Roland
AI Automation Specialist | OpenClaw AI Agent Development
Email: savelroly@gmail.com",,,
sales@docsumo.com,Docsumo,United States,High,Post-extraction invoice workflows for Docsumo customers,"Dear Docsumo team,

Docsumo provides document AI for extracting data from invoices and other financial documents.

As extraction is the first step, there may be scope for an AI agent to validate extracted invoice fields, route exceptions to the right reviewer and post clean records to the accounting system.

I am Jacobs Roland, an AI automation specialist. I build OpenClaw-based AI agents that operate alongside existing accounting, ERP and billing systems, covering invoice tracking, payment follow-ups, reconciliation and financial reporting.

If it would be helpful, I would welcome a brief 20-minute call at a time convenient to you to discuss whether this could suit Docsumo.

If this is not relevant to you, please let me know and I will not contact you again.

Kind regards,

Jacobs Roland
AI Automation Specialist | OpenClaw AI Agent Development
Email: savelroly@gmail.com",,,
support@housecallpro.com,Housecall Pro,United States,High,Unpaid job invoice follow-ups for Housecall Pro users,"Dear Housecall Pro team,

Housecall Pro's help centre documents invoice delivery by email and SMS for home service professionals.

Once invoices are delivered, there may be scope for an AI agent to follow up on unpaid home service invoices, send payment status alerts and prepare weekly receivables summaries for contractors.

I am Jacobs Roland, an AI automation specialist. I design and build OpenClaw-based AI agents that work alongside existing accounting, ERP and billing systems to handle invoice tracking, payment follow-ups, reconciliation and financial reporting.

Would a short 20-minute call in the coming weeks be worthwhile to assess whether this could be useful for Housecall Pro?

If this is not relevant to you, please let me know and I will not contact you again.

Kind regards,

Jacobs Roland
AI Automation Specialist | OpenClaw AI Agent Development
Email: savelroly@gmail.com",,,
support@innago.com,Innago,United States,High,Late rent reminders for Innago landlords,"Dear Innago team,

Innago became the new rent portal for tenants who previously used the Payload rent portal.

For landlords collecting rent online through Innago, there may be scope for an AI agent to send late rent reminders and prepare rent payment status summaries.

I am Jacobs Roland, an AI automation specialist. I build OpenClaw-based AI agents that operate alongside existing accounting, ERP and billing systems, covering invoice tracking, payment follow-ups, reconciliation and financial reporting.

I would be grateful for a brief 20-minute conversation, at your convenience, to explore whether this could add value for Innago.

If this is not relevant to you, please let me know and I will not contact you again.

Kind regards,

Jacobs Roland
AI Automation Specialist | OpenClaw AI Agent Development
Email: savelroly@gmail.com",,,
support@jobnimbus.com,JobNimbus,United States,High,Claim invoicing and receivables aging for JobNimbus users,"Dear JobNimbus team,

JobNimbus supports integrations including EagleView, QXO and Zapier within its contractor CRM.

For roofing contractors invoicing insurance claim jobs, there may be scope for an AI agent to follow up on claim invoices, track supplements and send receivables aging summaries.

My name is Jacobs Roland, and I am an AI automation specialist. I design OpenClaw-based AI agents that work with existing accounting, ERP and billing systems to support invoice tracking, payment follow-ups, reconciliation and financial reporting.

Would you be open to a brief 20-minute call in the coming weeks to explore whether this could be useful for JobNimbus?

If this is not relevant to you, please let me know and I will not contact you again.

Kind regards,

Jacobs Roland
AI Automation Specialist | OpenClaw AI Agent Development
Email: savelroly@gmail.com",,,
info@jobtread.com,JobTread,United States,High,Budget versus billed alerts for JobTread builders,"Dear JobTread team,

JobTread announced an office relocation to Dallas to support its growth.

For builders managing budgets, invoices and payments in JobTread, there may be scope for an AI agent to follow up on customer invoices and alert when billing departs from budget.

I am Jacobs Roland, an AI automation specialist who designs and builds OpenClaw-based AI agents. These agents work alongside existing accounting, ERP and billing systems to handle invoice tracking, payment follow-ups, reconciliation and financial reporting.

Would you be willing to have a short 20-minute conversation in the coming weeks to consider whether this might be of value to JobTread?

If this is not relevant to you, please let me know and I will not contact you again.

Kind regards,

Jacobs Roland
AI Automation Specialist | OpenClaw AI Agent Development
Email: savelroly@gmail.com",,,
support@karbonhq.com,Karbon,United States,High,Invoice reminders from Karbon client timelines,"Dear Karbon team,

Karbon shares client email communication to client timelines within its practice management platform.

With client communication already on the timeline, there may be scope for an AI agent to send invoice reminders from those timelines and prepare WIP reports for accounting firms.

I am Jacobs Roland, an AI automation specialist. I design and build OpenClaw-based AI agents that work alongside existing accounting, ERP and billing systems to handle invoice tracking, payment follow-ups, reconciliation and financial reporting.

If it would be helpful, I would welcome a brief 20-minute call at a time convenient to you to discuss whether this could suit Karbon.

If this is not relevant to you, please let me know and I will not contact you again.

Kind regards,

Jacobs Roland
AI Automation Specialist | OpenClaw AI Agent Development
Email: savelroly@gmail.com",,,
support@knowify.com,Knowify,United States,High,Retainage and change order billing for Knowify,"Dear Knowify team,

Knowify supports AIA progress billing and e-signed proposals and change orders for contractors.

There may be scope for an AI agent to follow up on progress billing, track retainage and check that approved change orders are reflected in invoices.

My name is Jacobs Roland, and I am an AI automation specialist. I design OpenClaw-based AI agents that work with existing accounting, ERP and billing systems to support invoice tracking, payment follow-ups, reconciliation and financial reporting.

I would be grateful for a brief 20-minute conversation, at your convenience, to explore whether this could add value for Knowify.

If this is not relevant to you, please let me know and I will not contact you again.

Kind regards,

Jacobs Roland
AI Automation Specialist | OpenClaw AI Agent Development
Email: savelroly@gmail.com",,,
support@payhoa.com,PayHOA,United States,High,Dues reminders for HOA boards on PayHOA,"Dear PayHOA team,

PayHOA provides dues collection and HOA management, hosting owner portals for associations.

For volunteer boards, there may be scope for an AI agent to send dues reminders and prepare treasurer reports.

I am Jacobs Roland, an AI automation specialist who designs and builds OpenClaw-based AI agents. These agents work alongside existing accounting, ERP and billing systems to handle invoice tracking, payment follow-ups, reconciliation and financial reporting.

Would a short 20-minute call in the coming weeks be worthwhile to assess whether this could be useful for PayHOA?

If this is not relevant to you, please let me know and I will not contact you again.

Kind regards,

Jacobs Roland
AI Automation Specialist | OpenClaw AI Agent Development
Email: savelroly@gmail.com",,,
support@rentecdirect.com,Rentec Direct,United States,High,ACH rent reconciliation for Rentec Direct users,"Dear Rentec Direct team,

Rentec Direct provides property management with ACH rent payments and accounting, supported by free phone, email and online assistance.

There may be scope for an AI agent to reconcile ACH rent payments, follow up on late fees and prepare owner reports.

I am Jacobs Roland, an AI automation specialist. I design and build OpenClaw-based AI agents that work alongside existing accounting, ERP and billing systems to handle invoice tracking, payment follow-ups, reconciliation and financial reporting.

Would a short 20-minute call in the coming weeks be worthwhile to assess whether this could be useful for Rentec Direct?

If this is not relevant to you, please let me know and I will not contact you again.

Kind regards,

Jacobs Roland
AI Automation Specialist | OpenClaw AI Agent Development
Email: savelroly@gmail.com",,,
info@rentvine.com,Rentvine,United States,High,Trust account checks for Rentvine property managers,"Dear Rentvine team,

Rentvine provides property management accounting and rent collection, with dedicated support for property managers.

There may be scope for an AI agent to run trust account reconciliation checks, follow up on delinquencies and prepare owner reports.

My name is Jacobs Roland, and I am an AI automation specialist. I design OpenClaw-based AI agents that work with existing accounting, ERP and billing systems to support invoice tracking, payment follow-ups, reconciliation and financial reporting.

Would you be open to a brief 20-minute call in the coming weeks to explore whether this could be useful for Rentvine?

If this is not relevant to you, please let me know and I will not contact you again.

Kind regards,

Jacobs Roland
AI Automation Specialist | OpenClaw AI Agent Development
Email: savelroly@gmail.com",,,
support@servicetrade.com,ServiceTrade,United States,High,AP portal follow-ups for ServiceTrade contractors,"Dear ServiceTrade team,

ServiceTrade provides service and project management with invoicing for commercial contractors.

As commercial customers often process invoices through approval workflows and AP portals, there may be scope for an AI agent to follow up on invoice approvals and check portal status.

I am Jacobs Roland, an AI automation specialist who designs and builds OpenClaw-based AI agents. These agents work alongside existing accounting, ERP and billing systems to handle invoice tracking, payment follow-ups, reconciliation and financial reporting.

Would you be open to a brief 20-minute call in the coming weeks to explore whether this could be useful for ServiceTrade?

If this is not relevant to you, please let me know and I will not contact you again.

Kind regards,

Jacobs Roland
AI Automation Specialist | OpenClaw AI Agent Development
Email: savelroly@gmail.com",,,
support@siteline.com,Siteline,United States,High,Pay application follow-ups for Siteline subcontractors,"Dear Siteline team,

Siteline focuses on pay applications and receivables for trade contractors.

There may be scope for an AI agent to follow up on pay application status, track lien waivers and prepare weekly receivables reports.

My name is Jacobs Roland, and I am an AI automation specialist. I design OpenClaw-based AI agents that work with existing accounting, ERP and billing systems to support invoice tracking, payment follow-ups, reconciliation and financial reporting.

Would a short 20-minute call in the coming weeks be worthwhile to assess whether this could be useful for Siteline?

If this is not relevant to you, please let me know and I will not contact you again.

Kind regards,

Jacobs Roland
AI Automation Specialist | OpenClaw AI Agent Development
Email: savelroly@gmail.com",,,
sales@getskimmer.com,Skimmer,United States,High,Monthly route billing follow-ups for Skimmer pool businesses,"Dear Skimmer team,

Skimmer offers consumer financing powered by Sunbit for pool service businesses.

There may be scope for an AI agent to follow up on monthly pool route billing and alert businesses to failed autopay payments.

I am Jacobs Roland, an AI automation specialist who designs and builds OpenClaw-based AI agents. These agents work alongside existing accounting, ERP and billing systems to handle invoice tracking, payment follow-ups, reconciliation and financial reporting.

I would be grateful for a brief 20-minute conversation, at your convenience, to explore whether this could add value for Skimmer.

If this is not relevant to you, please let me know and I will not contact you again.

Kind regards,

Jacobs Roland
AI Automation Specialist | OpenClaw AI Agent Development
Email: savelroly@gmail.com",,,
support@square-9.com,Square 9 Softworks,United States,High,Capture exceptions and ERP checks for Square 9,"Dear Square 9 Softworks team,

Square 9 Softworks provides document management and AP invoice capture.

Since captured invoices that fail validation or await approval absorb AP time, there may be scope for an AI agent to flag exceptions, remind approvers and confirm approved invoices have reached the ERP.

My name is Jacobs Roland, and I am an AI automation specialist. I design OpenClaw-based AI agents that work with existing accounting, ERP and billing systems to support invoice tracking, payment follow-ups, reconciliation and financial reporting.

If it would be helpful, I would welcome a brief 20-minute call at a time convenient to you to discuss whether this could suit Square 9 Softworks.

If this is not relevant to you, please let me know and I will not contact you again.

Kind regards,

Jacobs Roland
AI Automation Specialist | OpenClaw AI Agent Development
Email: savelroly@gmail.com",,,
sales@sutisoft.com,SutiSoft,United States,High,PO mismatch alerts and approvals for SutiSoft,"Dear SutiSoft team,

SutiSoft offers SutiProcure, SutiExpense and spend management for AP and procurement.

Since spend management generates approvals and PO matching work, there may be scope for an AI agent to send approval reminders, raise PO mismatch alerts and deliver a weekly spend report.

I am Jacobs Roland, an AI automation specialist. I design and build OpenClaw-based AI agents that work alongside existing accounting, ERP and billing systems to handle invoice tracking, payment follow-ups, reconciliation and financial reporting.

I would be grateful for a brief 20-minute conversation, at your convenience, to explore whether this could add value for SutiSoft.

If this is not relevant to you, please let me know and I will not contact you again.

Kind regards,

Jacobs Roland
AI Automation Specialist | OpenClaw AI Agent Development
Email: savelroly@gmail.com",,,
support@tenantcloud.com,TenantCloud,United States,High,Late rent reminders for TenantCloud landlords,"Dear TenantCloud team,

TenantCloud hosts public landlord sites within its property management platform.

For landlords using TenantCloud's online rent payments, there may be scope for an AI agent to send late rent reminders, prepare owner statements and reconcile payments.

I am Jacobs Roland, an AI automation specialist who designs and builds OpenClaw-based AI agents. These agents work alongside existing accounting, ERP and billing systems to handle invoice tracking, payment follow-ups, reconciliation and financial reporting.

If it would be helpful, I would welcome a brief 20-minute call at a time convenient to you to discuss whether this could suit TenantCloud.

If this is not relevant to you, please let me know and I will not contact you again.

Kind regards,

Jacobs Roland
AI Automation Specialist | OpenClaw AI Agent Development
Email: savelroly@gmail.com",,,
support@timesolv.com,TimeSolv,United States,High,Pre-bill review reminders for TimeSolv users,"Dear TimeSolv team,

TimeSolv provides time tracking and billing for law firms and professionals.

There may be scope for an AI agent to send pre-bill review reminders, follow up on payments and prepare realisation reports.

I am Jacobs Roland, an AI automation specialist. I design and build OpenClaw-based AI agents that work alongside existing accounting, ERP and billing systems to handle invoice tracking, payment follow-ups, reconciliation and financial reporting.

Would a short 20-minute call in the coming weeks be worthwhile to assess whether this could be useful for TimeSolv?

If this is not relevant to you, please let me know and I will not contact you again.

Kind regards,

Jacobs Roland
AI Automation Specialist | OpenClaw AI Agent Development
Email: savelroly@gmail.com",,,
info@vantaca.com,Vantaca,United States,High,HOA assessment delinquency follow-ups at Vantaca,"Dear Vantaca team,

Vantaca documents homeowner contact and vendor setup in its support centre for HOA management.

There may be scope for an AI agent to follow up on assessment delinquencies and send reminders on pending vendor invoice approvals.

I am Jacobs Roland, an AI automation specialist. I design and build OpenClaw-based AI agents that work alongside existing accounting, ERP and billing systems to handle invoice tracking, payment follow-ups, reconciliation and financial reporting.

If it would be helpful, I would welcome a brief 20-minute call at a time convenient to you to discuss whether this could suit Vantaca.

If this is not relevant to you, please let me know and I will not contact you again.

Kind regards,

Jacobs Roland
AI Automation Specialist | OpenClaw AI Agent Development
Email: savelroly@gmail.com",,,
support@transcepta.com,Transcepta,United States,High,Supplier registration follow-ups on Transcepta,"Dear Transcepta team,

Transcepta operates an e-invoicing network and supplier portal for AP teams.

As suppliers who do not complete registration can delay AP processing, there may be scope for an AI agent to follow up with them, alert on rejected invoices and send AP processing reports.

My name is Jacobs Roland, and I am an AI automation specialist. I design OpenClaw-based AI agents that work with existing accounting, ERP and billing systems to support invoice tracking, payment follow-ups, reconciliation and financial reporting.

Would you be willing to have a short 20-minute conversation in the coming weeks to consider whether this might be of value to Transcepta?

If this is not relevant to you, please let me know and I will not contact you again.

Kind regards,

Jacobs Roland
AI Automation Specialist | OpenClaw AI Agent Development
Email: savelroly@gmail.com",,,
contact@invoiceninja.com,Invoice Ninja,United States,High,Payment follow-ups for Invoice Ninja users,"Dear Invoice Ninja team,

Invoice Ninja provides an open-source platform for invoicing, quotes and payments.

There may be scope for an AI agent to track invoice status, send payment follow-ups and generate client account reports for businesses using Invoice Ninja.

I am Jacobs Roland, an AI automation specialist who designs and builds OpenClaw-based AI agents. These agents work alongside existing accounting, ERP and billing systems to handle invoice tracking, payment follow-ups, reconciliation and financial reporting.

I would be grateful for a brief 20-minute conversation, at your convenience, to explore whether this could add value for Invoice Ninja.

If this is not relevant to you, please let me know and I will not contact you again.

Kind regards,

Jacobs Roland
AI Automation Specialist | OpenClaw AI Agent Development
Email: savelroly@gmail.com",,,
support@invoiceasap.com,InvoiceASAP,United States,High,Field job payment follow-ups for InvoiceASAP users,"Dear InvoiceASAP team,

InvoiceASAP provides mobile and web invoicing for field and small businesses.

As field businesses often invoice from the job site, there may be scope for an AI agent to follow up after each job, send payment alerts and check QuickBooks sync.

I am Jacobs Roland, an AI automation specialist. I design and build OpenClaw-based AI agents that work alongside existing accounting, ERP and billing systems to handle invoice tracking, payment follow-ups, reconciliation and financial reporting.

Would you be open to a brief 20-minute call in the coming weeks to explore whether this could be useful for InvoiceASAP?

If this is not relevant to you, please let me know and I will not contact you again.

Kind regards,

Jacobs Roland
AI Automation Specialist | OpenClaw AI Agent Development
Email: savelroly@gmail.com",,,
support@invoicely.com,invoicely,United States,High,Weekly receivables summaries for invoicely users,"Dear invoicely team,

invoicely provides online invoicing and billing software for small businesses.

There may be scope for an AI agent to send overdue reminders, track payment status and email a weekly receivables summary to each business owner.

I am Jacobs Roland, an AI automation specialist. I build OpenClaw-based AI agents that operate alongside existing accounting, ERP and billing systems, covering invoice tracking, payment follow-ups, reconciliation and financial reporting.

Would you be willing to have a short 20-minute conversation in the coming weeks to consider whether this might be of value to invoicely?

If this is not relevant to you, please let me know and I will not contact you again.

Kind regards,

Jacobs Roland
AI Automation Specialist | OpenClaw AI Agent Development
Email: savelroly@gmail.com",,,
help@zipbooks.com,ZipBooks,United States,High,Invoice reminders and monthly P&L for ZipBooks users,"Dear ZipBooks team,

ZipBooks offers free accounting and invoicing software with email templates, supported by live chat and email during office hours.

There may be scope for an AI agent to send invoice reminders, run bank reconciliation checks and prepare monthly P&L summaries for small businesses.

I am Jacobs Roland, an AI automation specialist who designs and builds OpenClaw-based AI agents. These agents work alongside existing accounting, ERP and billing systems to handle invoice tracking, payment follow-ups, reconciliation and financial reporting.

Would a short 20-minute call in the coming weeks be worthwhile to assess whether this could be useful for ZipBooks?

If this is not relevant to you, please let me know and I will not contact you again.

Kind regards,

Jacobs Roland
AI Automation Specialist | OpenClaw AI Agent Development
Email: savelroly@gmail.com",,,
support@epaypolicy.com,ePayPolicy,United States,High,Premium invoice reminders for ePayPolicy agencies,"Dear ePayPolicy team,

ePayPolicy provides payment collection and AMS integration for insurance agencies and aims to resolve support requests within 24 hours.

There may be scope for an AI agent to send premium invoice reminders, check payment sync with the AMS and produce agency payment reports.

I am Jacobs Roland, an AI automation specialist who designs and builds OpenClaw-based AI agents. These agents work alongside existing accounting, ERP and billing systems to handle invoice tracking, payment follow-ups, reconciliation and financial reporting.

Would a short 20-minute call in the coming weeks be worthwhile to assess whether this could be useful for ePayPolicy?

If this is not relevant to you, please let me know and I will not contact you again.

Kind regards,

Jacobs Roland
AI Automation Specialist | OpenClaw AI Agent Development
Email: savelroly@gmail.com",,,
sales@fortispay.com,Fortis,United States,High,NetSuite payment reconciliation for Fortis customers,"Dear Fortis team,

Fortis acquired MerchantE's NetSuite division, continuing a 20-year legacy in integrated payments.

For NetSuite customers taking payments through Fortis, there may be scope for an AI agent to reconcile invoice payments, follow up on open receivables and prepare settlement reports.

I am Jacobs Roland, an AI automation specialist. I design and build OpenClaw-based AI agents that work alongside existing accounting, ERP and billing systems to handle invoice tracking, payment follow-ups, reconciliation and financial reporting.

Would a short 20-minute call in the coming weeks be worthwhile to assess whether this could be useful for Fortis?

If this is not relevant to you, please let me know and I will not contact you again.

Kind regards,

Jacobs Roland
AI Automation Specialist | OpenClaw AI Agent Development
Email: savelroly@gmail.com",,,
support@gcpay.com,GCPay,United States,High,Pay application reminders for GCPay contractors,"Dear GCPay team,

I noted that GCPay's resource centre covers payment setup for tier contractors and suppliers.

In that context, there may be scope to use an AI agent to send pay application reminders to tier contractors and prepare lien waiver status reports.

My name is Jacobs Roland and I am an AI automation specialist. I build OpenClaw-based AI agents that sit alongside existing accounting, ERP and billing systems and take on invoice tracking, payment follow-ups, reconciliation and financial reporting.

Would you be open to a brief 20-minute call in the coming weeks to explore whether this could be useful for GCPay?

If this is not relevant to you, please let me know and I will not contact you again.

Kind regards,

Jacobs Roland
AI Automation Specialist | OpenClaw AI Agent Development
Email: savelroly@gmail.com",,,
info@headnote.com,Headnote,United States,High,Legal invoice follow-ups for Headnote law firms,"Dear Headnote team,

I noted that Headnote focuses on payments and receivables for law firms.

With that in mind, there may be scope for an AI agent to follow up on overdue legal invoices and support payment reconciliation, working within the tools your team already uses.

I am Jacobs Roland, an AI automation specialist, and I design and build OpenClaw-based AI agents that operate alongside existing accounting, ERP and billing systems, covering invoice tracking, payment follow-ups, reconciliation and financial reporting.

Would you be willing to have a short 20-minute conversation in the coming weeks to consider whether this might be of value to Headnote?

If this is not relevant to you, please let me know and I will not contact you again.

Kind regards,

Jacobs Roland
AI Automation Specialist | OpenClaw AI Agent Development
Email: savelroly@gmail.com",,,
care@paysimple.com,PaySimple,United States,High,Recurring payment follow-ups for PaySimple,"Dear PaySimple team,

I noted that PaySimple provides invoicing, recurring billing and payment processing for service businesses, with separate support and sales contacts.

There may be scope for an AI agent to follow up on failed recurring payments, track invoice status and reconcile daily deposits, giving your team more time for higher-value work.

My name is Jacobs Roland and I am an AI automation specialist. I build OpenClaw-based AI agents that sit alongside existing accounting, ERP and billing systems and take on invoice tracking, payment follow-ups, reconciliation and financial reporting.

Would you be willing to have a short 20-minute conversation in the coming weeks to consider whether this might be of value to PaySimple?

If this is not relevant to you, please let me know and I will not contact you again.

Kind regards,

Jacobs Roland
AI Automation Specialist | OpenClaw AI Agent Development
Email: savelroly@gmail.com",,,
hello@northernaccountants.co.uk,Northern Accountants,United Kingdom,High,Credit control reporting beyond Chaser reminders,"Dear Graeme,

I noted that Northern Accountants offers Xero-integrated credit control using Chaser, alongside an outsourced accounts team, bookkeeping, payroll and VAT.

I believe there may be scope for an AI agent to prepare credit control reports, handle exceptions beyond the Chaser reminders and produce client-ready AR summaries from Xero, while your existing processes remain in place.

My name is Jacobs Roland and I am an AI automation specialist. I build OpenClaw-based AI agents that sit alongside existing accounting, ERP and billing systems and take on invoice tracking, payment follow-ups, reconciliation and financial reporting.

Might you have 20 minutes in the coming weeks for a short call to assess whether this would be useful for Northern Accountants?

If this is not relevant to you, please let me know and I will not contact you again.

Kind regards,

Jacobs Roland
AI Automation Specialist | OpenClaw AI Agent Development
Email: savelroly@gmail.com",,,
info@percipient.co.uk,Percipient,United Kingdom,High,Sage Intacct collections for Percipient clients,"Dear Percipient team,

I noted that Percipient is a Sage Intacct partner in Northwich, with success stories including TROO Hospitality and Hastings Hotels.

There may be scope for an AI agent to handle Sage Intacct collections and reporting for Percipient clients, giving your team more time for higher-value work.

I am Jacobs Roland, an AI automation specialist. I design and build OpenClaw-based AI agents that work alongside existing accounting, ERP and billing systems to handle invoice tracking, payment follow-ups, reconciliation and financial reporting.

Might you have 20 minutes in the coming weeks for a short call to assess whether this would be useful for Percipient?

If this is not relevant to you, please let me know and I will not contact you again.

Kind regards,

Jacobs Roland
AI Automation Specialist | OpenClaw AI Agent Development
Email: savelroly@gmail.com",,,
info@versich.com,Versich,United Kingdom,High,NetSuite collections within Versich AI services,"Dear Versich team,

I noted that Versich offers NetSuite ERP consulting and AI solutions, including its chat assistant, Vers.

In that context, there may be scope to use an AI agent to handle NetSuite collections, reminders and reporting as part of your AI services.

I am Jacobs Roland, an AI automation specialist. I design and build OpenClaw-based AI agents that work alongside existing accounting, ERP and billing systems to handle invoice tracking, payment follow-ups, reconciliation and financial reporting.

If it would be helpful, I would welcome a brief 20-minute call at a convenient time to discuss whether this could suit Versich.

If this is not relevant to you, please let me know and I will not contact you again.

Kind regards,

Jacobs Roland
AI Automation Specialist | OpenClaw AI Agent Development
Email: savelroly@gmail.com",,,
enquiries@babr.co.uk,BABR,United Kingdom,High,Promise-to-pay logging for BABR collections,"Dear BABR team,

I noted that BABR provides credit control services and business debt recovery.

I believe there may be scope for an AI agent to monitor aged debt, run reminder sequences, log promises to pay and prepare per-client collection reports around your case system, while your existing processes remain in place.

I am Jacobs Roland, an AI automation specialist, and I design and build OpenClaw-based AI agents that operate alongside existing accounting, ERP and billing systems, covering invoice tracking, payment follow-ups, reconciliation and financial reporting.

If it would be helpful, I would welcome a brief 20-minute call at a convenient time to discuss whether this could suit BABR.

If this is not relevant to you, please let me know and I will not contact you again.

Kind regards,

Jacobs Roland
AI Automation Specialist | OpenClaw AI Agent Development
Email: savelroly@gmail.com",,,
contact@cmgroupuk.com,Credit Management Group UK,United Kingdom,High,Per-client collection reports for Credit Management Group,"Dear Credit Management Group UK team,

I noted that Credit Management Group UK provides outsourced credit control and collections.

In that context, there may be scope to use an AI agent to monitor aged debt, run reminder sequences, log promises to pay and prepare per-client collection reports around your case system.

I am Jacobs Roland, an AI automation specialist, and I design and build OpenClaw-based AI agents that operate alongside existing accounting, ERP and billing systems, covering invoice tracking, payment follow-ups, reconciliation and financial reporting.

Might you have 20 minutes in the coming weeks for a short call to assess whether this would be useful for Credit Management Group UK?

If this is not relevant to you, please let me know and I will not contact you again.

Kind regards,

Jacobs Roland
AI Automation Specialist | OpenClaw AI Agent Development
Email: savelroly@gmail.com",,,
crs@creditstyle.co.uk,Credit Style,United Kingdom,High,Reminder sequences for Credit Style collections,"Dear Credit Style team,

I noted that Credit Style contacts debtors by phone, letter and email to negotiate payment.

I believe there may be scope for an AI agent to monitor aged debt, run reminder sequences, log promises to pay and prepare per-client collection reports around your case system, while your existing processes remain in place.

My name is Jacobs Roland and I am an AI automation specialist. I build OpenClaw-based AI agents that sit alongside existing accounting, ERP and billing systems and take on invoice tracking, payment follow-ups, reconciliation and financial reporting.

Might you have 20 minutes in the coming weeks for a short call to assess whether this would be useful for Credit Style?

If this is not relevant to you, please let me know and I will not contact you again.

Kind regards,

Jacobs Roland
AI Automation Specialist | OpenClaw AI Agent Development
Email: savelroly@gmail.com",,,
enquiries@frontline-collections.com,Frontline Collections,United Kingdom,High,First-stage reminders for Frontline Collections,"Dear Frontline Collections team,

I noted that Frontline Collections provides credit control and B2B collections outsourcing from Lancashire.

I believe there may be scope for an AI agent to send first-stage overdue reminders, update debtor status and prepare daily collection reports so specialists can focus on difficult accounts, while your existing processes remain in place.

I am Jacobs Roland, an AI automation specialist. I design and build OpenClaw-based AI agents that work alongside existing accounting, ERP and billing systems to handle invoice tracking, payment follow-ups, reconciliation and financial reporting.

Would you be willing to have a short 20-minute conversation in the coming weeks to consider whether this might be of value to Frontline Collections?

If this is not relevant to you, please let me know and I will not contact you again.

Kind regards,

Jacobs Roland
AI Automation Specialist | OpenClaw AI Agent Development
Email: savelroly@gmail.com",,,
info@hiltonbairdgroup.co.uk,Hilton-Baird Group,United Kingdom,High,Weekly recovery reports for Hilton-Baird Collection Services,"Dear Hilton-Baird Group team,

I noted that Hilton-Baird Group reached its 20-year milestone and was acquired by FRP.

With that in mind, there may be scope for an AI agent to send first-stage debtor reminders, update clients on case status and prepare weekly recovery reports, working within the tools your team already uses.

I am Jacobs Roland, an AI automation specialist, and I design and build OpenClaw-based AI agents that operate alongside existing accounting, ERP and billing systems, covering invoice tracking, payment follow-ups, reconciliation and financial reporting.

Would you be willing to have a short 20-minute conversation in the coming weeks to consider whether this might be of value to Hilton-Baird Group?

If this is not relevant to you, please let me know and I will not contact you again.

Kind regards,

Jacobs Roland
AI Automation Specialist | OpenClaw AI Agent Development
Email: savelroly@gmail.com",,,
info@jacksonscrs.co.uk,Jacksons Credit Recovery Services,United Kingdom,High,Aged-debt monitoring for Jacksons Credit Recovery,"Dear Jacksons Credit Recovery Services team,

I noted that Jacksons Credit Recovery Services provides outsourced credit control and credit recovery.

There may be scope for an AI agent to monitor aged debt, run reminder sequences, log promises to pay and prepare per-client collection reports around your case system, giving your team more time for higher-value work.

My name is Jacobs Roland and I am an AI automation specialist. I build OpenClaw-based AI agents that sit alongside existing accounting, ERP and billing systems and take on invoice tracking, payment follow-ups, reconciliation and financial reporting.

Would you be willing to have a short 20-minute conversation in the coming weeks to consider whether this might be of value to Jacksons Credit Recovery Services?

If this is not relevant to you, please let me know and I will not contact you again.

Kind regards,

Jacobs Roland
AI Automation Specialist | OpenClaw AI Agent Development
Email: savelroly@gmail.com",,,
enquiries@legalaccountsltd.co.uk,Legal Accounts Ltd,United Kingdom,High,Collection reporting for Legal Accounts clients,"Dear Legal Accounts Ltd team,

I noted that Legal Accounts Ltd provides outsourced credit control from offices including Solihull, Ashington, Chesterfield and Whitley Bay.

In that context, there may be scope to use an AI agent to monitor aged debt, run reminder sequences, log promises to pay and prepare per-client collection reports around your case system.

I am Jacobs Roland, an AI automation specialist. I design and build OpenClaw-based AI agents that work alongside existing accounting, ERP and billing systems to handle invoice tracking, payment follow-ups, reconciliation and financial reporting.

If it would be helpful, I would welcome a brief 20-minute call at a convenient time to discuss whether this could suit Legal Accounts Ltd.

If this is not relevant to you, please let me know and I will not contact you again.

Kind regards,

Jacobs Roland
AI Automation Specialist | OpenClaw AI Agent Development
Email: savelroly@gmail.com",,,
info@npdandco.com,NPD & Co,United Kingdom,High,Reminder sequences for NPD & Co clients,"Dear NPD & Co team,

I noted that NPD & Co provides credit control outsourcing services.

With that in mind, there may be scope for an AI agent to monitor aged debt, run reminder sequences, log promises to pay and prepare per-client collection reports around your case system, working within the tools your team already uses.

My name is Jacobs Roland and I am an AI automation specialist. I build OpenClaw-based AI agents that sit alongside existing accounting, ERP and billing systems and take on invoice tracking, payment follow-ups, reconciliation and financial reporting.

If it would be helpful, I would welcome a brief 20-minute call at a convenient time to discuss whether this could suit NPD & Co.

If this is not relevant to you, please let me know and I will not contact you again.

Kind regards,

Jacobs Roland
AI Automation Specialist | OpenClaw AI Agent Development
Email: savelroly@gmail.com",,,
business@rsvp.co.uk,RSVP,United Kingdom,High,Promise-to-pay tracking for RSVP credit control,"Dear RSVP team,

I noted that RSVP provides outsourced credit control services.

I believe there may be scope for an AI agent to monitor aged debt, run reminder sequences, log promises to pay and prepare per-client collection reports around your case system, while your existing processes remain in place.

My name is Jacobs Roland and I am an AI automation specialist. I build OpenClaw-based AI agents that sit alongside existing accounting, ERP and billing systems and take on invoice tracking, payment follow-ups, reconciliation and financial reporting.

Might you have 20 minutes in the coming weeks for a short call to assess whether this would be useful for RSVP?

If this is not relevant to you, please let me know and I will not contact you again.

Kind regards,

Jacobs Roland
AI Automation Specialist | OpenClaw AI Agent Development
Email: savelroly@gmail.com",,,
info@safe-collections.com,Safe Collections,United Kingdom,High,Collection reporting for Safe Collections clients,"Dear Safe Collections team,

I noted that Safe Collections provides outsourced credit control and debt collection.

With that in mind, there may be scope for an AI agent to monitor aged debt, run reminder sequences, log promises to pay and prepare per-client collection reports around your case system, working within the tools your team already uses.

I am Jacobs Roland, an AI automation specialist. I design and build OpenClaw-based AI agents that work alongside existing accounting, ERP and billing systems to handle invoice tracking, payment follow-ups, reconciliation and financial reporting.

Would you be open to a brief 20-minute call in the coming weeks to explore whether this could be useful for Safe Collections?

If this is not relevant to you, please let me know and I will not contact you again.

Kind regards,

Jacobs Roland
AI Automation Specialist | OpenClaw AI Agent Development
Email: savelroly@gmail.com",,,
info@splcreditservices.co.uk,SPL Credit Services,United Kingdom,High,Aged-debt monitoring for SPL Credit Services,"Dear SPL Credit Services team,

I noted that SPL Credit Services provides outsourced credit control.

There may be scope for an AI agent to monitor aged debt, run reminder sequences, log promises to pay and prepare per-client collection reports around your case system, giving your team more time for higher-value work.

I am Jacobs Roland, an AI automation specialist, and I design and build OpenClaw-based AI agents that operate alongside existing accounting, ERP and billing systems, covering invoice tracking, payment follow-ups, reconciliation and financial reporting.

Would you be open to a brief 20-minute call in the coming weeks to explore whether this could be useful for SPL Credit Services?

If this is not relevant to you, please let me know and I will not contact you again.

Kind regards,

Jacobs Roland
AI Automation Specialist | OpenClaw AI Agent Development
Email: savelroly@gmail.com",,,
info@zmartly.co.uk,Zmartly,United Kingdom,High,Statutory late-payment interest calculations for Zmartly,"Dear Zmartly team,

I noted that Zmartly's credit control service covers statement runs, reminder sequences, statutory late-payment interest and pre-legal escalation from £250 per month.

There may be scope for an AI agent to handle statement runs, reminder sequences and statutory late-payment interest calculations, giving your team more time for higher-value work.

My name is Jacobs Roland and I am an AI automation specialist. I build OpenClaw-based AI agents that sit alongside existing accounting, ERP and billing systems and take on invoice tracking, payment follow-ups, reconciliation and financial reporting.

Would you be willing to have a short 20-minute conversation in the coming weeks to consider whether this might be of value to Zmartly?

If this is not relevant to you, please let me know and I will not contact you again.

Kind regards,

Jacobs Roland
AI Automation Specialist | OpenClaw AI Agent Development
Email: savelroly@gmail.com",,,
enquiries@pulsecashflow.com,Pulse Cashflow Finance,United Kingdom,High,Buyer impersonation checks for Pulse Cashflow clients,"Dear Pulse Cashflow Finance team,

I noted that Pulse Cashflow published a warning on buyer impersonation and also offers outsourced credit control.

With that in mind, there may be scope for an AI agent to run invoice verification checks and debtor follow-ups, including alerts for buyer impersonation red flags, working within the tools your team already uses.

I am Jacobs Roland, an AI automation specialist, and I design and build OpenClaw-based AI agents that operate alongside existing accounting, ERP and billing systems, covering invoice tracking, payment follow-ups, reconciliation and financial reporting.

Would you be willing to have a short 20-minute conversation in the coming weeks to consider whether this might be of value to Pulse Cashflow Finance?

If this is not relevant to you, please let me know and I will not contact you again.

Kind regards,

Jacobs Roland
AI Automation Specialist | OpenClaw AI Agent Development
Email: savelroly@gmail.com",,,
info@carbongroup.com.au,Carbon Group,Australia,High,Debtor follow-ups across Carbon Group offices,"Dear Carbon Group team,

I noted that Carbon Group is both a Xero Platinum and MYOB Diamond partner, with offices from Perth to Bundaberg.

Across Carbon's multi-office bookkeeping clients, there may be scope to automate debtor follow-ups and CFO dashboards.

I am Jacobs Roland, an AI automation specialist. I build OpenClaw-based AI agents that operate alongside existing accounting, ERP and billing systems, taking care of invoice tracking, payment follow-ups, reconciliation and financial reporting.

Would you be willing to have a short 20-minute conversation in the coming weeks to consider whether this might be of value to Carbon Group?

If this is not relevant to you, please let me know and I will not contact you again.

Kind regards,

Jacobs Roland
AI Automation Specialist | OpenClaw AI Agent Development
Email: savelroly@gmail.com",,,
xero@digit.business,Digit,Australia,High,BAS-prep checklists for Digit Xero clients,"Dear Digit team,

I understand that Digit supports Australian businesses on Xero from Perth and offers MYOB-to-Xero conversions.

There may be scope to automate debtor follow-ups, BAS-prep checklists and client reporting for Digit's clients.

My name is Jacobs Roland, and I am an AI automation specialist. I design OpenClaw-based AI agents that work with existing accounting, ERP and billing systems to support invoice tracking, payment follow-ups, reconciliation and financial reporting.

If it would be helpful, I would welcome a brief 20-minute call at a time that suits you to discuss whether this could be useful for Digit.

If this is not relevant to you, please let me know and I will not contact you again.

Kind regards,

Jacobs Roland
AI Automation Specialist | OpenClaw AI Agent Development
Email: savelroly@gmail.com",,,
hello@ikeep.com.au,iKeep Bookkeeping,Australia,High,Monthly Xero reporting packs for iKeep clients,"Dear iKeep team,

I read iKeep's article on how online bookkeeping lets a business 'run on autopilot', and noted its Xero Platinum partner status.

There may be scope to extend that idea with automated debtor chasing and monthly Xero reporting packs across iKeep's clients.

I am Jacobs Roland, an AI automation specialist. I design and build OpenClaw-based AI agents that work alongside existing accounting, ERP and billing systems to handle invoice tracking, payment follow-ups, reconciliation and financial reporting.

If it would be helpful, I would welcome a brief 20-minute call at a time that suits you to discuss whether this could be useful for iKeep.

If this is not relevant to you, please let me know and I will not contact you again.

Kind regards,

Jacobs Roland
AI Automation Specialist | OpenClaw AI Agent Development
Email: savelroly@gmail.com",,,
admin@pherrus.com.au,Pherrus Financial Services,Australia,High,BAS-prep reconciliation for Pherrus clients,"Dear Pherrus team,

I read Pherrus' detailed guides on payroll software and Single Touch Payroll for Australian small businesses.

For Pherrus' Xero and MYOB clients, there may be scope to automate AR follow-ups and BAS-prep reconciliation.

I am Jacobs Roland, an AI automation specialist. I build OpenClaw-based AI agents that operate alongside existing accounting, ERP and billing systems, taking care of invoice tracking, payment follow-ups, reconciliation and financial reporting.

Might you be open to a short call of around 20 minutes in the coming weeks to assess whether this could support Pherrus?

If this is not relevant to you, please let me know and I will not contact you again.

Kind regards,

Jacobs Roland
AI Automation Specialist | OpenClaw AI Agent Development
Email: savelroly@gmail.com",,,
info@xilch.com.au,Xilch,Australia,High,Debtor chasing for Xilch on-call bookkeeping clients,"Dear Xilch team,

I noted that Xilch offers on-call Xero bookkeeping and responds to messages within 24 hours.

There may be scope to automate client debtor chasing, reconciliation checks and BAS-prep reporting for Xilch's clients.

I am Jacobs Roland, an AI automation specialist. I build OpenClaw-based AI agents that operate alongside existing accounting, ERP and billing systems, taking care of invoice tracking, payment follow-ups, reconciliation and financial reporting.

Would you be willing to have a short 20-minute conversation in the coming weeks to consider whether this might be of value to Xilch?

If this is not relevant to you, please let me know and I will not contact you again.

Kind regards,

Jacobs Roland
AI Automation Specialist | OpenClaw AI Agent Development
Email: savelroly@gmail.com",,,
collectsupport@creditorwatch.com.au,"CreditorWatch (CreditorWatch Collect, formerly Debtor Daddy)",Australia,High,Credit-risk alerts alongside CreditorWatch Collect,"Dear CreditorWatch team,

I understand that CreditorWatch Collect, formerly Debtor Daddy, automates AR collections from pre-reminders through to payment and reconciliation in Xero.

There may be scope to complement this with credit-risk alerts on debtor files, collection escalation notes and AR summaries.

My name is Jacobs Roland, and I am an AI automation specialist. I design OpenClaw-based AI agents that work with existing accounting, ERP and billing systems to support invoice tracking, payment follow-ups, reconciliation and financial reporting.

Would you be willing to have a short 20-minute conversation in the coming weeks to consider whether this might be of value to CreditorWatch?

If this is not relevant to you, please let me know and I will not contact you again.

Kind regards,

Jacobs Roland
AI Automation Specialist | OpenClaw AI Agent Development
Email: savelroly@gmail.com",,,
info@feesynergy.com.au,FeeSynergy,Australia,High,Aged-debt reports for FeeSynergy outsourced AR clients,"Dear FeeSynergy team,

I understand that FeeSynergy runs an outsourced accounts receivable service for accounting and legal firms, alongside FeeSynergy Collect and a Westpac partnership.

There may be scope to automate debtor triage and weekly WIP and aged-debt reports for those clients.

My name is Jacobs Roland, and I am an AI automation specialist. I design OpenClaw-based AI agents that work with existing accounting, ERP and billing systems to support invoice tracking, payment follow-ups, reconciliation and financial reporting.

Would you be open to a brief 20-minute call in the coming weeks to explore whether this could be useful for FeeSynergy?

If this is not relevant to you, please let me know and I will not contact you again.

Kind regards,

Jacobs Roland
AI Automation Specialist | OpenClaw AI Agent Development
Email: savelroly@gmail.com",,,
hello@paidnice.com,Paidnice,Australia,High,Reminder exceptions and dispute logging for Paidnice,"Dear Paidnice team,

I noted that Paidnice automates late fees, SMS reminders and statements for Xero and QuickBooks users.

There may be scope to add an AI agent that handles customer-specific reminder exceptions, dispute logging and AR reporting.

I am Jacobs Roland, an AI automation specialist. I build OpenClaw-based AI agents that operate alongside existing accounting, ERP and billing systems, taking care of invoice tracking, payment follow-ups, reconciliation and financial reporting.

If it would be helpful, I would welcome a brief 20-minute call at a time that suits you to discuss whether this could be useful for Paidnice.

If this is not relevant to you, please let me know and I will not contact you again.

Kind regards,

Jacobs Roland
AI Automation Specialist | OpenClaw AI Agent Development
Email: savelroly@gmail.com",,,
help@ignitionapp.com,Ignition,Australia,High,Failed client payment follow-ups for Ignition firms,"Dear Ignition team,

I read Ignition's guidance on migrating client payments in bulk and on follow-up emails after no response.

There may be scope to automate failed client payment follow-ups, engagement renewal reminders and billing reports for Ignition firms.

I am Jacobs Roland, an AI automation specialist. I design and build OpenClaw-based AI agents that work alongside existing accounting, ERP and billing systems to handle invoice tracking, payment follow-ups, reconciliation and financial reporting.

Would you be open to a brief 20-minute call in the coming weeks to explore whether this could be useful for Ignition?

If this is not relevant to you, please let me know and I will not contact you again.

Kind regards,

Jacobs Roland
AI Automation Specialist | OpenClaw AI Agent Development
Email: savelroly@gmail.com",,,
consult@hss-ca.com,"Hogg, Shain & Scheck",Canada,High,"Contract payment reporting support for Hogg, Shain & Scheck","Dear Hogg, Shain & Scheck team,

I noted that Hogg, Shain & Scheck offers a 'Contract Payment Reporting Systems' service and works with digital media and marketing clients.

There may be scope to automate data collection for contract payment reporting, alongside client invoice follow-ups.

My name is Jacobs Roland, and I am an AI automation specialist. I design OpenClaw-based AI agents that work with existing accounting, ERP and billing systems to support invoice tracking, payment follow-ups, reconciliation and financial reporting.

If it would be helpful, I would welcome a brief 20-minute call at a time that suits you to discuss whether this could be useful for Hogg, Shain & Scheck.

If this is not relevant to you, please let me know and I will not contact you again.

Kind regards,

Jacobs Roland
AI Automation Specialist | OpenClaw AI Agent Development
Email: savelroly@gmail.com",,,
kdolinki@mccayduff.com,McCay Duff LLP,Canada,High,Fee collection follow-ups at McCay Duff,"Dear Kris,

I noted that McCay Duff, where you serve as COO, offers business advisory, coaching and not-for-profit assurance services in Ottawa.

There may be scope to automate fee collection follow-ups and internal finance reporting for the firm's own operations.

My name is Jacobs Roland, and I am an AI automation specialist. I design OpenClaw-based AI agents that work with existing accounting, ERP and billing systems to support invoice tracking, payment follow-ups, reconciliation and financial reporting.

Would you be open to a brief 20-minute call in the coming weeks to explore whether this could be useful for McCay Duff?

If this is not relevant to you, please let me know and I will not contact you again.

Kind regards,

Jacobs Roland
AI Automation Specialist | OpenClaw AI Agent Development
Email: savelroly@gmail.com",,,
info@zenbooks.ca,Zenbooks,Canada,High,Receipt collection for Zenbooks clients,"Dear Zenbooks team,

I noted that Zenbooks provides virtual bookkeeping and outsourced finance team services from Ottawa.

There may be scope to automate client AR follow-ups, monthly reporting and receipt collection.

I am Jacobs Roland, an AI automation specialist. I build OpenClaw-based AI agents that operate alongside existing accounting, ERP and billing systems, taking care of invoice tracking, payment follow-ups, reconciliation and financial reporting.

Would you be open to a brief 20-minute call in the coming weeks to explore whether this could be useful for Zenbooks?

If this is not relevant to you, please let me know and I will not contact you again.

Kind regards,

Jacobs Roland
AI Automation Specialist | OpenClaw AI Agent Development
Email: savelroly@gmail.com",,,
support@procurify.com,Procurify,Canada,High,PO-to-invoice matching exceptions for Procurify,"Dear Procurify team,

I noted that Procurify lets customers set up automatic remittance emails to vendors.

There may be scope to automate PO-to-invoice matching exceptions, vendor remittance follow-ups and spend reports.

My name is Jacobs Roland, and I am an AI automation specialist. I design OpenClaw-based AI agents that work with existing accounting, ERP and billing systems to support invoice tracking, payment follow-ups, reconciliation and financial reporting.

Might you be open to a short call of around 20 minutes in the coming weeks to assess whether this could support Procurify?

If this is not relevant to you, please let me know and I will not contact you again.

Kind regards,

Jacobs Roland
AI Automation Specialist | OpenClaw AI Agent Development
Email: savelroly@gmail.com",,,
support@plooto.com,Plooto,Canada,High,Overdue receivable chasing for Plooto customers,"Dear Plooto team,

I understand that Plooto runs AP and AR payment automation for Canadian and US businesses.

There may be scope to automate overdue receivable chasing, payment-status reporting and triage of payment questions.

I am Jacobs Roland, an AI automation specialist. I build OpenClaw-based AI agents that operate alongside existing accounting, ERP and billing systems, taking care of invoice tracking, payment follow-ups, reconciliation and financial reporting.

If it would be helpful, I would welcome a brief 20-minute call at a time that suits you to discuss whether this could be useful for Plooto.

If this is not relevant to you, please let me know and I will not contact you again.

Kind regards,

Jacobs Roland
AI Automation Specialist | OpenClaw AI Agent Development
Email: savelroly@gmail.com",,,
info@bookkeeper360.com,Bookkeeper360,United States,Medium,Invoice extraction for Bookkeeper360's monthly books,"Dear Bookkeeper360 team,

Bookkeeper360 combines business bookkeeping with payroll and advisory services for small companies.

With monthly bookkeeping involving a high volume of invoices and receipts, there may be scope for an AI agent to extract invoice fields, match them against bank feeds and prepare a weekly exceptions list for your bookkeepers.

I am Jacobs Roland, an AI automation specialist. I design and build OpenClaw-based AI agents that work alongside existing accounting, ERP and billing systems to handle invoice tracking, payment follow-ups, reconciliation and financial reporting.

I would be grateful for a brief 20-minute conversation, at your convenience, to explore whether this could add value for Bookkeeper360.

If this is not relevant to you, please let me know and I will not contact you again.

Kind regards,

Jacobs Roland
AI Automation Specialist | OpenClaw AI Agent Development
Email: savelroly@gmail.com",,,
hello@burklandassociates.com,Burkland Associates,United States,Medium,Investor reporting preparation for Burkland Associates clients,"Dear Burkland Associates team,

Burkland Associates provides accounting, CFO and tax services to startups from its San Francisco and New York offices.

Since startup finance teams reuse the same figures in board decks, cash forecasts and investor updates, there may be scope for an AI agent to collect invoice and bank data, flag late customer payments and assemble a draft report for your CFOs.

My name is Jacobs Roland, and I am an AI automation specialist. I design OpenClaw-based AI agents that work with existing accounting, ERP and billing systems to support invoice tracking, payment follow-ups, reconciliation and financial reporting.

Would you be willing to have a short 20-minute conversation in the coming weeks to consider whether this might be of value to Burkland Associates?

If this is not relevant to you, please let me know and I will not contact you again.

Kind regards,

Jacobs Roland
AI Automation Specialist | OpenClaw AI Agent Development
Email: savelroly@gmail.com",,,
info@cfoselections.com,CFO Selections,United States,Medium,Receivables alerts across CFO Selections offices,"Dear CFO Selections team,

CFO Selections provides outsourced CFO, controller and accounting services from Bellevue, with offices in Portland, Denver and Southlake, Texas.

With teams in several markets, there may be scope for an AI agent to monitor each client's receivables, send reminders on overdue invoices and alert the assigned controller when a large balance slips.

I am Jacobs Roland, an AI automation specialist who designs and builds OpenClaw-based AI agents. These agents work alongside existing accounting, ERP and billing systems to handle invoice tracking, payment follow-ups, reconciliation and financial reporting.

If it would be helpful, I would welcome a brief 20-minute call at a time convenient to you to discuss whether this could suit CFO Selections.

If this is not relevant to you, please let me know and I will not contact you again.

Kind regards,

Jacobs Roland
AI Automation Specialist | OpenClaw AI Agent Development
Email: savelroly@gmail.com",,,
info@cfoshare.org,CFOshare,United States,Medium,Invoice and approval tracking for CFOshare clients,"Dear CFOshare team,

CFOshare serves businesses and nonprofits in all 50 states through a fully remote team across the United States, Canada and Mexico.

As remote teams rely on clear handoffs for invoices, approvals and client reports, there may be scope for an AI agent to log incoming invoices, follow up on pending approvals and post a daily status update.

I am Jacobs Roland, an AI automation specialist. I design and build OpenClaw-based AI agents that work alongside existing accounting, ERP and billing systems to handle invoice tracking, payment follow-ups, reconciliation and financial reporting.

Would a short 20-minute call in the coming weeks be worthwhile to assess whether this could be useful for CFOshare?

If this is not relevant to you, please let me know and I will not contact you again.

Kind regards,

Jacobs Roland
AI Automation Specialist | OpenClaw AI Agent Development
Email: savelroly@gmail.com",,,
info@driveninsights.com,Driven Insights,United States,Medium,Weekly finance packs for Driven Insights' outsourced departments,"Dear Driven Insights team,

I read Driven Insights' Outsourced CFO Services Buyers Guide and its explanation of how an outsourced finance department operates.

As each outsourced department handles invoicing, collections and reporting every week, there may be scope for an AI agent to prepare the routine elements, following up on invoices and assembling reports for your controllers to review.

My name is Jacobs Roland, and I am an AI automation specialist. I design OpenClaw-based AI agents that work with existing accounting, ERP and billing systems to support invoice tracking, payment follow-ups, reconciliation and financial reporting.

Would you be open to a brief 20-minute call in the coming weeks to explore whether this could be useful for Driven Insights?

If this is not relevant to you, please let me know and I will not contact you again.

Kind regards,

Jacobs Roland
AI Automation Specialist | OpenClaw AI Agent Development
Email: savelroly@gmail.com",,,
contact@paro.ai,Paro,United States,Medium,Engagement data preparation for Paro finance experts,"Dear Paro team,

Paro connects businesses with on-demand finance and accounting experts for bookkeeping, FP&A and CFO projects, from Chicago.

Since many projects begin with gathering invoices, receivables aging and bank data, there may be scope for an AI agent to collect and organise that material so each engagement starts with clean inputs.

I am Jacobs Roland, an AI automation specialist. I build OpenClaw-based AI agents that operate alongside existing accounting, ERP and billing systems, covering invoice tracking, payment follow-ups, reconciliation and financial reporting.

Would you be open to a brief 20-minute call in the coming weeks to explore whether this could be useful for Paro?

If this is not relevant to you, please let me know and I will not contact you again.

Kind regards,

Jacobs Roland
AI Automation Specialist | OpenClaw AI Agent Development
Email: savelroly@gmail.com",,,
info@pilot.com,Pilot,United States,Medium,Customer payment reminders for Pilot's startup clients,"Dear Pilot team,

Pilot provides bookkeeping, accounting, tax and CFO services to startups and small businesses from San Francisco and Nashville.

As startups often look to their bookkeeping provider for help with collections and cash reporting, there may be scope for an AI agent to send customer payment reminders and a weekly cash note from data already in their books.

My name is Jacobs Roland, and I am an AI automation specialist. I design OpenClaw-based AI agents that work with existing accounting, ERP and billing systems to support invoice tracking, payment follow-ups, reconciliation and financial reporting.

Would you be willing to have a short 20-minute conversation in the coming weeks to consider whether this might be of value to Pilot?

If this is not relevant to you, please let me know and I will not contact you again.

Kind regards,

Jacobs Roland
AI Automation Specialist | OpenClaw AI Agent Development
Email: savelroly@gmail.com",,,
info@preferredcfo.com,Preferred CFO,United States,Medium,KPI reporting support for Preferred CFO clients,"Dear Preferred CFO team,

Preferred CFO provides fractional CFO and accounting services to growing businesses from Salem, Utah.

Since recurring KPI and cash reports depend on gathering invoices, receivables and expenses, there may be scope for an AI agent to collect that data, highlight slow-paying customers and deliver the weekly report ready for CFO review.

I am Jacobs Roland, an AI automation specialist who designs and builds OpenClaw-based AI agents. These agents work alongside existing accounting, ERP and billing systems to handle invoice tracking, payment follow-ups, reconciliation and financial reporting.

If it would be helpful, I would welcome a brief 20-minute call at a time convenient to you to discuss whether this could suit Preferred CFO.

If this is not relevant to you, please let me know and I will not contact you again.

Kind regards,

Jacobs Roland
AI Automation Specialist | OpenClaw AI Agent Development
Email: savelroly@gmail.com",,,
info@signatureanalytics.com,Signature Analytics,United States,Medium,Proactive variance alerts for Signature Analytics clients,"Dear Signature Analytics team,

I read Signature Analytics' piece on moving from reactive to proactive accounting; I understand your teams serve San Diego, Irvine, El Segundo and Glendale.

As proactive accounting depends on spotting issues early, there may be scope for an AI agent to monitor receivables and expense trends daily and send your accountants a short alert when something changes.

I am Jacobs Roland, an AI automation specialist. I design and build OpenClaw-based AI agents that work alongside existing accounting, ERP and billing systems to handle invoice tracking, payment follow-ups, reconciliation and financial reporting.

Would a short 20-minute call in the coming weeks be worthwhile to assess whether this could be useful for Signature Analytics?

If this is not relevant to you, please let me know and I will not contact you again.

Kind regards,

Jacobs Roland
AI Automation Specialist | OpenClaw AI Agent Development
Email: savelroly@gmail.com",,,
support@vyde.io,Vyde,United States,Medium,Monthly receipt collection for Vyde's small-business clients,"Dear Vyde team,

Vyde provides tax filing, tax advisory and bookkeeping for small businesses from Provo, Utah, with dedicated pages for states such as Florida and North Carolina.

As small business owners are often late sending receipts and invoices, there may be scope for an AI agent to request missing items, extract invoice data and send owners a short monthly summary.

My name is Jacobs Roland, and I am an AI automation specialist. I design OpenClaw-based AI agents that work with existing accounting, ERP and billing systems to support invoice tracking, payment follow-ups, reconciliation and financial reporting.

Would you be open to a brief 20-minute call in the coming weeks to explore whether this could be useful for Vyde?

If this is not relevant to you, please let me know and I will not contact you again.

Kind regards,

Jacobs Roland
AI Automation Specialist | OpenClaw AI Agent Development
Email: savelroly@gmail.com",,,
support@xendoo.com,Xendoo,United States,Medium,Weekly cash summaries for Xendoo small-business clients,"Dear Xendoo team,

Xendoo offers online bookkeeping and accounting for small businesses on fixed monthly pricing, from Fort Lauderdale.

Since fixed-price bookkeeping works best when routine steps take little manual time, there may be scope for an AI agent to categorise invoices, follow up on missing documents and send each client a short weekly cash summary.

I am Jacobs Roland, an AI automation specialist who designs and builds OpenClaw-based AI agents. These agents work alongside existing accounting, ERP and billing systems to handle invoice tracking, payment follow-ups, reconciliation and financial reporting.

Would you be willing to have a short 20-minute conversation in the coming weeks to consider whether this might be of value to Xendoo?

If this is not relevant to you, please let me know and I will not contact you again.

Kind regards,

Jacobs Roland
AI Automation Specialist | OpenClaw AI Agent Development
Email: savelroly@gmail.com",,,
hello@zeni.ai,Zeni,United States,Medium,Receivables follow-up for Zeni startup clients,"Dear Zeni team,

Zeni combines AI bookkeeping with a team of finance professionals for startups, with local pages such as Miami.

As following up on overdue customer invoices can fall to those finance professionals, there may be scope for an AI agent to send courteous reminders for each client and include the responses in the monthly report.

I am Jacobs Roland, an AI automation specialist. I design and build OpenClaw-based AI agents that work alongside existing accounting, ERP and billing systems to handle invoice tracking, payment follow-ups, reconciliation and financial reporting.

If it would be helpful, I would welcome a brief 20-minute call at a time convenient to you to discuss whether this could suit Zeni.

If this is not relevant to you, please let me know and I will not contact you again.

Kind regards,

Jacobs Roland
AI Automation Specialist | OpenClaw AI Agent Development
Email: savelroly@gmail.com",,,
support@docyt.com,Docyt,United States,Medium,Receivables add-on for Docyt bookkeeping customers,"Dear Docyt team,

Docyt automates bookkeeping and accounting with AI from Santa Clara.

Since customers already rely on Docyt for their books, there may be scope for an AI agent to monitor open receivables in a client's ledger, send scheduled reminders and add a receivables summary to their reports as an optional add-on.

I am Jacobs Roland, an AI automation specialist. I build OpenClaw-based AI agents that operate alongside existing accounting, ERP and billing systems, covering invoice tracking, payment follow-ups, reconciliation and financial reporting.

Would a short 20-minute call in the coming weeks be worthwhile to assess whether this could be useful for Docyt?

If this is not relevant to you, please let me know and I will not contact you again.

Kind regards,

Jacobs Roland
AI Automation Specialist | OpenClaw AI Agent Development
Email: savelroly@gmail.com",,,
help@puzzle.io,Puzzle,United States,Medium,Client reporting for bookkeepers using Puzzle,"Dear Puzzle team,

I have been reading Puzzle's 'What's New' updates for bookkeepers and noted how Puzzle positions itself relative to QuickBooks Online.

As bookkeepers still compile client reports and follow up on unpaid invoices each month, there may be scope for an AI agent to draw figures from Puzzle's real-time ledger, prepare draft reports and queue reminder emails for the bookkeeper to approve.

My name is Jacobs Roland, and I am an AI automation specialist. I design OpenClaw-based AI agents that work with existing accounting, ERP and billing systems to support invoice tracking, payment follow-ups, reconciliation and financial reporting.

I would be grateful for a brief 20-minute conversation, at your convenience, to explore whether this could add value for Puzzle.

If this is not relevant to you, please let me know and I will not contact you again.

Kind regards,

Jacobs Roland
AI Automation Specialist | OpenClaw AI Agent Development
Email: savelroly@gmail.com",,,
support@rillet.com,Rillet,United States,Medium,Receivables follow-up after close for Rillet customers,"Dear Rillet team,

Rillet is building an AI-native ERP and general ledger with revenue automation, with teams in New York, San Francisco and Barcelona.

Since revenue automation already sits in the ledger, there may be scope for an AI agent to flag overdue receivables after close, contact the customer and attach a short status note to the close package.

I am Jacobs Roland, an AI automation specialist who designs and builds OpenClaw-based AI agents. These agents work alongside existing accounting, ERP and billing systems to handle invoice tracking, payment follow-ups, reconciliation and financial reporting.

Would you be open to a brief 20-minute call in the coming weeks to explore whether this could be useful for Rillet?

If this is not relevant to you, please let me know and I will not contact you again.

Kind regards,

Jacobs Roland
AI Automation Specialist | OpenClaw AI Agent Development
Email: savelroly@gmail.com",,,
help@synder.com,Synder,United States,Medium,Sync reconciliation checks for Synder users,"Dear Synder team,

Synder syncs sales and payment data into accounting platforms such as QuickBooks and Xero.

When a payout does not match what reached the ledger, someone has to notice and investigate, so there may be scope for an AI agent to compare both sides daily, raise an alert on discrepancies and send a weekly reconciliation summary.

I am Jacobs Roland, an AI automation specialist. I design and build OpenClaw-based AI agents that work alongside existing accounting, ERP and billing systems to handle invoice tracking, payment follow-ups, reconciliation and financial reporting.

Would you be willing to have a short 20-minute conversation in the coming weeks to consider whether this might be of value to Synder?

If this is not relevant to you, please let me know and I will not contact you again.

Kind regards,

Jacobs Roland
AI Automation Specialist | OpenClaw AI Agent Development
Email: savelroly@gmail.com",,,
sales@anytimecollect.com,Anytime Collect,United States,Medium,AI-drafted collection letters next to Anytime Collect templates,"Dear Anytime Collect team,

Anytime Collect's guide to developing A/R collection letters, call scripts and email templates is a practical resource for credit teams.

While templates work well at scale, there may be scope for an AI agent to draft collection emails that add context such as disputed lines or partial payments, with a person approving each message before it is sent.

I am Jacobs Roland, an AI automation specialist. I build OpenClaw-based AI agents that operate alongside existing accounting, ERP and billing systems, covering invoice tracking, payment follow-ups, reconciliation and financial reporting.

If it would be helpful, I would welcome a brief 20-minute call at a time convenient to you to discuss whether this could suit Anytime Collect.

If this is not relevant to you, please let me know and I will not contact you again.

Kind regards,

Jacobs Roland
AI Automation Specialist | OpenClaw AI Agent Development
Email: savelroly@gmail.com",,,
cs@centime.com,Centime,United States,Medium,Centime AR contacts and collections reminders,"Dear Centime team,

Centime's knowledge base on managing customer contacts and communication roles for AR reflects careful attention to collections detail.

Once those contact roles are defined, there may be scope for an AI agent to select the right contact per invoice, send the reminder, log the reply and contribute a weekly cash forecast note for the controller.

I am Jacobs Roland, an AI automation specialist. I build OpenClaw-based AI agents that operate alongside existing accounting, ERP and billing systems, covering invoice tracking, payment follow-ups, reconciliation and financial reporting.

Would you be willing to have a short 20-minute conversation in the coming weeks to consider whether this might be of value to Centime?

If this is not relevant to you, please let me know and I will not contact you again.

Kind regards,

Jacobs Roland
AI Automation Specialist | OpenClaw AI Agent Development
Email: savelroly@gmail.com",,,
support@cforia.com,Cforia,United States,Medium,Support desk triage for Cforia collections software,"Dear Cforia team,

Cforia provides order-to-cash and AR collections software, supported by its own dedicated support desk.

As many support questions about collections worklists and AR reports recur, there may be scope for an AI agent to sort incoming tickets, answer routine ones from documentation and prepare draft follow-ups for review.

My name is Jacobs Roland, and I am an AI automation specialist. I design OpenClaw-based AI agents that work with existing accounting, ERP and billing systems to support invoice tracking, payment follow-ups, reconciliation and financial reporting.

If it would be helpful, I would welcome a brief 20-minute call at a time convenient to you to discuss whether this could suit Cforia.

If this is not relevant to you, please let me know and I will not contact you again.

Kind regards,

Jacobs Roland
AI Automation Specialist | OpenClaw AI Agent Development
Email: savelroly@gmail.com",,,
support@collbox.co,CollBox,United States,Medium,Status updates for CollBox collection cases,"Dear CollBox team,

CollBox enables businesses to send past-due invoices to collections directly from their accounting software.

Since clients typically want to know where each case stands, there may be scope for an AI agent to check case progress, send clients short status updates and compile a monthly recovery summary.

I am Jacobs Roland, an AI automation specialist who designs and builds OpenClaw-based AI agents. These agents work alongside existing accounting, ERP and billing systems to handle invoice tracking, payment follow-ups, reconciliation and financial reporting.

Would a short 20-minute call in the coming weeks be worthwhile to assess whether this could be useful for CollBox?

If this is not relevant to you, please let me know and I will not contact you again.

Kind regards,

Jacobs Roland
AI Automation Specialist | OpenClaw AI Agent Development
Email: savelroly@gmail.com",,,
emagiainfo@emagia.com,Emagia,United States,Medium,Dispute follow-ups for Emagia implementations,"Dear Emagia team,

Emagia's material on AR shared services and autonomous order-to-cash finance covers credit, collections and cash application in depth.

Since disputes can stall between departments in large shared-services teams, there may be scope for an AI agent to track each dispute, prompt the owner when it stalls and produce an aging report during implementation projects.

My name is Jacobs Roland, and I am an AI automation specialist. I design OpenClaw-based AI agents that work with existing accounting, ERP and billing systems to support invoice tracking, payment follow-ups, reconciliation and financial reporting.

Would you be willing to have a short 20-minute conversation in the coming weeks to consider whether this might be of value to Emagia?

If this is not relevant to you, please let me know and I will not contact you again.

Kind regards,

Jacobs Roland
AI Automation Specialist | OpenClaw AI Agent Development
Email: savelroly@gmail.com",,,
hello@glean.ai,Glean.ai,United States,Medium,Spend reporting for Glean.ai accounting firm partners,"Dear Glean.ai team,

Glean.ai pairs AP automation with spend intelligence and runs a programme for accounting firms such as N5 Solutions.

As participating firms need onboarding and recurring spend reports for each client, there may be scope for an AI agent to collect onboarding details, flag unusual spend and draft monthly client reports for the firm to send.

I am Jacobs Roland, an AI automation specialist. I design and build OpenClaw-based AI agents that work alongside existing accounting, ERP and billing systems to handle invoice tracking, payment follow-ups, reconciliation and financial reporting.

Would a short 20-minute call in the coming weeks be worthwhile to assess whether this could be useful for Glean.ai?

If this is not relevant to you, please let me know and I will not contact you again.

Kind regards,

Jacobs Roland
AI Automation Specialist | OpenClaw AI Agent Development
Email: savelroly@gmail.com",,,
team@monk.com,Monk,United States,Medium,Internal finance administration at Monk,"Dear Monk team,

Monk is building AI-powered accounts receivable automation from New York.

While your product serves customers' receivables, there may be scope for an AI agent to support your own team by preparing new customer data for setup, compiling weekly finance figures and handling routine administrative tasks.

I am Jacobs Roland, an AI automation specialist. I design and build OpenClaw-based AI agents that work alongside existing accounting, ERP and billing systems to handle invoice tracking, payment follow-ups, reconciliation and financial reporting.

If it would be helpful, I would welcome a brief 20-minute call at a time convenient to you to discuss whether this could suit Monk.

If this is not relevant to you, please let me know and I will not contact you again.

Kind regards,

Jacobs Roland
AI Automation Specialist | OpenClaw AI Agent Development
Email: savelroly@gmail.com",,,
support@nuvo.com,Nuvo,United States,Medium,Credit application follow-ups for Nuvo customers,"Dear Nuvo team,

Nuvo Technologies provides B2B credit applications and customer onboarding from San Francisco.

Since credit applications and onboarding involve repeated reminders, there may be scope for an AI agent to follow up on incomplete applications and send new-account onboarding reminders alongside existing tools.

I am Jacobs Roland, an AI automation specialist. I build OpenClaw-based AI agents that operate alongside existing accounting, ERP and billing systems, covering invoice tracking, payment follow-ups, reconciliation and financial reporting.

Would a short 20-minute call in the coming weeks be worthwhile to assess whether this could be useful for Nuvo?

If this is not relevant to you, please let me know and I will not contact you again.

Kind regards,

Jacobs Roland
AI Automation Specialist | OpenClaw AI Agent Development
Email: savelroly@gmail.com",,,
support@ottimate.com,Ottimate,United States,Medium,Ottimate vendor statements and approval reminders,"Dear Ottimate team,

Ottimate, formerly Plate IQ, provides AI AP automation and invoice capture, with a dedicated helpdesk for customers.

After capture, AP teams still reconcile vendor statements and follow up with approvers, so there may be scope for an AI agent to compare statements against captured invoices, remind approvers and send a weekly AP report to the controller.

My name is Jacobs Roland, and I am an AI automation specialist. I design OpenClaw-based AI agents that work with existing accounting, ERP and billing systems to support invoice tracking, payment follow-ups, reconciliation and financial reporting.

I would be grateful for a brief 20-minute conversation, at your convenience, to explore whether this could add value for Ottimate.

If this is not relevant to you, please let me know and I will not contact you again.

Kind regards,

Jacobs Roland
AI Automation Specialist | OpenClaw AI Agent Development
Email: savelroly@gmail.com",,,
support@vic.ai,Vic.ai,United States,Medium,ERP sync monitoring and approval reminders for Vic.ai,"Dear Vic.ai team,

Vic.ai is building AI for autonomous invoice processing and accounts payable from New York.

Once invoices are processed, customers rely on the ERP sync and timely approvals, so there may be scope for an AI agent to monitor sync errors, remind approvers holding up payments and send an AP report to finance leaders.

I am Jacobs Roland, an AI automation specialist. I build OpenClaw-based AI agents that operate alongside existing accounting, ERP and billing systems, covering invoice tracking, payment follow-ups, reconciliation and financial reporting.

Would you be willing to have a short 20-minute conversation in the coming weeks to consider whether this might be of value to Vic.ai?

If this is not relevant to you, please let me know and I will not contact you again.

Kind regards,

Jacobs Roland
AI Automation Specialist | OpenClaw AI Agent Development
Email: savelroly@gmail.com",,,
contact@billingplatform.com,BillingPlatform,United States,Medium,Invoice exception handling for BillingPlatform customers,"Dear BillingPlatform team,

BillingPlatform runs its enterprise billing, rating and revenue management platform from Englewood, Colorado.

Since rating errors and invoice exceptions are best caught before customers see them, there may be scope for an AI agent to flag those exceptions, initiate collections follow-ups and prepare finance reports from billing data.

I am Jacobs Roland, an AI automation specialist. I build OpenClaw-based AI agents that operate alongside existing accounting, ERP and billing systems, covering invoice tracking, payment follow-ups, reconciliation and financial reporting.

Would you be open to a brief 20-minute call in the coming weeks to explore whether this could be useful for BillingPlatform?

If this is not relevant to you, please let me know and I will not contact you again.

Kind regards,

Jacobs Roland
AI Automation Specialist | OpenClaw AI Agent Development
Email: savelroly@gmail.com",,,
partnerships@cratejoy.com,Cratejoy,United States,Medium,Seller payout reporting for Cratejoy,"Dear Cratejoy team,

Cratejoy operates a subscription commerce marketplace together with a platform for sellers.

As a failed subscriber payment affects both the seller and their payout, there may be scope for an AI agent to alert sellers when a charge fails, maintain a list of billing exceptions and send each seller a monthly payout report.

I am Jacobs Roland, an AI automation specialist who designs and builds OpenClaw-based AI agents. These agents work alongside existing accounting, ERP and billing systems to handle invoice tracking, payment follow-ups, reconciliation and financial reporting.

If it would be helpful, I would welcome a brief 20-minute call at a time convenient to you to discuss whether this could suit Cratejoy.

If this is not relevant to you, please let me know and I will not contact you again.

Kind regards,

Jacobs Roland
AI Automation Specialist | OpenClaw AI Agent Development
Email: savelroly@gmail.com",,,
support@maxio.com,Maxio,United States,Medium,HubSpot sync checks and month-end reporting for Maxio,"Dear Maxio team,

Maxio documents HubSpot field syncing in detail, together with a getting-started guide for its billing and SaaS metrics platform.

As month-end reports depend on HubSpot and billing data staying aligned, there may be scope for an AI agent to check the sync, follow up on receivables and prepare month-end reports for your customers.

I am Jacobs Roland, an AI automation specialist who designs and builds OpenClaw-based AI agents. These agents work alongside existing accounting, ERP and billing systems to handle invoice tracking, payment follow-ups, reconciliation and financial reporting.

Would you be willing to have a short 20-minute conversation in the coming weeks to consider whether this might be of value to Maxio?

If this is not relevant to you, please let me know and I will not contact you again.

Kind regards,

Jacobs Roland
AI Automation Specialist | OpenClaw AI Agent Development
Email: savelroly@gmail.com",,,
info@metronome.com,Metronome,United States,Medium,Usage invoice follow-ups for Metronome customers,"Dear Metronome team,

Metronome provides usage-based billing from San Francisco.

Since usage invoices vary month to month and customers may pay later while checking figures, there may be scope for an AI agent to send reminders with the usage breakdown, follow up on open receivables and produce a revenue report for leadership.

I am Jacobs Roland, an AI automation specialist. I design and build OpenClaw-based AI agents that work alongside existing accounting, ERP and billing systems to handle invoice tracking, payment follow-ups, reconciliation and financial reporting.

If it would be helpful, I would welcome a brief 20-minute call at a time convenient to you to discuss whether this could suit Metronome.

If this is not relevant to you, please let me know and I will not contact you again.

Kind regards,

Jacobs Roland
AI Automation Specialist | OpenClaw AI Agent Development
Email: savelroly@gmail.com",,,
billing@withorb.com,Orb,United States,Medium,Usage anomaly alerts for Orb customers,"Dear Orb team,

Orb runs usage-based billing infrastructure and publishes practical guides such as price-increase letter templates.

Since usage spikes can surprise customers and delay payment, there may be scope for an AI agent to flag unusual usage before invoicing, follow up on unpaid invoices and produce a monthly finance report for each customer.

My name is Jacobs Roland, and I am an AI automation specialist. I design OpenClaw-based AI agents that work with existing accounting, ERP and billing systems to support invoice tracking, payment follow-ups, reconciliation and financial reporting.

Would a short 20-minute call in the coming weeks be worthwhile to assess whether this could be useful for Orb?

If this is not relevant to you, please let me know and I will not contact you again.

Kind regards,

Jacobs Roland
AI Automation Specialist | OpenClaw AI Agent Development
Email: savelroly@gmail.com",,,
support@rebilly.com,Rebilly,United States,Medium,Payment recovery and reconciliation for Rebilly customers,"Dear Rebilly team,

Rebilly provides subscription billing and payment orchestration from Austin, with offices in Montreal and Barbados.

Since payment orchestration across gateways generates follow-up and reconciliation work, there may be scope for an AI agent to manage follow-ups on failed payments, reconcile settlements against invoices and send finance a weekly reconciliation report.

I am Jacobs Roland, an AI automation specialist who designs and builds OpenClaw-based AI agents. These agents work alongside existing accounting, ERP and billing systems to handle invoice tracking, payment follow-ups, reconciliation and financial reporting.

Would a short 20-minute call in the coming weeks be worthwhile to assess whether this could be useful for Rebilly?

If this is not relevant to you, please let me know and I will not contact you again.

Kind regards,

Jacobs Roland
AI Automation Specialist | OpenClaw AI Agent Development
Email: savelroly@gmail.com",,,
partnersupport@rechargepayments.com,Recharge,United States,Medium,Billing reports for Recharge agency partners,"Dear Recharge team,

Recharge runs an agency partner support programme and an integrations directory for its subscription payments platform.

As agencies often manage billing for several brands at once, there may be scope for an AI agent to produce partner billing reports, alert agencies to failed payments and reconcile subscription orders against payouts weekly.

I am Jacobs Roland, an AI automation specialist. I design and build OpenClaw-based AI agents that work alongside existing accounting, ERP and billing systems to handle invoice tracking, payment follow-ups, reconciliation and financial reporting.

I would be grateful for a brief 20-minute conversation, at your convenience, to explore whether this could add value for Recharge.

If this is not relevant to you, please let me know and I will not contact you again.

Kind regards,

Jacobs Roland
AI Automation Specialist | OpenClaw AI Agent Development
Email: savelroly@gmail.com",,,
support@recurly.com,Recurly,United States,Medium,Dunning reporting for Recurly professional services clients,"Dear Recurly team,

Recurly offers subscription billing and recurring payments, supported by a professional services programme.

Since failed payments and dunning reports take time even with recurring billing in place, there may be scope for an AI agent to follow up on failed payments and prepare a weekly dunning report, potentially as part of a services package.

I am Jacobs Roland, an AI automation specialist. I build OpenClaw-based AI agents that operate alongside existing accounting, ERP and billing systems, covering invoice tracking, payment follow-ups, reconciliation and financial reporting.

Would you be open to a brief 20-minute call in the coming weeks to explore whether this could be useful for Recurly?

If this is not relevant to you, please let me know and I will not contact you again.

Kind regards,

Jacobs Roland
AI Automation Specialist | OpenClaw AI Agent Development
Email: savelroly@gmail.com",,,
support@schematichq.com,Schematic,United States,Medium,Plan change and payment alerts for Schematic customers,"Dear Schematic team,

Schematic provides pricing, entitlements and billing management for SaaS and runs a podcast on enterprise SaaS evolution.

Since upgrades, downgrades and failed payments call for prompt action, there may be scope for an AI agent to alert on plan changes affecting invoices, follow up on failed payments and report monthly on each pricing plan.

I am Jacobs Roland, an AI automation specialist who designs and builds OpenClaw-based AI agents. These agents work alongside existing accounting, ERP and billing systems to handle invoice tracking, payment follow-ups, reconciliation and financial reporting.

If it would be helpful, I would welcome a brief 20-minute call at a time convenient to you to discuss whether this could suit Schematic.

If this is not relevant to you, please let me know and I will not contact you again.

Kind regards,

Jacobs Roland
AI Automation Specialist | OpenClaw AI Agent Development
Email: savelroly@gmail.com",,,
sales@subskribe.com,Subskribe,United States,Medium,Quote and invoice consistency for Subskribe customers,"Dear Subskribe team,

Subskribe brings quoting, billing and revenue into a single platform.

Even with one system of record, there may be scope for an AI agent to send scheduled receivables reminders and run a nightly check that flags quotes and invoices falling out of alignment.

I am Jacobs Roland, an AI automation specialist. I build OpenClaw-based AI agents that operate alongside existing accounting, ERP and billing systems, covering invoice tracking, payment follow-ups, reconciliation and financial reporting.

Would a short 20-minute call in the coming weeks be worthwhile to assess whether this could be useful for Subskribe?

If this is not relevant to you, please let me know and I will not contact you again.

Kind regards,

Jacobs Roland
AI Automation Specialist | OpenClaw AI Agent Development
Email: savelroly@gmail.com",,,
support@tabsplatform.com,Tabs,United States,Medium,Implementation support for Tabs partners,"Dear Tabs team,

Tabs runs a Partner Advisory Board alongside its AI revenue platform for B2B billing and collections, based in New York.

As partners may repeat similar setup and reporting steps with each client, there may be scope for an AI agent to track implementation tasks per partner and assemble weekly finance reports from collections data.

My name is Jacobs Roland, and I am an AI automation specialist. I design OpenClaw-based AI agents that work with existing accounting, ERP and billing systems to support invoice tracking, payment follow-ups, reconciliation and financial reporting.

I would be grateful for a brief 20-minute conversation, at your convenience, to explore whether this could add value for Tabs.

If this is not relevant to you, please let me know and I will not contact you again.

Kind regards,

Jacobs Roland
AI Automation Specialist | OpenClaw AI Agent Development
Email: savelroly@gmail.com",,,
contact@zenskar.com,Zenskar,United States,Medium,Collections and month-end reporting for Zenskar,"Dear Zenskar team,

Zenskar provides billing, invoicing, collections and revenue recognition, with an address in New York.

There may be scope for an AI agent to follow up on overdue invoices in sequence and build a month-end report that places collections alongside recognised revenue.

I am Jacobs Roland, an AI automation specialist. I design and build OpenClaw-based AI agents that work alongside existing accounting, ERP and billing systems to handle invoice tracking, payment follow-ups, reconciliation and financial reporting.

Would you be willing to have a short 20-minute conversation in the coming weeks to consider whether this might be of value to Zenskar?

If this is not relevant to you, please let me know and I will not contact you again.

Kind regards,

Jacobs Roland
AI Automation Specialist | OpenClaw AI Agent Development
Email: savelroly@gmail.com",,,
sales@bqe.com,BQE Software,United States,Medium,Invoice delivery follow-ups in BQE CORE,"Dear BQE Software team,

BQE CORE emails invoices directly to client contacts and gathers product suggestions through CORE-Ideas.

For architecture and engineering firms using CORE, there may be scope for an AI agent to follow up on delivered invoices and prepare receivables aging summaries.

I am Jacobs Roland, an AI automation specialist who designs and builds OpenClaw-based AI agents. These agents work alongside existing accounting, ERP and billing systems to handle invoice tracking, payment follow-ups, reconciliation and financial reporting.

Would a short 20-minute call in the coming weeks be worthwhile to assess whether this could be useful for BQE Software?

If this is not relevant to you, please let me know and I will not contact you again.

Kind regards,

Jacobs Roland
AI Automation Specialist | OpenClaw AI Agent Development
Email: savelroly@gmail.com",,,
support@buildbook.co,BuildBook,United States,Medium,Client invoice follow-ups for BuildBook builders,"Dear BuildBook team,

BuildBook provides residential construction management with client invoicing and hosts public profiles for builders such as Ocean Construction.

For home builders using BuildBook, there may be scope for an AI agent to follow up on client invoices and check that selections are reflected correctly in billing.

I am Jacobs Roland, an AI automation specialist. I build OpenClaw-based AI agents that operate alongside existing accounting, ERP and billing systems, covering invoice tracking, payment follow-ups, reconciliation and financial reporting.

Would you be open to a brief 20-minute call in the coming weeks to explore whether this could be useful for BuildBook?

If this is not relevant to you, please let me know and I will not contact you again.

Kind regards,

Jacobs Roland
AI Automation Specialist | OpenClaw AI Agent Development
Email: savelroly@gmail.com",,,
support@caretlegal.com,CARET Legal,United States,Medium,Billing follow-ups for CARET Legal firms,"Dear CARET Legal team,

CARET Legal, formerly Zola Suite, offers built-in email within its practice management and billing platform.

With email already built into the platform, there may be scope for an AI agent to follow up on legal invoices and prepare trust reconciliation summaries.

My name is Jacobs Roland, and I am an AI automation specialist. I design OpenClaw-based AI agents that work with existing accounting, ERP and billing systems to support invoice tracking, payment follow-ups, reconciliation and financial reporting.

Would you be open to a brief 20-minute call in the coming weeks to explore whether this could be useful for CARET Legal?

If this is not relevant to you, please let me know and I will not contact you again.

Kind regards,

Jacobs Roland
AI Automation Specialist | OpenClaw AI Agent Development
Email: savelroly@gmail.com",,,
service@casefox.com,CaseFox,United States,Medium,Legal invoice reminders for CaseFox users,"Dear CaseFox team,

CaseFox provides legal billing and case management software.

For firms on CaseFox, there may be scope for an AI agent to send reminders on overdue legal invoices and raise alerts when retainers run low.

I am Jacobs Roland, an AI automation specialist who designs and builds OpenClaw-based AI agents. These agents work alongside existing accounting, ERP and billing systems to handle invoice tracking, payment follow-ups, reconciliation and financial reporting.

Would you be willing to have a short 20-minute conversation in the coming weeks to consider whether this might be of value to CaseFox?

If this is not relevant to you, please let me know and I will not contact you again.

Kind regards,

Jacobs Roland
AI Automation Specialist | OpenClaw AI Agent Development
Email: savelroly@gmail.com",,,
Support@Centerbase.com,Centerbase,United States,Medium,Matter billing and receivables reporting for Centerbase firms,"Dear Centerbase team,

Centerbase provides legal practice management with billing and accounting, supported by live assistance on weekdays from 7am to 7pm Central.

For mid-size firms, there may be scope for an AI agent to follow up on matter billing and prepare month-end receivables reports.

I am Jacobs Roland, an AI automation specialist. I design and build OpenClaw-based AI agents that work alongside existing accounting, ERP and billing systems to handle invoice tracking, payment follow-ups, reconciliation and financial reporting.

If it would be helpful, I would welcome a brief 20-minute call at a time convenient to you to discuss whether this could suit Centerbase.

If this is not relevant to you, please let me know and I will not contact you again.

Kind regards,

Jacobs Roland
AI Automation Specialist | OpenClaw AI Agent Development
Email: savelroly@gmail.com",,,
sales@contractorforeman.com,Contractor Foreman,United States,Medium,Subcontractor invoice reminders in Contractor Foreman,"Dear Contractor Foreman team,

Contractor Foreman serves both subcontractors and general contractors through one platform with estimates, invoices and payments.

There may be scope for an AI agent to send subcontractor invoice reminders and prepare reconciliation summaries against QuickBooks.

I am Jacobs Roland, an AI automation specialist who designs and builds OpenClaw-based AI agents. These agents work alongside existing accounting, ERP and billing systems to handle invoice tracking, payment follow-ups, reconciliation and financial reporting.

Would you be open to a brief 20-minute call in the coming weeks to explore whether this could be useful for Contractor Foreman?

If this is not relevant to you, please let me know and I will not contact you again.

Kind regards,

Jacobs Roland
AI Automation Specialist | OpenClaw AI Agent Development
Email: savelroly@gmail.com",,,
sales@fieldedge.com,FieldEdge,United States,Medium,QuickBooks invoice reconciliation for FieldEdge contractors,"Dear FieldEdge team,

FieldEdge provides field service software with invoicing and QuickBooks sync for HVAC, plumbing and electrical contractors.

There may be scope for an AI agent to reconcile contractor invoices against QuickBooks, send overdue reminders and prepare service agreement billing reports.

I am Jacobs Roland, an AI automation specialist who designs and builds OpenClaw-based AI agents. These agents work alongside existing accounting, ERP and billing systems to handle invoice tracking, payment follow-ups, reconciliation and financial reporting.

Would a short 20-minute call in the coming weeks be worthwhile to assess whether this could be useful for FieldEdge?

If this is not relevant to you, please let me know and I will not contact you again.

Kind regards,

Jacobs Roland
AI Automation Specialist | OpenClaw AI Agent Development
Email: savelroly@gmail.com",,,
support@hemlane.com,Hemlane,United States,Medium,Rent follow-ups and owner payout reporting for Hemlane,"Dear Hemlane team,

Hemlane publishes guidance for notifying tenants when a property moves to Hemlane.

For landlords collecting rent through Hemlane, there may be scope for an AI agent to follow up on late rent and prepare owner payout reports.

I am Jacobs Roland, an AI automation specialist who designs and builds OpenClaw-based AI agents. These agents work alongside existing accounting, ERP and billing systems to handle invoice tracking, payment follow-ups, reconciliation and financial reporting.

If it would be helpful, I would welcome a brief 20-minute call at a time convenient to you to discuss whether this could suit Hemlane.

If this is not relevant to you, please let me know and I will not contact you again.

Kind regards,

Jacobs Roland
AI Automation Specialist | OpenClaw AI Agent Development
Email: savelroly@gmail.com",,,
support@kickserv.com,Kickserv,United States,Medium,Open job invoice follow-ups for Kickserv users,"Dear Kickserv team,

Kickserv recently introduced a new Jobs page for its field service users.

There may be scope for an AI agent to follow up on open job invoices and send business owners a morning summary of payments received.

I am Jacobs Roland, an AI automation specialist. I build OpenClaw-based AI agents that operate alongside existing accounting, ERP and billing systems, covering invoice tracking, payment follow-ups, reconciliation and financial reporting.

Would a short 20-minute call in the coming weeks be worthwhile to assess whether this could be useful for Kickserv?

If this is not relevant to you, please let me know and I will not contact you again.

Kind regards,

Jacobs Roland
AI Automation Specialist | OpenClaw AI Agent Development
Email: savelroly@gmail.com",,,
support@lawcus.com,Lawcus,United States,Medium,Invoice follow-ups for Lawcus firms,"Dear Lawcus team,

Lawcus maintains a consultant directory for firms implementing its legal practice management platform.

For firms billing through Lawcus, there may be scope for an AI agent to follow up on invoices and prepare payment summaries, potentially as an option offered through implementation consultants.

I am Jacobs Roland, an AI automation specialist who designs and builds OpenClaw-based AI agents. These agents work alongside existing accounting, ERP and billing systems to handle invoice tracking, payment follow-ups, reconciliation and financial reporting.

Would you be open to a brief 20-minute call in the coming weeks to explore whether this could be useful for Lawcus?

If this is not relevant to you, please let me know and I will not contact you again.

Kind regards,

Jacobs Roland
AI Automation Specialist | OpenClaw AI Agent Development
Email: savelroly@gmail.com",,,
info@managecasa.com,ManageCasa,United States,Medium,Dues and rent delinquency follow-ups for ManageCasa,"Dear ManageCasa team,

ManageCasa serves both HOAs and rental property managers.

There may be scope for an AI agent to follow up on overdue dues and rent and prepare board reports for associations on ManageCasa.

I am Jacobs Roland, an AI automation specialist. I build OpenClaw-based AI agents that operate alongside existing accounting, ERP and billing systems, covering invoice tracking, payment follow-ups, reconciliation and financial reporting.

If it would be helpful, I would welcome a brief 20-minute call at a time convenient to you to discuss whether this could suit ManageCasa.

If this is not relevant to you, please let me know and I will not contact you again.

Kind regards,

Jacobs Roland
AI Automation Specialist | OpenClaw AI Agent Development
Email: savelroly@gmail.com",,,
info@markate.com,Markate,United States,Medium,Payment reconciliation for Markate service businesses,"Dear Markate team,

Markate provides CRM, scheduling, invoicing and payments for service businesses, with separate support, integration, sales and press contacts.

For the service businesses on Markate, there may be scope for an AI agent to send invoice reminders, reconcile payments and raise finance alerts.

My name is Jacobs Roland, and I am an AI automation specialist. I design OpenClaw-based AI agents that work with existing accounting, ERP and billing systems to support invoice tracking, payment follow-ups, reconciliation and financial reporting.

Would a short 20-minute call in the coming weeks be worthwhile to assess whether this could be useful for Markate?

If this is not relevant to you, please let me know and I will not contact you again.

Kind regards,

Jacobs Roland
AI Automation Specialist | OpenClaw AI Agent Development
Email: savelroly@gmail.com",,,
support@mhelpdesk.com,mHelpDesk,United States,Medium,Dispatch to payment follow-ups for mHelpDesk users,"Dear mHelpDesk team,

mHelpDesk supports service companies with scheduling, dispatch, invoicing and customer communication.

For small service companies, there may be scope for an AI agent to follow up on overdue invoices and send daily cash summaries.

I am Jacobs Roland, an AI automation specialist who designs and builds OpenClaw-based AI agents. These agents work alongside existing accounting, ERP and billing systems to handle invoice tracking, payment follow-ups, reconciliation and financial reporting.

I would be grateful for a brief 20-minute conversation, at your convenience, to explore whether this could add value for mHelpDesk.

If this is not relevant to you, please let me know and I will not contact you again.

Kind regards,

Jacobs Roland
AI Automation Specialist | OpenClaw AI Agent Development
Email: savelroly@gmail.com",,,
sales@mycase.com,MyCase,United States,Medium,Trust request follow-ups for MyCase firms,"Dear MyCase team,

MyCase provides legal practice management with billing and payments, with dedicated sales and support contacts for law firms.

There may be scope for an AI agent to send legal invoice reminders and follow up on trust requests for firms using MyCase.

I am Jacobs Roland, an AI automation specialist. I build OpenClaw-based AI agents that operate alongside existing accounting, ERP and billing systems, covering invoice tracking, payment follow-ups, reconciliation and financial reporting.

Would you be willing to have a short 20-minute conversation in the coming weeks to consider whether this might be of value to MyCase?

If this is not relevant to you, please let me know and I will not contact you again.

Kind regards,

Jacobs Roland
AI Automation Specialist | OpenClaw AI Agent Development
Email: savelroly@gmail.com",,,
info@nanonets.com,Nanonets,United States,Medium,Invoice matching after Nanonets extraction,"Dear Nanonets team,

Nanonets publishes a support and availability policy alongside its AI invoice data extraction and AP workflows.

After invoice data is extracted, there may be scope for an AI agent to match it to orders, follow up on incomplete invoices and produce a daily AP summary.

My name is Jacobs Roland, and I am an AI automation specialist. I design OpenClaw-based AI agents that work with existing accounting, ERP and billing systems to support invoice tracking, payment follow-ups, reconciliation and financial reporting.

If it would be helpful, I would welcome a brief 20-minute call at a time convenient to you to discuss whether this could suit Nanonets.

If this is not relevant to you, please let me know and I will not contact you again.

Kind regards,

Jacobs Roland
AI Automation Specialist | OpenClaw AI Agent Development
Email: savelroly@gmail.com",,,
sales@projul.com,Projul,United States,Medium,Deposit and progress invoice follow-ups for Projul,"Dear Projul team,

Projul provides construction CRM and project management with invoicing for contractors.

For remodelers using Projul, there may be scope for an AI agent to follow up on deposits and progress invoices and prepare regular cash receipt reports.

I am Jacobs Roland, an AI automation specialist. I build OpenClaw-based AI agents that operate alongside existing accounting, ERP and billing systems, covering invoice tracking, payment follow-ups, reconciliation and financial reporting.

Would you be open to a brief 20-minute call in the coming weeks to explore whether this could be useful for Projul?

If this is not relevant to you, please let me know and I will not contact you again.

Kind regards,

Jacobs Roland
AI Automation Specialist | OpenClaw AI Agent Development
Email: savelroly@gmail.com",,,
simplify@razorsync.com,RazorSync,United States,Medium,Work order to invoice matching for RazorSync,"Dear RazorSync team,

RazorSync provides field service software with work orders and invoicing.

There may be scope for an AI agent to match completed work orders to invoices and send staged reminders on overdue balances.

My name is Jacobs Roland, and I am an AI automation specialist. I design OpenClaw-based AI agents that work with existing accounting, ERP and billing systems to support invoice tracking, payment follow-ups, reconciliation and financial reporting.

Would you be willing to have a short 20-minute conversation in the coming weeks to consider whether this might be of value to RazorSync?

If this is not relevant to you, please let me know and I will not contact you again.

Kind regards,

Jacobs Roland
AI Automation Specialist | OpenClaw AI Agent Development
Email: savelroly@gmail.com",,,
support@rentredi.com,RentRedi,United States,Medium,Payment account triage for RentRedi,"Dear RentRedi team,

RentRedi runs separate phone lines for general enquiries, payment accounts, Spanish-language support and sales.

There may be scope for an AI agent to triage payment account issues, send late rent reminders and prepare landlord cash reports.

I am Jacobs Roland, an AI automation specialist. I build OpenClaw-based AI agents that operate alongside existing accounting, ERP and billing systems, covering invoice tracking, payment follow-ups, reconciliation and financial reporting.

I would be grateful for a brief 20-minute conversation, at your convenience, to explore whether this could add value for RentRedi.

If this is not relevant to you, please let me know and I will not contact you again.

Kind regards,

Jacobs Roland
AI Automation Specialist | OpenClaw AI Agent Development
Email: savelroly@gmail.com",,,
support@servicemonster.net,ServiceMonster,United States,Medium,Account balance follow-ups for ServiceMonster users,"Dear ServiceMonster team,

ServiceMonster provides CRM, scheduling and invoicing for cleaning and restoration businesses, including marketing features and email templates.

There may be scope for an AI agent to follow up on outstanding account balances and send daily payment summaries.

My name is Jacobs Roland, and I am an AI automation specialist. I design OpenClaw-based AI agents that work with existing accounting, ERP and billing systems to support invoice tracking, payment follow-ups, reconciliation and financial reporting.

I would be grateful for a brief 20-minute conversation, at your convenience, to explore whether this could add value for ServiceMonster.

If this is not relevant to you, please let me know and I will not contact you again.

Kind regards,

Jacobs Roland
AI Automation Specialist | OpenClaw AI Agent Development
Email: savelroly@gmail.com",,,
sales@SimplifyEm.com,SimplifyEm,United States,Medium,Landlord accounting summaries for SimplifyEm users,"Dear SimplifyEm team,

SimplifyEm provides property management with rent tracking and accounting.

There may be scope for an AI agent to follow up on late rent and prepare landlord accounting summaries.

I am Jacobs Roland, an AI automation specialist. I design and build OpenClaw-based AI agents that work alongside existing accounting, ERP and billing systems to handle invoice tracking, payment follow-ups, reconciliation and financial reporting.

Would you be willing to have a short 20-minute conversation in the coming weeks to consider whether this might be of value to SimplifyEm?

If this is not relevant to you, please let me know and I will not contact you again.

Kind regards,

Jacobs Roland
AI Automation Specialist | OpenClaw AI Agent Development
Email: savelroly@gmail.com",,,
info@smokeball.com,Smokeball,United States,Medium,Month-end receivables for Smokeball law firms,"Dear Smokeball team,

Smokeball runs a community forum for its law firm users.

For small firms billing through Smokeball, there may be scope for an AI agent to follow up on billing and prepare month-end receivables summaries.

I am Jacobs Roland, an AI automation specialist. I build OpenClaw-based AI agents that operate alongside existing accounting, ERP and billing systems, covering invoice tracking, payment follow-ups, reconciliation and financial reporting.

Would you be willing to have a short 20-minute conversation in the coming weeks to consider whether this might be of value to Smokeball?

If this is not relevant to you, please let me know and I will not contact you again.

Kind regards,

Jacobs Roland
AI Automation Specialist | OpenClaw AI Agent Development
Email: savelroly@gmail.com",,,
partnerships@turbotenant.com,TurboTenant,United States,Medium,Rent reminders and payment reports for TurboTenant,"Dear TurboTenant team,

TurboTenant provides rent collection and landlord tools, with separate support, partnerships and press contacts.

There may be scope for an AI agent to send late rent reminders and prepare landlord payment reports.

I am Jacobs Roland, an AI automation specialist. I build OpenClaw-based AI agents that operate alongside existing accounting, ERP and billing systems, covering invoice tracking, payment follow-ups, reconciliation and financial reporting.

I would be grateful for a brief 20-minute conversation, at your convenience, to explore whether this could add value for TurboTenant.

If this is not relevant to you, please let me know and I will not contact you again.

Kind regards,

Jacobs Roland
AI Automation Specialist | OpenClaw AI Agent Development
Email: savelroly@gmail.com",,,
info@uda1.com,UDA Technologies (ConstructionOnline),United States,Medium,Lead to billing reports for ConstructionOnline users,"Dear UDA Technologies (ConstructionOnline) team,

UDA Technologies supports builders using ConstructionOnline through chat, phone and email.

For builders estimating and invoicing in ConstructionOnline, there may be scope for an AI agent to follow up on invoices and prepare lead-to-billing reports.

My name is Jacobs Roland, and I am an AI automation specialist. I design OpenClaw-based AI agents that work with existing accounting, ERP and billing systems to support invoice tracking, payment follow-ups, reconciliation and financial reporting.

Would you be open to a brief 20-minute call in the coming weeks to explore whether this could be useful for UDA Technologies (ConstructionOnline)?

If this is not relevant to you, please let me know and I will not contact you again.

Kind regards,

Jacobs Roland
AI Automation Specialist | OpenClaw AI Agent Development
Email: savelroly@gmail.com",,,
info@unanet.com,Unanet,United States,Medium,Unbilled time alerts for Unanet GovCon customers,"Dear Unanet team,

Unanet offers Unanet University training for its ERP serving government contractors and AEC firms.

For GovCon firms, there may be scope for an AI agent to support project billing review, raise unbilled time alerts and prepare receivables reports.

I am Jacobs Roland, an AI automation specialist who designs and builds OpenClaw-based AI agents. These agents work alongside existing accounting, ERP and billing systems to handle invoice tracking, payment follow-ups, reconciliation and financial reporting.

Would you be willing to have a short 20-minute conversation in the coming weeks to consider whether this might be of value to Unanet?

If this is not relevant to you, please let me know and I will not contact you again.

Kind regards,

Jacobs Roland
AI Automation Specialist | OpenClaw AI Agent Development
Email: savelroly@gmail.com",,,
sales@workamajig.com,Workamajig,United States,Medium,Agency billing follow-ups for Workamajig users,"Dear Workamajig team,

Workamajig runs separate training tracks for agencies and in-house teams.

For agencies billing through Workamajig, there may be scope for an AI agent to follow up on client billing and reconcile media billing.

My name is Jacobs Roland, and I am an AI automation specialist. I design OpenClaw-based AI agents that work with existing accounting, ERP and billing systems to support invoice tracking, payment follow-ups, reconciliation and financial reporting.

I would be grateful for a brief 20-minute conversation, at your convenience, to explore whether this could add value for Workamajig.

If this is not relevant to you, please let me know and I will not contact you again.

Kind regards,

Jacobs Roland
AI Automation Specialist | OpenClaw AI Agent Development
Email: savelroly@gmail.com",,,
hello@workyard.com,Workyard,United States,Medium,Time to invoice checks for Workyard contractors,"Dear Workyard team,

Workyard offers pay period summary sign-off for crews within its time tracking and job costing platform.

There may be scope for an AI agent to check approved time against invoices and prepare job cost reports for contractors.

I am Jacobs Roland, an AI automation specialist. I design and build OpenClaw-based AI agents that work alongside existing accounting, ERP and billing systems to handle invoice tracking, payment follow-ups, reconciliation and financial reporting.

Would you be willing to have a short 20-minute conversation in the coming weeks to consider whether this might be of value to Workyard?

If this is not relevant to you, please let me know and I will not contact you again.

Kind regards,

Jacobs Roland
AI Automation Specialist | OpenClaw AI Agent Development
Email: savelroly@gmail.com",,,
Sales@B2BGateway.Net,B2BGateway,United States,Medium,Invoice acknowledgement checks for B2BGateway NetSuite users,"Dear B2BGateway team,

B2BGateway publishes on NetSuite EDI, Magento order flows and Dollar Tree's new EDI 850 specifications.

For NetSuite EDI customers, there may be scope for an AI agent to check invoice acknowledgements and follow up with retailers on late payments.

My name is Jacobs Roland, and I am an AI automation specialist. I design OpenClaw-based AI agents that work with existing accounting, ERP and billing systems to support invoice tracking, payment follow-ups, reconciliation and financial reporting.

Would a short 20-minute call in the coming weeks be worthwhile to assess whether this could be useful for B2BGateway?

If this is not relevant to you, please let me know and I will not contact you again.

Kind regards,

Jacobs Roland
AI Automation Specialist | OpenClaw AI Agent Development
Email: savelroly@gmail.com",,,
sales@cleo.com,Cleo,United States,Medium,EDI invoice exception alerts for Cleo customers,"Dear Cleo team,

Cleo provides B2B integration and EDI through Cleo Integration Cloud and Web EDI.

Since a single invoice exception can delay cash, there may be scope for an AI agent to monitor order-to-cash steps, alert on EDI invoice exceptions and send scheduled partner reports.

I am Jacobs Roland, an AI automation specialist who designs and builds OpenClaw-based AI agents. These agents work alongside existing accounting, ERP and billing systems to handle invoice tracking, payment follow-ups, reconciliation and financial reporting.

I would be grateful for a brief 20-minute conversation, at your convenience, to explore whether this could add value for Cleo.

If this is not relevant to you, please let me know and I will not contact you again.

Kind regards,

Jacobs Roland
AI Automation Specialist | OpenClaw AI Agent Development
Email: savelroly@gmail.com",,,
sales@dicentral.com,DiCentral,United States,Medium,Invoice rejection alerts for DiCentral suppliers,"Dear DiCentral team,

DiCentral publishes a guide to the basics of EDI billing.

As suppliers still need to notice rejected invoices and late remittances, there may be scope for an AI agent to raise rejection alerts and follow up on remittances.

I am Jacobs Roland, an AI automation specialist. I build OpenClaw-based AI agents that operate alongside existing accounting, ERP and billing systems, covering invoice tracking, payment follow-ups, reconciliation and financial reporting.

Would you be willing to have a short 20-minute conversation in the coming weeks to consider whether this might be of value to DiCentral?

If this is not relevant to you, please let me know and I will not contact you again.

Kind regards,

Jacobs Roland
AI Automation Specialist | OpenClaw AI Agent Development
Email: savelroly@gmail.com",,,
sales@ezcomsoftware.com,eZCom Software,United States,Medium,Retailer chargeback follow-ups for eZCom clients,"Dear eZCom Software team,

eZCom Software supports retailer EDI compliance, including for retailers such as Notions Marketing.

Since retail suppliers spend time on remittances and chargebacks after invoices are sent, there may be scope for an AI agent to follow up on chargebacks and invoice status for EDI clients.

My name is Jacobs Roland, and I am an AI automation specialist. I design OpenClaw-based AI agents that work with existing accounting, ERP and billing systems to support invoice tracking, payment follow-ups, reconciliation and financial reporting.

If it would be helpful, I would welcome a brief 20-minute call at a time convenient to you to discuss whether this could suit eZCom Software.

If this is not relevant to you, please let me know and I will not contact you again.

Kind regards,

Jacobs Roland
AI Automation Specialist | OpenClaw AI Agent Development
Email: savelroly@gmail.com",,,
info@arbelatech.com,Arbela Technologies,United States,Medium,Collections agents for Arbela Dynamics 365 Finance clients,"Dear Arbela Technologies team,

Arbela provides Microsoft consulting across Dynamics 365, Azure, Copilot and Power Platform.

For Dynamics 365 Finance clients, there may be scope for an AI agent to follow up on overdue invoices and prepare regular finance reports.

I am Jacobs Roland, an AI automation specialist. I build OpenClaw-based AI agents that operate alongside existing accounting, ERP and billing systems, covering invoice tracking, payment follow-ups, reconciliation and financial reporting.

I would be grateful for a brief 20-minute conversation, at your convenience, to explore whether this could add value for Arbela Technologies.

If this is not relevant to you, please let me know and I will not contact you again.

Kind regards,

Jacobs Roland
AI Automation Specialist | OpenClaw AI Agent Development
Email: savelroly@gmail.com",,,
solutions@blytheco.com,Blytheco,United States,Medium,Receivables follow-ups for Blytheco Sage and Acumatica clients,"Dear Blytheco team,

Blytheco reports more than 40 years of history and over 5,000 software implementations as a partner for Acumatica, Creatio, Sage Intacct and Sage 100.

Across that client base, there may be scope for an AI agent to follow up on receivables and prepare finance reports for Sage 100 and Acumatica users.

My name is Jacobs Roland, and I am an AI automation specialist. I design OpenClaw-based AI agents that work with existing accounting, ERP and billing systems to support invoice tracking, payment follow-ups, reconciliation and financial reporting.

Would you be open to a brief 20-minute call in the coming weeks to explore whether this could be useful for Blytheco?

If this is not relevant to you, please let me know and I will not contact you again.

Kind regards,

Jacobs Roland
AI Automation Specialist | OpenClaw AI Agent Development
Email: savelroly@gmail.com",,,
sales@calszone.com,CAL Business Solutions,United States,Medium,Receivables follow-ups for CAL migration clients,"Dear CAL Business Solutions team,

CAL Business Solutions in Harwinton, Connecticut is a Gold Certified Acumatica partner that also supports Dynamics 365 Business Central and Dynamics GP.

For clients moving from Dynamics GP to Acumatica or Business Central, there may be scope for an AI agent to follow up on receivables as part of the new setup.

I am Jacobs Roland, an AI automation specialist who designs and builds OpenClaw-based AI agents. These agents work alongside existing accounting, ERP and billing systems to handle invoice tracking, payment follow-ups, reconciliation and financial reporting.

Would you be willing to have a short 20-minute conversation in the coming weeks to consider whether this might be of value to CAL Business Solutions?

If this is not relevant to you, please let me know and I will not contact you again.

Kind regards,

Jacobs Roland
AI Automation Specialist | OpenClaw AI Agent Development
Email: savelroly@gmail.com",,,
info@cloud9erp.com,Cloud 9 ERP Solutions,United States,Medium,Acumatica collections follow-ups for Cloud 9 clients,"Dear Cloud 9 ERP Solutions team,

Cloud 9 ERP Solutions is a Gold Certified Acumatica partner based in Stamford, Connecticut.

For clients on Acumatica, there may be scope for an AI agent to send customer payment reminders and produce regular receivables summaries.

I am Jacobs Roland, an AI automation specialist. I design and build OpenClaw-based AI agents that work alongside existing accounting, ERP and billing systems to handle invoice tracking, payment follow-ups, reconciliation and financial reporting.

If it would be helpful, I would welcome a brief 20-minute call at a time convenient to you to discuss whether this could suit Cloud 9 ERP Solutions.

If this is not relevant to you, please let me know and I will not contact you again.

Kind regards,

Jacobs Roland
AI Automation Specialist | OpenClaw AI Agent Development
Email: savelroly@gmail.com",,,
marketing@crestwood.com,Crestwood Associates,United States,Medium,Invoice capture and overdue alerts for Crestwood clients,"Dear Crestwood Associates team,

Crestwood Associates publishes guidance on choosing the right ERP implementation partner for lasting success.

As part of ERP implementations, there may be scope for an AI agent to capture invoice data and raise overdue alerts for clients.

My name is Jacobs Roland, and I am an AI automation specialist. I design OpenClaw-based AI agents that work with existing accounting, ERP and billing systems to support invoice tracking, payment follow-ups, reconciliation and financial reporting.

I would be grateful for a brief 20-minute conversation, at your convenience, to explore whether this could add value for Crestwood Associates.

If this is not relevant to you, please let me know and I will not contact you again.

Kind regards,

Jacobs Roland
AI Automation Specialist | OpenClaw AI Agent Development
Email: savelroly@gmail.com",,,
info@dsdinc.com,DSD Business Systems,United States,Medium,Receivables reminders alongside DSD Sage 100 enhancements,"Dear DSD Business Systems team,

DSD Business Systems describes itself as an award-winning Acumatica, Sage 100 and Sage Intacct partner and master developer.

Alongside your Sage 100 enhancements, there may be scope for an AI agent to follow up on receivables and send payment reminders.

I am Jacobs Roland, an AI automation specialist who designs and builds OpenClaw-based AI agents. These agents work alongside existing accounting, ERP and billing systems to handle invoice tracking, payment follow-ups, reconciliation and financial reporting.

Would you be open to a brief 20-minute call in the coming weeks to explore whether this could be useful for DSD Business Systems?

If this is not relevant to you, please let me know and I will not contact you again.

Kind regards,

Jacobs Roland
AI Automation Specialist | OpenClaw AI Agent Development
Email: savelroly@gmail.com",,,
info@encompass-inc.com,Encompass Solutions,United States,Medium,Invoice follow-ups for Encompass manufacturing clients,"Dear Encompass Solutions team,

Encompass Solutions in Greensboro, North Carolina provides ERP consulting, EDI and managed services for manufacturers.

For manufacturing ERP and EDI clients, there may be scope for an AI agent to follow up on invoices and prepare regular finance reports.

I am Jacobs Roland, an AI automation specialist. I design and build OpenClaw-based AI agents that work alongside existing accounting, ERP and billing systems to handle invoice tracking, payment follow-ups, reconciliation and financial reporting.

Would you be willing to have a short 20-minute conversation in the coming weeks to consider whether this might be of value to Encompass Solutions?

If this is not relevant to you, please let me know and I will not contact you again.

Kind regards,

Jacobs Roland
AI Automation Specialist | OpenClaw AI Agent Development
Email: savelroly@gmail.com",,,
info@journeyteam.com,JourneyTEAM,United States,Medium,Weekly receivables reports for JourneyTEAM Business Central customers,"Dear JourneyTEAM team,

JourneyTEAM is a Dynamics 365 Business Central partner offering support across Dynamics 365, Azure, Power BI, SharePoint and Copilot.

For Business Central customers, there may be scope for an AI agent to send overdue invoice reminders and prepare weekly receivables reports.

My name is Jacobs Roland, and I am an AI automation specialist. I design OpenClaw-based AI agents that work with existing accounting, ERP and billing systems to support invoice tracking, payment follow-ups, reconciliation and financial reporting.

Would a short 20-minute call in the coming weeks be worthwhile to assess whether this could be useful for JourneyTEAM?

If this is not relevant to you, please let me know and I will not contact you again.

Kind regards,

Jacobs Roland
AI Automation Specialist | OpenClaw AI Agent Development
Email: savelroly@gmail.com",,,
info@metaoption.com,MetaOption,United States,Medium,Receivables follow-ups for clients moving to MetaOption,"Dear MetaOption team,

MetaOption has a dedicated page for organisations changing Microsoft Dynamics partner, with offices across the United States and Canada.

For clients switching partners, there may be scope for an AI agent to follow up on overdue invoices and prepare a weekly receivables report.

I am Jacobs Roland, an AI automation specialist who designs and builds OpenClaw-based AI agents. These agents work alongside existing accounting, ERP and billing systems to handle invoice tracking, payment follow-ups, reconciliation and financial reporting.

I would be grateful for a brief 20-minute conversation, at your convenience, to explore whether this could add value for MetaOption.

If this is not relevant to you, please let me know and I will not contact you again.

Kind regards,

Jacobs Roland
AI Automation Specialist | OpenClaw AI Agent Development
Email: savelroly@gmail.com",,,
info@netatwork.com,Net at Work,United States,Medium,One receivables agent across Net at Work Sage clients,"Dear Net at Work team,

Net at Work provides consulting and support across Sage Intacct, Sage 300 and Sage X3.

For clients across those systems, there may be scope for an AI agent to raise finance alerts and prepare receivables reports.

I am Jacobs Roland, an AI automation specialist. I design and build OpenClaw-based AI agents that work alongside existing accounting, ERP and billing systems to handle invoice tracking, payment follow-ups, reconciliation and financial reporting.

Would you be open to a brief 20-minute call in the coming weeks to explore whether this could be useful for Net at Work?

If this is not relevant to you, please let me know and I will not contact you again.

Kind regards,

Jacobs Roland
AI Automation Specialist | OpenClaw AI Agent Development
Email: savelroly@gmail.com",,,
info@stoneridgesoftware.com,Stoneridge Software,United States,Medium,AP capture and receivables reminders for Stoneridge clients,"Dear Stoneridge Software team,

Stoneridge Software is a Microsoft Dynamics 365 partner focused on Dynamics 365 and Business Central implementation.

For Business Central clients, there may be scope for an AI agent to extract invoice data and run receivables reminder workflows alongside the ERP.

I am Jacobs Roland, an AI automation specialist who designs and builds OpenClaw-based AI agents. These agents work alongside existing accounting, ERP and billing systems to handle invoice tracking, payment follow-ups, reconciliation and financial reporting.

Would a short 20-minute call in the coming weeks be worthwhile to assess whether this could be useful for Stoneridge Software?

If this is not relevant to you, please let me know and I will not contact you again.

Kind regards,

Jacobs Roland
AI Automation Specialist | OpenClaw AI Agent Development
Email: savelroly@gmail.com",,,
info@swktech.com,SWK Technologies,United States,Medium,Sage Intacct collections reminders for SWK clients,"Dear SWK Technologies team,

Congratulations on SWK Technologies being named Sage Intacct Rookie Partner of the Year 2022; I understand you are headquartered in East Hanover, New Jersey.

For Sage Intacct and Sage 100 clients across your offices, there may be scope for an AI agent to send receivables reminders and prepare finance reports.

I am Jacobs Roland, an AI automation specialist. I design and build OpenClaw-based AI agents that work alongside existing accounting, ERP and billing systems to handle invoice tracking, payment follow-ups, reconciliation and financial reporting.

I would be grateful for a brief 20-minute conversation, at your convenience, to explore whether this could add value for SWK Technologies.

If this is not relevant to you, please let me know and I will not contact you again.

Kind regards,

Jacobs Roland
AI Automation Specialist | OpenClaw AI Agent Development
Email: savelroly@gmail.com",,,
contact@techfino.com,Techfino,United States,Medium,Post-go-live invoice alerts for Techfino NetSuite customers,"Dear Techfino team,

Techfino is an official Oracle NetSuite partner based at Market Street in Philadelphia.

Building on clients' NetSuite data, there may be scope for an AI agent to raise invoice tracking alerts and prepare month-end finance reports.

I am Jacobs Roland, an AI automation specialist. I build OpenClaw-based AI agents that operate alongside existing accounting, ERP and billing systems, covering invoice tracking, payment follow-ups, reconciliation and financial reporting.

Would you be open to a brief 20-minute call in the coming weeks to explore whether this could be useful for Techfino?

If this is not relevant to you, please let me know and I will not contact you again.

Kind regards,

Jacobs Roland
AI Automation Specialist | OpenClaw AI Agent Development
Email: savelroly@gmail.com",,,
info@velosio.com,Velosio,United States,Medium,Dynamics 365 finance alerts for Velosio customers,"Dear Velosio team,

Velosio provides Microsoft Dynamics 365 implementation and support, with local pages such as Dynamics 365 New York.

For Dynamics 365 customers, there may be scope for an AI agent to follow up on overdue invoices and raise finance alerts.

I am Jacobs Roland, an AI automation specialist. I design and build OpenClaw-based AI agents that work alongside existing accounting, ERP and billing systems to handle invoice tracking, payment follow-ups, reconciliation and financial reporting.

Would a short 20-minute call in the coming weeks be worthwhile to assess whether this could be useful for Velosio?

If this is not relevant to you, please let me know and I will not contact you again.

Kind regards,

Jacobs Roland
AI Automation Specialist | OpenClaw AI Agent Development
Email: savelroly@gmail.com",,,
info@westerncomputer.com,Western Computer,United States,Medium,Receivables agents for Western Computer Business Central clients,"Dear Western Computer team,

Western Computer published the Iron Container story about moving from NetSuite to Business Central.

For clients moving to Business Central from NetSuite or GP, there may be scope for an AI agent to send invoice reminders and prepare receivables reports.

I am Jacobs Roland, an AI automation specialist. I build OpenClaw-based AI agents that operate alongside existing accounting, ERP and billing systems, covering invoice tracking, payment follow-ups, reconciliation and financial reporting.

I would be grateful for a brief 20-minute conversation, at your convenience, to explore whether this could add value for Western Computer.

If this is not relevant to you, please let me know and I will not contact you again.

Kind regards,

Jacobs Roland
AI Automation Specialist | OpenClaw AI Agent Development
Email: savelroly@gmail.com",,,
president@caine-weiner.com,Caine & Weiner,United States,Medium,Placement intake for Caine & Weiner commercial collections,"Dear Caine & Weiner team,

Caine & Weiner provides B2B commercial collections from Sherman Oaks, California, with locations in Schaumburg, Buffalo and Louisville.

Since placements arrive with invoices in many formats, there may be scope for an AI agent to extract account details, schedule follow-ups and give clients a status summary on each placement.

I am Jacobs Roland, an AI automation specialist who designs and builds OpenClaw-based AI agents. These agents work alongside existing accounting, ERP and billing systems to handle invoice tracking, payment follow-ups, reconciliation and financial reporting.

Would you be willing to have a short 20-minute conversation in the coming weeks to consider whether this might be of value to Caine & Weiner?

If this is not relevant to you, please let me know and I will not contact you again.

Kind regards,

Jacobs Roland
AI Automation Specialist | OpenClaw AI Agent Development
Email: savelroly@gmail.com",,,
info@crfsolutions.com,CRF Solutions,United States,Medium,Account status summaries for CRF Solutions clients,"Dear CRF Solutions team,

CRF Solutions provides receivables management and collection services from Simi Valley, California.

As clients value regular updates on their accounts, there may be scope for an AI agent to take in claims from invoices, schedule debtor follow-ups and send each client a scheduled status summary.

I am Jacobs Roland, an AI automation specialist. I design and build OpenClaw-based AI agents that work alongside existing accounting, ERP and billing systems to handle invoice tracking, payment follow-ups, reconciliation and financial reporting.

If it would be helpful, I would welcome a brief 20-minute call at a time convenient to you to discuss whether this could suit CRF Solutions.

If this is not relevant to you, please let me know and I will not contact you again.

Kind regards,

Jacobs Roland
AI Automation Specialist | OpenClaw AI Agent Development
Email: savelroly@gmail.com",,,
support@hiveage.com,Hiveage,United States,Medium,Receivables follow-ups through the Hiveage API,"Dear Hiveage team,

Hiveage offers online invoicing and a public API, with offices in Boston and London.

Using the API, there may be scope for an AI agent to read open invoices, send follow-ups at set intervals and produce a weekly receivables report for each account.

I am Jacobs Roland, an AI automation specialist. I build OpenClaw-based AI agents that operate alongside existing accounting, ERP and billing systems, covering invoice tracking, payment follow-ups, reconciliation and financial reporting.

If it would be helpful, I would welcome a brief 20-minute call at a time convenient to you to discuss whether this could suit Hiveage.

If this is not relevant to you, please let me know and I will not contact you again.

Kind regards,

Jacobs Roland
AI Automation Specialist | OpenClaw AI Agent Development
Email: savelroly@gmail.com",,,
hello@onphase.com,onPhase (formerly iPayables / DocuPhase),United States,Medium,Supplier invoice status queries at onPhase,"Dear onPhase (formerly iPayables / DocuPhase) team,

onPhase, formerly iPayables and DocuPhase, provides AP automation and payments, with a dedicated channel for supplier invoice enquiries.

As many supplier enquiries concern invoice status, there may be scope for an AI agent to answer routine questions from AP data and leave exceptions to your team.

My name is Jacobs Roland, and I am an AI automation specialist. I design OpenClaw-based AI agents that work with existing accounting, ERP and billing systems to support invoice tracking, payment follow-ups, reconciliation and financial reporting.

If it would be helpful, I would welcome a brief 20-minute call at a time convenient to you to discuss whether this could suit onPhase (formerly iPayables / DocuPhase).

If this is not relevant to you, please let me know and I will not contact you again.

Kind regards,

Jacobs Roland
AI Automation Specialist | OpenClaw AI Agent Development
Email: savelroly@gmail.com",,,
info@1stcommercialcredit.com,1st Commercial Credit,United States,Medium,Invoice verification for 1st Commercial Credit,"Dear 1st Commercial Credit team,

1st Commercial Credit provides invoice factoring, purchase order financing and asset-based lending from Austin, with offices across Texas and in Atlanta, Chicago and Miami.

With several offices, there may be scope for an AI agent to verify submitted invoices, match debtor payments, raise aging alerts and send consistent account reports to clients.

I am Jacobs Roland, an AI automation specialist. I design and build OpenClaw-based AI agents that work alongside existing accounting, ERP and billing systems to handle invoice tracking, payment follow-ups, reconciliation and financial reporting.

I would be grateful for a brief 20-minute conversation, at your convenience, to explore whether this could add value for 1st Commercial Credit.

If this is not relevant to you, please let me know and I will not contact you again.

Kind regards,

Jacobs Roland
AI Automation Specialist | OpenClaw AI Agent Development
Email: savelroly@gmail.com",,,
support@lawpay.com,8am LawPay,United States,Medium,Trust and operating reconciliation for 8am LawPay,"Dear 8am LawPay team,

LawPay is rebranding as 8am LawPay, as outlined in its brand FAQ.

As law firms keep trust and operating funds separate, there may be scope for an AI agent to match each payment to the correct account, follow up on unpaid invoices and send partners a firm cash report.

I am Jacobs Roland, an AI automation specialist. I build OpenClaw-based AI agents that operate alongside existing accounting, ERP and billing systems, covering invoice tracking, payment follow-ups, reconciliation and financial reporting.

Would you be open to a brief 20-minute call in the coming weeks to explore whether this could be useful for 8am LawPay?

If this is not relevant to you, please let me know and I will not contact you again.

Kind regards,

Jacobs Roland
AI Automation Specialist | OpenClaw AI Agent Development
Email: savelroly@gmail.com",,,
info@apexcapitalcorp.com,Apex Capital Corp,United States,Medium,Debtor verification follow-ups for Apex Capital,"Dear Apex Capital Corp team,

Apex Capital Corp factors invoices for trucking and other industries from Fort Worth and publishes guidance on freight factoring and fraud.

As purchased invoices involve verification and payment status checks, there may be scope for an AI agent to follow up on debtor verification, check invoice status and prepare daily funding reports.

My name is Jacobs Roland, and I am an AI automation specialist. I design OpenClaw-based AI agents that work with existing accounting, ERP and billing systems to support invoice tracking, payment follow-ups, reconciliation and financial reporting.

Would you be willing to have a short 20-minute conversation in the coming weeks to consider whether this might be of value to Apex Capital Corp?

If this is not relevant to you, please let me know and I will not contact you again.

Kind regards,

Jacobs Roland
AI Automation Specialist | OpenClaw AI Agent Development
Email: savelroly@gmail.com",,,
support@baselane.com,Baselane,United States,Medium,Property P&L reporting for Baselane landlords,"Dear Baselane team,

Baselane provides banking, rent collection and bookkeeping for landlords, with banking through Thread Bank and support seven days a week.

There may be scope for an AI agent to categorise rent receipts, follow up on late rent and prepare property P&L reports.

I am Jacobs Roland, an AI automation specialist. I build OpenClaw-based AI agents that operate alongside existing accounting, ERP and billing systems, covering invoice tracking, payment follow-ups, reconciliation and financial reporting.

I would be grateful for a brief 20-minute conversation, at your convenience, to explore whether this could add value for Baselane.

If this is not relevant to you, please let me know and I will not contact you again.

Kind regards,

Jacobs Roland
AI Automation Specialist | OpenClaw AI Agent Development
Email: savelroly@gmail.com",,,
info@bayviewfunding.com,Bay View Funding,United States,Medium,Debtor payment matching for Bay View Funding,"Dear Bay View Funding team,

Bay View Funding provides invoice factoring and working capital for small businesses from San Jose, California.

Since debtor payments often arrive with limited remittance detail, there may be scope for an AI agent to match payments to factored invoices, raise aging alerts and report on client accounts.

My name is Jacobs Roland, and I am an AI automation specialist. I design OpenClaw-based AI agents that work with existing accounting, ERP and billing systems to support invoice tracking, payment follow-ups, reconciliation and financial reporting.

Would you be open to a brief 20-minute call in the coming weeks to explore whether this could be useful for Bay View Funding?

If this is not relevant to you, please let me know and I will not contact you again.

Kind regards,

Jacobs Roland
AI Automation Specialist | OpenClaw AI Agent Development
Email: savelroly@gmail.com",,,
grow@billd.com,Billd,United States,Medium,Repayment reminders for Billd subcontractors,"Dear Billd team,

Billd offers payment terms on construction materials for commercial subcontractors.

There may be scope for an AI agent to send repayment reminders, confirm supplier payments and prepare portfolio reports.

I am Jacobs Roland, an AI automation specialist who designs and builds OpenClaw-based AI agents. These agents work alongside existing accounting, ERP and billing systems to handle invoice tracking, payment follow-ups, reconciliation and financial reporting.

Would you be willing to have a short 20-minute conversation in the coming weeks to consider whether this might be of value to Billd?

If this is not relevant to you, please let me know and I will not contact you again.

Kind regards,

Jacobs Roland
AI Automation Specialist | OpenClaw AI Agent Development
Email: savelroly@gmail.com",,,
hello@bobtail.com,Bobtail,United States,Medium,Invoice status updates for Bobtail carriers,"Dear Bobtail team,

Bobtail released a mobile factoring app and offers a fleet card alongside freight factoring for trucking companies.

As carriers submit invoices from their phones, there may be scope for an AI agent to answer invoice status questions in the app and follow up with brokers on late payments.

I am Jacobs Roland, an AI automation specialist. I build OpenClaw-based AI agents that operate alongside existing accounting, ERP and billing systems, covering invoice tracking, payment follow-ups, reconciliation and financial reporting.

Would a short 20-minute call in the coming weeks be worthwhile to assess whether this could be useful for Bobtail?

If this is not relevant to you, please let me know and I will not contact you again.

Kind regards,

Jacobs Roland
AI Automation Specialist | OpenClaw AI Agent Development
Email: savelroly@gmail.com",,,
hello@capchase.com,Capchase,United States,Medium,Buyer payment follow-ups for Capchase B2B flows,"Dear Capchase team,

Capchase describes its mission as reimagining B2B payments and financing, and offers Capchase Grow revenue financing.

Since flexible payment terms call for close attention to buyer payments, there may be scope for an AI agent to track customer invoices and send payment reminders.

I am Jacobs Roland, an AI automation specialist who designs and builds OpenClaw-based AI agents. These agents work alongside existing accounting, ERP and billing systems to handle invoice tracking, payment follow-ups, reconciliation and financial reporting.

Would you be open to a brief 20-minute call in the coming weeks to explore whether this could be useful for Capchase?

If this is not relevant to you, please let me know and I will not contact you again.

Kind regards,

Jacobs Roland
AI Automation Specialist | OpenClaw AI Agent Development
Email: savelroly@gmail.com",,,
info@capflowfunding.com,CapFlow Funding Group,United States,Medium,Invoice intake checks for CapFlow FactorLOC clients,"Dear CapFlow Funding Group team,

CapFlow Funding Group recently launched its FactorLOC factoring line of credit and publishes guidance on submitting invoices for factoring.

Since intake errors such as missing details or duplicate submissions slow funding, there may be scope for an AI agent to check invoice submissions and follow up with debtors.

I am Jacobs Roland, an AI automation specialist. I design and build OpenClaw-based AI agents that work alongside existing accounting, ERP and billing systems to handle invoice tracking, payment follow-ups, reconciliation and financial reporting.

Would you be willing to have a short 20-minute conversation in the coming weeks to consider whether this might be of value to CapFlow Funding Group?

If this is not relevant to you, please let me know and I will not contact you again.

Kind regards,

Jacobs Roland
AI Automation Specialist | OpenClaw AI Agent Development
Email: savelroly@gmail.com",,,
info@capstonetrade.com,Capstone Capital Group,United States,Medium,Factored receivables tracking for Capstone Capital Group,"Dear Capstone Capital Group team,

Capstone Capital Group provides purchase order financing and factoring from Rochelle Park, New Jersey, and writes about royalty factoring for musicians.

There may be scope for an AI agent to verify invoices, match debtor payments, raise aging alerts and prepare client account reports for factored receivables.

I am Jacobs Roland, an AI automation specialist. I build OpenClaw-based AI agents that operate alongside existing accounting, ERP and billing systems, covering invoice tracking, payment follow-ups, reconciliation and financial reporting.

If it would be helpful, I would welcome a brief 20-minute call at a time convenient to you to discuss whether this could suit Capstone Capital Group.

If this is not relevant to you, please let me know and I will not contact you again.

Kind regards,

Jacobs Roland
AI Automation Specialist | OpenClaw AI Agent Development
Email: savelroly@gmail.com",,,
support@creditkey.com,Credit Key,United States,Medium,Merchant settlement reporting for Credit Key,"Dear Credit Key team,

Credit Key offers B2B payment terms at checkout for merchants such as restaurant suppliers.

There may be scope for an AI agent to follow up on repayments, prepare merchant settlement reports and triage support requests.

I am Jacobs Roland, an AI automation specialist. I design and build OpenClaw-based AI agents that work alongside existing accounting, ERP and billing systems to handle invoice tracking, payment follow-ups, reconciliation and financial reporting.

Would you be open to a brief 20-minute call in the coming weeks to explore whether this could be useful for Credit Key?

If this is not relevant to you, please let me know and I will not contact you again.

Kind regards,

Jacobs Roland
AI Automation Specialist | OpenClaw AI Agent Development
Email: savelroly@gmail.com",,,
support@dwolla.com,Dwolla,United States,Medium,ACH return follow-ups for Dwolla platforms,"Dear Dwolla team,

Dwolla recently introduced a new contact information page in its dashboard.

For platform clients using Dwolla's ACH and account-to-account payments, there may be scope for an AI agent to follow up on ACH returns and reconcile payments.

I am Jacobs Roland, an AI automation specialist. I build OpenClaw-based AI agents that operate alongside existing accounting, ERP and billing systems, covering invoice tracking, payment follow-ups, reconciliation and financial reporting.

Would you be willing to have a short 20-minute conversation in the coming weeks to consider whether this might be of value to Dwolla?

If this is not relevant to you, please let me know and I will not contact you again.

Kind regards,

Jacobs Roland
AI Automation Specialist | OpenClaw AI Agent Development
Email: savelroly@gmail.com",,,
contact@expresstradecapital.com,Express Trade Capital,United States,Medium,Shipment to invoice tracking for Express Trade Capital,"Dear Express Trade Capital team,

Express Trade Capital provides factoring, PO financing and trade finance from North Miami Beach, with an office in New York.

As trade finance relies on matching shipments, invoices and payments, there may be scope for an AI agent to verify invoices, match debtor payments and alert your team when a payment is late.

I am Jacobs Roland, an AI automation specialist. I design and build OpenClaw-based AI agents that work alongside existing accounting, ERP and billing systems to handle invoice tracking, payment follow-ups, reconciliation and financial reporting.

I would be grateful for a brief 20-minute conversation, at your convenience, to explore whether this could add value for Express Trade Capital.

If this is not relevant to you, please let me know and I will not contact you again.

Kind regards,

Jacobs Roland
AI Automation Specialist | OpenClaw AI Agent Development
Email: savelroly@gmail.com",,,
info@fastarfunding.com,Fast A/R Funding,United States,Medium,Online submission checks at Fast A/R Funding,"Dear Fast A/R Funding team,

Fast A/R Funding provides accounts receivable factoring, including online factoring, from Sherman Oaks, California.

There may be scope for an AI agent to verify submitted invoices, check for duplicates or missing data and track debtor payments after funding.

I am Jacobs Roland, an AI automation specialist. I build OpenClaw-based AI agents that operate alongside existing accounting, ERP and billing systems, covering invoice tracking, payment follow-ups, reconciliation and financial reporting.

Would you be open to a brief 20-minute call in the coming weeks to explore whether this could be useful for Fast A/R Funding?

If this is not relevant to you, please let me know and I will not contact you again.

Kind regards,

Jacobs Roland
AI Automation Specialist | OpenClaw AI Agent Development
Email: savelroly@gmail.com",,,
cardservices@finexio.com,Finexio,United States,Medium,Supplier remittance queries at Finexio,"Dear Finexio team,

Finexio provides AP payments as a service with card and ACH, and runs a referral programme and card payment FAQ for suppliers.

There may be scope for an AI agent to respond to supplier payment status queries and match remittances.

My name is Jacobs Roland, and I am an AI automation specialist. I design OpenClaw-based AI agents that work with existing accounting, ERP and billing systems to support invoice tracking, payment follow-ups, reconciliation and financial reporting.

Would you be willing to have a short 20-minute conversation in the coming weeks to consider whether this might be of value to Finexio?

If this is not relevant to you, please let me know and I will not contact you again.

Kind regards,

Jacobs Roland
AI Automation Specialist | OpenClaw AI Agent Development
Email: savelroly@gmail.com",,,
support@finix.com,Finix,United States,Medium,Settlement reconciliation for Finix platforms,"Dear Finix team,

Finix provides payments infrastructure for software platforms and documents its support process.

There may be scope for an AI agent to reconcile settlements and follow up on disputes for platform clients.

I am Jacobs Roland, an AI automation specialist who designs and builds OpenClaw-based AI agents. These agents work alongside existing accounting, ERP and billing systems to handle invoice tracking, payment follow-ups, reconciliation and financial reporting.

If it would be helpful, I would welcome a brief 20-minute call at a time convenient to you to discuss whether this could suit Finix.

If this is not relevant to you, please let me know and I will not contact you again.

Kind regards,

Jacobs Roland
AI Automation Specialist | OpenClaw AI Agent Development
Email: savelroly@gmail.com",,,
help@found.com,Found,United States,Medium,Unpaid invoice reminders for Found members,"Dear Found team,

Found combines banking, invoicing and bookkeeping for self-employed people.

There may be scope for an AI agent to send unpaid invoice reminders and prepare tax set-aside summaries for Found members.

I am Jacobs Roland, an AI automation specialist. I build OpenClaw-based AI agents that operate alongside existing accounting, ERP and billing systems, covering invoice tracking, payment follow-ups, reconciliation and financial reporting.

I would be grateful for a brief 20-minute conversation, at your convenience, to explore whether this could add value for Found.

If this is not relevant to you, please let me know and I will not contact you again.

Kind regards,

Jacobs Roland
AI Automation Specialist | OpenClaw AI Agent Development
Email: savelroly@gmail.com",,,
support@fundbox.com,Fundbox,United States,Medium,Repayment reminders for Fundbox credit lines,"Dear Fundbox team,

I noted that Fundbox supports small businesses with credit lines and B2B payment terms, with its team available on weekdays.

With that in mind, there may be scope for an AI agent to prepare repayment reminders and borrower statement summaries alongside your existing systems, working within the tools your team already uses.

I am Jacobs Roland, an AI automation specialist. I design and build OpenClaw-based AI agents that work alongside existing accounting, ERP and billing systems to handle invoice tracking, payment follow-ups, reconciliation and financial reporting.

Would you be open to a brief 20-minute call in the coming weeks to explore whether this could be useful for Fundbox?

If this is not relevant to you, please let me know and I will not contact you again.

Kind regards,

Jacobs Roland
AI Automation Specialist | OpenClaw AI Agent Development
Email: savelroly@gmail.com",,,
gateway@gatewaycfs.com,Gateway Commercial Finance,United States,Medium,Invoice intake support for Gateway factoring clients,"Dear Gateway Commercial Finance team,

I noted that Gateway Commercial Finance offers accounts receivable factoring, with dedicated pages for staffing and cell tower companies as well as a factoring broker programme.

There may be scope for an AI agent to handle client invoice intake, debtor follow-ups and broker referral reporting, giving your team more time for higher-value work.

I am Jacobs Roland, an AI automation specialist, and I design and build OpenClaw-based AI agents that operate alongside existing accounting, ERP and billing systems, covering invoice tracking, payment follow-ups, reconciliation and financial reporting.

Would you be open to a brief 20-minute call in the coming weeks to explore whether this could be useful for Gateway Commercial Finance?

If this is not relevant to you, please let me know and I will not contact you again.

Kind regards,

Jacobs Roland
AI Automation Specialist | OpenClaw AI Agent Development
Email: savelroly@gmail.com",,,
info@interstatecapital.com,Interstate Capital,United States,Medium,Debtor payment matching for Interstate Capital,"Dear Interstate Capital team,

I noted that Interstate Capital offers invoice factoring, reverse factoring and trucking factoring, with a factoring line available around the clock.

There may be scope for an AI agent to verify invoices, match debtor payments, raise ageing alerts and prepare client account reports, giving your team more time for higher-value work.

My name is Jacobs Roland and I am an AI automation specialist. I build OpenClaw-based AI agents that sit alongside existing accounting, ERP and billing systems and take on invoice tracking, payment follow-ups, reconciliation and financial reporting.

Would you be willing to have a short 20-minute conversation in the coming weeks to consider whether this might be of value to Interstate Capital?

If this is not relevant to you, please let me know and I will not contact you again.

Kind regards,

Jacobs Roland
AI Automation Specialist | OpenClaw AI Agent Development
Email: savelroly@gmail.com",,,
info@mazon.com,Mazon Associates,United States,Medium,Client account statements for Mazon factoring,"Dear Mazon Associates team,

I noted that Mazon Associates was named Best Factoring Company 2026, and wished to offer my congratulations.

I believe there may be scope for an AI agent to prepare debtor follow-ups and client account statements for factored invoices, while your existing processes remain in place.

I am Jacobs Roland, an AI automation specialist, and I design and build OpenClaw-based AI agents that operate alongside existing accounting, ERP and billing systems, covering invoice tracking, payment follow-ups, reconciliation and financial reporting.

If it would be helpful, I would welcome a brief 20-minute call at a convenient time to discuss whether this could suit Mazon Associates.

If this is not relevant to you, please let me know and I will not contact you again.

Kind regards,

Jacobs Roland
AI Automation Specialist | OpenClaw AI Agent Development
Email: savelroly@gmail.com",,,
support@melio.com,Melio,United States,Medium,Incoming payment tracking for Melio users,"Dear Melio team,

I noted that Melio's help centre explains how users can track all incoming payments and manage vendor contact details.

With that in mind, there may be scope for an AI agent to track incoming payments, follow up on invoices and support payment reconciliation, working within the tools your team already uses.

My name is Jacobs Roland and I am an AI automation specialist. I build OpenClaw-based AI agents that sit alongside existing accounting, ERP and billing systems and take on invoice tracking, payment follow-ups, reconciliation and financial reporting.

If it would be helpful, I would welcome a brief 20-minute call at a convenient time to discuss whether this could suit Melio.

If this is not relevant to you, please let me know and I will not contact you again.

Kind regards,

Jacobs Roland
AI Automation Specialist | OpenClaw AI Agent Development
Email: savelroly@gmail.com",,,
info@milbergfactors.com,Milberg Factors,United States,Medium,Credit alerts on Milberg client receivables,"Dear Milberg Factors team,

I noted that Milberg Factors publishes on collection factoring and the credit protection of receivables.

There may be scope for an AI agent to handle collection factoring follow-ups and raise credit alerts on client receivables, giving your team more time for higher-value work.

I am Jacobs Roland, an AI automation specialist. I design and build OpenClaw-based AI agents that work alongside existing accounting, ERP and billing systems to handle invoice tracking, payment follow-ups, reconciliation and financial reporting.

Might you have 20 minutes in the coming weeks for a short call to assess whether this would be useful for Milberg Factors?

If this is not relevant to you, please let me know and I will not contact you again.

Kind regards,

Jacobs Roland
AI Automation Specialist | OpenClaw AI Agent Development
Email: savelroly@gmail.com",,,
mtsupport@mineraltree.com,MineralTree,United States,Medium,Invoice approval reminders for MineralTree customers,"Dear MineralTree team,

I noted that MineralTree publishes guidance on invoice fraud detection and AP fraud risk.

In that context, there may be scope to use an AI agent to raise vendor-change alerts, send invoice approval reminders and prepare payment run reports.

I am Jacobs Roland, an AI automation specialist, and I design and build OpenClaw-based AI agents that operate alongside existing accounting, ERP and billing systems, covering invoice tracking, payment follow-ups, reconciliation and financial reporting.

Might you have 20 minutes in the coming weeks for a short call to assess whether this would be useful for MineralTree?

If this is not relevant to you, please let me know and I will not contact you again.

Kind regards,

Jacobs Roland
AI Automation Specialist | OpenClaw AI Agent Development
Email: savelroly@gmail.com",,,
info@otrsolutions.com,OTR Solutions,United States,Medium,Carrier invoice status updates for OTR Solutions,"Dear OTR Solutions team,

I noted that OTR Solutions provides freight factoring and fuel programmes for carriers from Roswell, Georgia.

With that in mind, there may be scope for an AI agent to follow up on broker payments and send carrier invoice status updates, working within the tools your team already uses.

I am Jacobs Roland, an AI automation specialist. I design and build OpenClaw-based AI agents that work alongside existing accounting, ERP and billing systems to handle invoice tracking, payment follow-ups, reconciliation and financial reporting.

Would you be open to a brief 20-minute call in the coming weeks to explore whether this could be useful for OTR Solutions?

If this is not relevant to you, please let me know and I will not contact you again.

Kind regards,

Jacobs Roland
AI Automation Specialist | OpenClaw AI Agent Development
Email: savelroly@gmail.com",,,
info@paymentworks.com,PaymentWorks,United States,Medium,Payee onboarding reminders for PaymentWorks,"Dear PaymentWorks team,

I noted that PaymentWorks focuses on supplier onboarding, payee verification and B2B payment fraud prevention.

I believe there may be scope for an AI agent to send payee onboarding reminders, flag bank detail changes and prepare vendor master reports, while your existing processes remain in place.

I am Jacobs Roland, an AI automation specialist. I design and build OpenClaw-based AI agents that work alongside existing accounting, ERP and billing systems to handle invoice tracking, payment follow-ups, reconciliation and financial reporting.

Would you be willing to have a short 20-minute conversation in the coming weeks to consider whether this might be of value to PaymentWorks?

If this is not relevant to you, please let me know and I will not contact you again.

Kind regards,

Jacobs Roland
AI Automation Specialist | OpenClaw AI Agent Development
Email: savelroly@gmail.com",,,
support@paymerang.com,Paymerang,United States,Medium,Vendor payment status responses for Paymerang,"Dear Paymerang team,

I noted that Paymerang offers KwikTag document management support alongside its AP payment services.

With that in mind, there may be scope for an AI agent to answer vendor payment status queries and follow up on invoice capture, working within the tools your team already uses.

I am Jacobs Roland, an AI automation specialist, and I design and build OpenClaw-based AI agents that operate alongside existing accounting, ERP and billing systems, covering invoice tracking, payment follow-ups, reconciliation and financial reporting.

Would you be willing to have a short 20-minute conversation in the coming weeks to consider whether this might be of value to Paymerang?

If this is not relevant to you, please let me know and I will not contact you again.

Kind regards,

Jacobs Roland
AI Automation Specialist | OpenClaw AI Agent Development
Email: savelroly@gmail.com",,,
support@plastiq.com,Plastiq,United States,Medium,Vendor payment status updates for Plastiq,"Dear Plastiq team,

I noted that Plastiq lets businesses pay invoices by card and runs dedicated account services, refunds and payment-service inboxes.

I believe there may be scope for an AI agent to send payment status updates to vendors and match invoices to payments, while your existing processes remain in place.

I am Jacobs Roland, an AI automation specialist, and I design and build OpenClaw-based AI agents that operate alongside existing accounting, ERP and billing systems, covering invoice tracking, payment follow-ups, reconciliation and financial reporting.

If it would be helpful, I would welcome a brief 20-minute call at a convenient time to discuss whether this could suit Plastiq.

If this is not relevant to you, please let me know and I will not contact you again.

Kind regards,

Jacobs Roland
AI Automation Specialist | OpenClaw AI Agent Development
Email: savelroly@gmail.com",,,
sales@qualpay.com,Qualpay,United States,Medium,Failed recurring payment follow-ups for Qualpay,"Dear Qualpay team,

I noted that Qualpay documents its customer vault for recurring billing.

In that context, there may be scope to use an AI agent to follow up on failed recurring payments and prepare merchant reports.

I am Jacobs Roland, an AI automation specialist, and I design and build OpenClaw-based AI agents that operate alongside existing accounting, ERP and billing systems, covering invoice tracking, payment follow-ups, reconciliation and financial reporting.

Might you have 20 minutes in the coming weeks for a short call to assess whether this would be useful for Qualpay?

If this is not relevant to you, please let me know and I will not contact you again.

Kind regards,

Jacobs Roland
AI Automation Specialist | OpenClaw AI Agent Development
Email: savelroly@gmail.com",,,
contact@republicbc.com,Republic Business Credit,United States,Medium,Client account reporting for Republic Business Credit,"Dear Republic Business Credit team,

I noted that Republic Business Credit provides invoice factoring and asset-based lending from New Orleans, with a dedicated client onboarding page.

With that in mind, there may be scope for an AI agent to verify invoices, match debtor payments, raise ageing alerts and prepare client account reports, working within the tools your team already uses.

I am Jacobs Roland, an AI automation specialist. I design and build OpenClaw-based AI agents that work alongside existing accounting, ERP and billing systems to handle invoice tracking, payment follow-ups, reconciliation and financial reporting.

Would you be open to a brief 20-minute call in the coming weeks to explore whether this could be useful for Republic Business Credit?

If this is not relevant to you, please let me know and I will not contact you again.

Kind regards,

Jacobs Roland
AI Automation Specialist | OpenClaw AI Agent Development
Email: savelroly@gmail.com",,,
help@resolvepay.com,Resolve,United States,Medium,Net terms follow-ups for Resolve customers,"Dear Resolve team,

I noted that Resolve offers B2B net terms management and publishes guides on AR funding.

There may be scope for an AI agent to handle AR follow-ups and raise credit and payment alerts, giving your team more time for higher-value work.

I am Jacobs Roland, an AI automation specialist, and I design and build OpenClaw-based AI agents that operate alongside existing accounting, ERP and billing systems, covering invoice tracking, payment follow-ups, reconciliation and financial reporting.

Would you be open to a brief 20-minute call in the coming weeks to explore whether this could be useful for Resolve?

If this is not relevant to you, please let me know and I will not contact you again.

Kind regards,

Jacobs Roland
AI Automation Specialist | OpenClaw AI Agent Development
Email: savelroly@gmail.com",,,
clientservice@rho.co,Rho,United States,Medium,AP approval reminders for Rho clients,"Dear Rho team,

I noted that Rho runs an accounts payable help centre for its banking clients.

In that context, there may be scope to use an AI agent to send AP approval reminders and prepare payment reconciliation reports.

My name is Jacobs Roland and I am an AI automation specialist. I build OpenClaw-based AI agents that sit alongside existing accounting, ERP and billing systems and take on invoice tracking, payment follow-ups, reconciliation and financial reporting.

Would you be open to a brief 20-minute call in the coming weeks to explore whether this could be useful for Rho?

If this is not relevant to you, please let me know and I will not contact you again.

Kind regards,

Jacobs Roland
AI Automation Specialist | OpenClaw AI Agent Development
Email: savelroly@gmail.com",,,
galvarado@rivierafinance.com,Riviera Finance,United States,Medium,Debtor payment matching for Riviera Finance,"Dear Geraldine,

I noted that Riviera Finance provides invoice factoring through offices across the US, including Charlotte and Clearwater.

I believe there may be scope for an AI agent to verify invoices, match debtor payments, raise ageing alerts and prepare client account reports, while your existing processes remain in place.

I am Jacobs Roland, an AI automation specialist. I design and build OpenClaw-based AI agents that work alongside existing accounting, ERP and billing systems to handle invoice tracking, payment follow-ups, reconciliation and financial reporting.

Would you be willing to have a short 20-minute conversation in the coming weeks to consider whether this might be of value to Riviera Finance?

If this is not relevant to you, please let me know and I will not contact you again.

Kind regards,

Jacobs Roland
AI Automation Specialist | OpenClaw AI Agent Development
Email: savelroly@gmail.com",,,
helpdesk@rosenthalinc.com,Rosenthal & Rosenthal,United States,Medium,Daily portfolio reports for Rosenthal factoring,"Dear Rosenthal & Rosenthal team,

I noted that Rosenthal & Rosenthal recently announced a $25 million recourse factoring facility for a pharmaceutical company.

With that in mind, there may be scope for an AI agent to check client invoice submissions, send debtor reminders and prepare daily portfolio reports, working within the tools your team already uses.

I am Jacobs Roland, an AI automation specialist, and I design and build OpenClaw-based AI agents that operate alongside existing accounting, ERP and billing systems, covering invoice tracking, payment follow-ups, reconciliation and financial reporting.

Would you be willing to have a short 20-minute conversation in the coming weeks to consider whether this might be of value to Rosenthal & Rosenthal?

If this is not relevant to you, please let me know and I will not contact you again.

Kind regards,

Jacobs Roland
AI Automation Specialist | OpenClaw AI Agent Development
Email: savelroly@gmail.com",,,
support@routable.com,Routable,United States,Medium,Payment status alerts for Routable payouts,"Dear Routable team,

I noted that Routable automates accounts payable and mass payouts for its customers.

There may be scope for an AI agent to send payment status alerts, follow up with vendors and prepare reconciliation reports, giving your team more time for higher-value work.

My name is Jacobs Roland and I am an AI automation specialist. I build OpenClaw-based AI agents that sit alongside existing accounting, ERP and billing systems and take on invoice tracking, payment follow-ups, reconciliation and financial reporting.

Would you be willing to have a short 20-minute conversation in the coming weeks to consider whether this might be of value to Routable?

If this is not relevant to you, please let me know and I will not contact you again.

Kind regards,

Jacobs Roland
AI Automation Specialist | OpenClaw AI Agent Development
Email: savelroly@gmail.com",,,
Inquiries@SallyportCF.com,Sallyport Commercial Finance,United States,Medium,Factored receivables support for Sallyport,"Dear Sallyport Commercial Finance team,

I noted that Sallyport Commercial Finance recently announced a $1.5MM facility for a gaming distributor.

In that context, there may be scope to use an AI agent to verify invoices, match debtor payments, raise ageing alerts and prepare client account reports.

I am Jacobs Roland, an AI automation specialist. I design and build OpenClaw-based AI agents that work alongside existing accounting, ERP and billing systems to handle invoice tracking, payment follow-ups, reconciliation and financial reporting.

If it would be helpful, I would welcome a brief 20-minute call at a convenient time to discuss whether this could suit Sallyport Commercial Finance.

If this is not relevant to you, please let me know and I will not contact you again.

Kind regards,

Jacobs Roland
AI Automation Specialist | OpenClaw AI Agent Development
Email: savelroly@gmail.com",,,
support@settle.co,Settle,United States,Medium,Bill status digests for Settle users,"Dear Settle team,

I noted that Settle's help centre explains payment status tracking for its users.

I believe there may be scope for an AI agent to prepare bill status digests and send vendor payment confirmations, while your existing processes remain in place.

I am Jacobs Roland, an AI automation specialist, and I design and build OpenClaw-based AI agents that operate alongside existing accounting, ERP and billing systems, covering invoice tracking, payment follow-ups, reconciliation and financial reporting.

If it would be helpful, I would welcome a brief 20-minute call at a convenient time to discuss whether this could suit Settle.

If this is not relevant to you, please let me know and I will not contact you again.

Kind regards,

Jacobs Roland
AI Automation Specialist | OpenClaw AI Agent Development
Email: savelroly@gmail.com",,,
marketing@tilled.com,Tilled,United States,Medium,Merchant billing reconciliation for Tilled partners,"Dear Tilled team,

I noted that Tilled documents merchant billing for software platforms that monetise payments.

There may be scope for an AI agent to reconcile merchant billing and prepare payout reports for SaaS partners, giving your team more time for higher-value work.

I am Jacobs Roland, an AI automation specialist. I design and build OpenClaw-based AI agents that work alongside existing accounting, ERP and billing systems to handle invoice tracking, payment follow-ups, reconciliation and financial reporting.

Might you have 20 minutes in the coming weeks for a short call to assess whether this would be useful for Tilled?

If this is not relevant to you, please let me know and I will not contact you again.

Kind regards,

Jacobs Roland
AI Automation Specialist | OpenClaw AI Agent Development
Email: savelroly@gmail.com",,,
info@trevipay.com,TreviPay,United States,Medium,Buyer invoice follow-ups on TreviPay,"Dear TreviPay team,

I noted TreviPay's recent appointment of Allen Bonde as Chief Marketing Officer.

In that context, there may be scope to use an AI agent to follow up on buyer invoices and prepare merchant AR reports.

I am Jacobs Roland, an AI automation specialist, and I design and build OpenClaw-based AI agents that operate alongside existing accounting, ERP and billing systems, covering invoice tracking, payment follow-ups, reconciliation and financial reporting.

Might you have 20 minutes in the coming weeks for a short call to assess whether this would be useful for TreviPay?

If this is not relevant to you, please let me know and I will not contact you again.

Kind regards,

Jacobs Roland
AI Automation Specialist | OpenClaw AI Agent Development
Email: savelroly@gmail.com",,,
marketing@vivacf.net,Viva Capital Funding,United States,Medium,Ageing alerts for Viva Capital factoring clients,"Dear Viva Capital Funding team,

I noted that Viva Capital Funding offers invoice factoring from El Paso across Texas and other states.

With that in mind, there may be scope for an AI agent to verify invoices, match debtor payments, raise ageing alerts and prepare client account reports, working within the tools your team already uses.

I am Jacobs Roland, an AI automation specialist. I design and build OpenClaw-based AI agents that work alongside existing accounting, ERP and billing systems to handle invoice tracking, payment follow-ups, reconciliation and financial reporting.

Would you be open to a brief 20-minute call in the coming weeks to explore whether this could be useful for Viva Capital Funding?

If this is not relevant to you, please let me know and I will not contact you again.

Kind regards,

Jacobs Roland
AI Automation Specialist | OpenClaw AI Agent Development
Email: savelroly@gmail.com",,,
help@armstrongwatson.co.uk,Armstrong Watson,United Kingdom,Medium,Aged-debt reporting for Armstrong Watson clients,"Dear Armstrong Watson team,

I noted that Armstrong Watson operates across northern England and Scotland and is a member of MSI Global Alliance.

There may be scope for an AI agent to track client invoices, send overdue payment reminders and prepare weekly aged-debt reports in the platforms your clients already use, giving your team more time for higher-value work.

I am Jacobs Roland, an AI automation specialist, and I design and build OpenClaw-based AI agents that operate alongside existing accounting, ERP and billing systems, covering invoice tracking, payment follow-ups, reconciliation and financial reporting.

Would you be open to a brief 20-minute call in the coming weeks to explore whether this could be useful for Armstrong Watson?

If this is not relevant to you, please let me know and I will not contact you again.

Kind regards,

Jacobs Roland
AI Automation Specialist | OpenClaw AI Agent Development
Email: savelroly@gmail.com",,,
enquiry@avalon-accounting.co.uk,Avalon Accounting,United Kingdom,Medium,Management reporting support for Avalon Accounting,"Dear Avalon Accounting team,

I noted that Avalon Accounting provides annual accounts, management accounts, payroll and bookkeeping in Gloucester and Cheltenham.

I believe there may be scope for an AI agent to extract invoice data, check bank reconciliations, follow up on overdue invoices and prepare monthly management reports, while your existing processes remain in place.

I am Jacobs Roland, an AI automation specialist. I design and build OpenClaw-based AI agents that work alongside existing accounting, ERP and billing systems to handle invoice tracking, payment follow-ups, reconciliation and financial reporting.

Would you be willing to have a short 20-minute conversation in the coming weeks to consider whether this might be of value to Avalon Accounting?

If this is not relevant to you, please let me know and I will not contact you again.

Kind regards,

Jacobs Roland
AI Automation Specialist | OpenClaw AI Agent Development
Email: savelroly@gmail.com",,,
enquiries@batesweston.co.uk,Bates Weston,United Kingdom,Medium,Bookkeeping support for Bates Weston clients,"Dear Bates Weston team,

I noted that Bates Weston is a chartered accountancy firm in Derby offering tax practice support.

With that in mind, there may be scope for an AI agent to extract invoice data, check bank reconciliations, follow up on overdue invoices and prepare monthly management reports, working within the tools your team already uses.

I am Jacobs Roland, an AI automation specialist, and I design and build OpenClaw-based AI agents that operate alongside existing accounting, ERP and billing systems, covering invoice tracking, payment follow-ups, reconciliation and financial reporting.

Would you be willing to have a short 20-minute conversation in the coming weeks to consider whether this might be of value to Bates Weston?

If this is not relevant to you, please let me know and I will not contact you again.

Kind regards,

Jacobs Roland
AI Automation Specialist | OpenClaw AI Agent Development
Email: savelroly@gmail.com",,,
mail@bevanbuckland.co.uk,Bevan Buckland,United Kingdom,Medium,Outsourced bookkeeping support at Bevan Buckland,"Dear Bevan Buckland team,

I noted that Bevan Buckland offers outsourced bookkeeping as a Xero Gold Partner, with support for Sage and QuickBooks Online.

In that context, there may be scope to use an AI agent to extract invoice data, check bank reconciliations, follow up on overdue invoices and prepare monthly management reports.

I am Jacobs Roland, an AI automation specialist. I design and build OpenClaw-based AI agents that work alongside existing accounting, ERP and billing systems to handle invoice tracking, payment follow-ups, reconciliation and financial reporting.

If it would be helpful, I would welcome a brief 20-minute call at a convenient time to discuss whether this could suit Bevan Buckland.

If this is not relevant to you, please let me know and I will not contact you again.

Kind regards,

Jacobs Roland
AI Automation Specialist | OpenClaw AI Agent Development
Email: savelroly@gmail.com",,,
info@cleveraccounts.com,Clever Accounts,United Kingdom,Medium,FreeAgent invoice tracking for Clever Accounts,"Dear Clever Accounts team,

I noted that Clever Accounts is a FreeAgent Platinum Partner for contractors in Leeds that also supports Xero clients.

I believe there may be scope for an AI agent to track client invoices, send overdue payment reminders and prepare weekly aged-debt reports in FreeAgent and Xero, while your existing processes remain in place.

My name is Jacobs Roland and I am an AI automation specialist. I build OpenClaw-based AI agents that sit alongside existing accounting, ERP and billing systems and take on invoice tracking, payment follow-ups, reconciliation and financial reporting.

Might you have 20 minutes in the coming weeks for a short call to assess whether this would be useful for Clever Accounts?

If this is not relevant to you, please let me know and I will not contact you again.

Kind regards,

Jacobs Roland
AI Automation Specialist | OpenClaw AI Agent Development
Email: savelroly@gmail.com",,,
enquiries@cliveowen.com,Clive Owen LLP,United Kingdom,Medium,Monthly reporting support for Clive Owen clients,"Dear Clive Owen LLP team,

I noted that Clive Owen LLP advises businesses from Darlington, Durham and York, including clients in the property sector.

With that in mind, there may be scope for an AI agent to extract invoice data, check bank reconciliations, follow up on overdue invoices and prepare monthly management reports, working within the tools your team already uses.

I am Jacobs Roland, an AI automation specialist. I design and build OpenClaw-based AI agents that work alongside existing accounting, ERP and billing systems to handle invoice tracking, payment follow-ups, reconciliation and financial reporting.

Would you be open to a brief 20-minute call in the coming weeks to explore whether this could be useful for Clive Owen LLP?

If this is not relevant to you, please let me know and I will not contact you again.

Kind regards,

Jacobs Roland
AI Automation Specialist | OpenClaw AI Agent Development
Email: savelroly@gmail.com",,,
enquiries@cowgills.co.uk,Cowgills,United Kingdom,Medium,Bank reconciliation checks for Cowgills clients,"Dear Cowgills team,

I noted that Cowgills provides accountancy and business advisory services, with sector specialists and an office in Stockport.

There may be scope for an AI agent to extract invoice data, check bank reconciliations, follow up on overdue invoices and prepare monthly management reports, giving your team more time for higher-value work.

I am Jacobs Roland, an AI automation specialist, and I design and build OpenClaw-based AI agents that operate alongside existing accounting, ERP and billing systems, covering invoice tracking, payment follow-ups, reconciliation and financial reporting.

Would you be open to a brief 20-minute call in the coming weeks to explore whether this could be useful for Cowgills?

If this is not relevant to you, please let me know and I will not contact you again.

Kind regards,

Jacobs Roland
AI Automation Specialist | OpenClaw AI Agent Development
Email: savelroly@gmail.com",,,
info@crunch.co.uk,Crunch,United Kingdom,Medium,Document chasing for Crunch freelance clients,"Dear Crunch team,

I noted that Crunch combines online accountancy with its own accounting software for freelancers and small limited companies.

In that context, there may be scope to use an AI agent to chase client documents, extract invoice data and send payment reminders for contractor clients.

My name is Jacobs Roland and I am an AI automation specialist. I build OpenClaw-based AI agents that sit alongside existing accounting, ERP and billing systems and take on invoice tracking, payment follow-ups, reconciliation and financial reporting.

Would you be open to a brief 20-minute call in the coming weeks to explore whether this could be useful for Crunch?

If this is not relevant to you, please let me know and I will not contact you again.

Kind regards,

Jacobs Roland
AI Automation Specialist | OpenClaw AI Agent Development
Email: savelroly@gmail.com",,,
contactus@ekstraas.co.uk,Ekstra Accounting Solutions,United Kingdom,Medium,Daily bookkeeping support for Ekstra clients,"Dear Ekstra Accounting Solutions team,

I noted that Ekstra Accounting Solutions is a Xero certified partner in Belfast that uses cloud technology for daily accounting tasks.

There may be scope for an AI agent to extract invoice data, check bank reconciliations, follow up on overdue invoices and prepare monthly management reports, giving your team more time for higher-value work.

My name is Jacobs Roland and I am an AI automation specialist. I build OpenClaw-based AI agents that sit alongside existing accounting, ERP and billing systems and take on invoice tracking, payment follow-ups, reconciliation and financial reporting.

Would you be willing to have a short 20-minute conversation in the coming weeks to consider whether this might be of value to Ekstra Accounting Solutions?

If this is not relevant to you, please let me know and I will not contact you again.

Kind regards,

Jacobs Roland
AI Automation Specialist | OpenClaw AI Agent Development
Email: savelroly@gmail.com",,,
solutions@ellacotts.co.uk,Ellacotts,United Kingdom,Medium,Aged-debt reports for Ellacotts clients,"Dear Ellacotts team,

I noted that Ellacotts serves small businesses, property developers and international businesses from offices including Banbury, Birmingham and London.

In that context, there may be scope to use an AI agent to track client invoices, send overdue payment reminders and prepare weekly aged-debt reports.

I am Jacobs Roland, an AI automation specialist. I design and build OpenClaw-based AI agents that work alongside existing accounting, ERP and billing systems to handle invoice tracking, payment follow-ups, reconciliation and financial reporting.

If it would be helpful, I would welcome a brief 20-minute call at a convenient time to discuss whether this could suit Ellacotts.

If this is not relevant to you, please let me know and I will not contact you again.

Kind regards,

Jacobs Roland
AI Automation Specialist | OpenClaw AI Agent Development
Email: savelroly@gmail.com",,,
info@eqaccountants.co.uk,EQ Chartered Accountants,United Kingdom,Medium,Management reporting support for EQ clients,"Dear EQ Chartered Accountants team,

I noted that EQ Chartered Accountants operates from offices including Dundee, Edinburgh and Alnwick, with a focus on the professions sector.

I believe there may be scope for an AI agent to extract invoice data, check bank reconciliations, follow up on overdue invoices and prepare monthly management reports, while your existing processes remain in place.

I am Jacobs Roland, an AI automation specialist, and I design and build OpenClaw-based AI agents that operate alongside existing accounting, ERP and billing systems, covering invoice tracking, payment follow-ups, reconciliation and financial reporting.

If it would be helpful, I would welcome a brief 20-minute call at a convenient time to discuss whether this could suit EQ Chartered Accountants.

If this is not relevant to you, please let me know and I will not contact you again.

Kind regards,

Jacobs Roland
AI Automation Specialist | OpenClaw AI Agent Development
Email: savelroly@gmail.com",,,
enquiries@fortus.co.uk,Fortus,United Kingdom,Medium,Overdue invoice reminders for Fortus clients,"Dear Fortus team,

I noted that Fortus serves Yorkshire businesses from its offices in York, Leeds and Scarborough.

With that in mind, there may be scope for an AI agent to track client invoices, send overdue payment reminders and prepare weekly aged-debt reports, working within the tools your team already uses.

My name is Jacobs Roland and I am an AI automation specialist. I build OpenClaw-based AI agents that sit alongside existing accounting, ERP and billing systems and take on invoice tracking, payment follow-ups, reconciliation and financial reporting.

If it would be helpful, I would welcome a brief 20-minute call at a convenient time to discuss whether this could suit Fortus.

If this is not relevant to you, please let me know and I will not contact you again.

Kind regards,

Jacobs Roland
AI Automation Specialist | OpenClaw AI Agent Development
Email: savelroly@gmail.com",,,
enquiries@geraldthomas.co.uk,Gerald Thomas (MHA Swansea),United Kingdom,Medium,Bookkeeping support for Gerald Thomas clients,"Dear Gerald Thomas team,

I noted that Gerald Thomas, the Swansea chartered accountancy practice, is now part of MHA.

In that context, there may be scope to use an AI agent to extract invoice data, check bank reconciliations, follow up on overdue invoices and prepare monthly management reports.

I am Jacobs Roland, an AI automation specialist, and I design and build OpenClaw-based AI agents that operate alongside existing accounting, ERP and billing systems, covering invoice tracking, payment follow-ups, reconciliation and financial reporting.

Might you have 20 minutes in the coming weeks for a short call to assess whether this would be useful for Gerald Thomas?

If this is not relevant to you, please let me know and I will not contact you again.

Kind regards,

Jacobs Roland
AI Automation Specialist | OpenClaw AI Agent Development
Email: savelroly@gmail.com",,,
info@goforma.com,GoForma,United Kingdom,Medium,Contractor document chasing at GoForma,"Dear GoForma team,

I noted that GoForma provides accountancy for contractors and limited companies, along with umbrella company and virtual office packages.

I believe there may be scope for an AI agent to chase client documents, extract invoice data and send payment reminders for contractor clients, while your existing processes remain in place.

My name is Jacobs Roland and I am an AI automation specialist. I build OpenClaw-based AI agents that sit alongside existing accounting, ERP and billing systems and take on invoice tracking, payment follow-ups, reconciliation and financial reporting.

Might you have 20 minutes in the coming weeks for a short call to assess whether this would be useful for GoForma?

If this is not relevant to you, please let me know and I will not contact you again.

Kind regards,

Jacobs Roland
AI Automation Specialist | OpenClaw AI Agent Development
Email: savelroly@gmail.com",,,
info@gorillaaccounting.com,Gorilla Accounting,United Kingdom,Medium,Payment reminders for Gorilla Accounting contractors,"Dear Gorilla Accounting team,

I noted that Gorilla Accounting supports contractors and freelancers with Xero, FreeAgent and Making Tax Digital packages.

With that in mind, there may be scope for an AI agent to chase client documents, extract invoice data and send payment reminders for contractor clients, working within the tools your team already uses.

I am Jacobs Roland, an AI automation specialist. I design and build OpenClaw-based AI agents that work alongside existing accounting, ERP and billing systems to handle invoice tracking, payment follow-ups, reconciliation and financial reporting.

Would you be open to a brief 20-minute call in the coming weeks to explore whether this could be useful for Gorilla Accounting?

If this is not relevant to you, please let me know and I will not contact you again.

Kind regards,

Jacobs Roland
AI Automation Specialist | OpenClaw AI Agent Development
Email: savelroly@gmail.com",,,
Sheffield@hawsons.co.uk,Hawsons,United Kingdom,Medium,Cloud bookkeeping support for Hawsons clients,"Dear Hawsons team,

I noted that Hawsons provides cloud accounting services, including Sage, from Sheffield, Doncaster and Northampton.

I believe there may be scope for an AI agent to extract invoice data, check bank reconciliations, follow up on overdue invoices and prepare monthly management reports, while your existing processes remain in place.

I am Jacobs Roland, an AI automation specialist. I design and build OpenClaw-based AI agents that work alongside existing accounting, ERP and billing systems to handle invoice tracking, payment follow-ups, reconciliation and financial reporting.

Would you be willing to have a short 20-minute conversation in the coming weeks to consider whether this might be of value to Hawsons?

If this is not relevant to you, please let me know and I will not contact you again.

Kind regards,

Jacobs Roland
AI Automation Specialist | OpenClaw AI Agent Development
Email: savelroly@gmail.com",,,
info@hlca.co.uk,Henderson Loggie,United Kingdom,Medium,Monthly management reporting for Henderson Loggie clients,"Dear Henderson Loggie team,

I noted that Henderson Loggie serves clients from offices in Dundee, Edinburgh, Glasgow and Aberdeen.

With that in mind, there may be scope for an AI agent to extract invoice data, check bank reconciliations, follow up on overdue invoices and prepare monthly management reports, working within the tools your team already uses.

I am Jacobs Roland, an AI automation specialist, and I design and build OpenClaw-based AI agents that operate alongside existing accounting, ERP and billing systems, covering invoice tracking, payment follow-ups, reconciliation and financial reporting.

Would you be willing to have a short 20-minute conversation in the coming weeks to consider whether this might be of value to Henderson Loggie?

If this is not relevant to you, please let me know and I will not contact you again.

Kind regards,

Jacobs Roland
AI Automation Specialist | OpenClaw AI Agent Development
Email: savelroly@gmail.com",,,
info@hm-accountants.com,HM Chartered Accountants (Harbinson Mulholland),United Kingdom,Medium,Bookkeeping workflows at HM Chartered Accountants,"Dear HM Chartered Accountants team,

I noted that HM Chartered Accountants provides accounts, audit, bookkeeping and business advisory services.

There may be scope for an AI agent to extract invoice data, check bank reconciliations, follow up on overdue invoices and prepare monthly management reports, giving your team more time for higher-value work.

My name is Jacobs Roland and I am an AI automation specialist. I build OpenClaw-based AI agents that sit alongside existing accounting, ERP and billing systems and take on invoice tracking, payment follow-ups, reconciliation and financial reporting.

Would you be willing to have a short 20-minute conversation in the coming weeks to consider whether this might be of value to HM Chartered Accountants?

If this is not relevant to you, please let me know and I will not contact you again.

Kind regards,

Jacobs Roland
AI Automation Specialist | OpenClaw AI Agent Development
Email: savelroly@gmail.com",,,
hello@inniaccounts.co.uk,inniAccounts,United Kingdom,Medium,Contractor document requests at inniAccounts,"Dear inniAccounts team,

I noted that inniAccounts supports contractors and freelancers as online accountants with its own accounting app.

I believe there may be scope for an AI agent to chase client documents, extract invoice data and send payment reminders for contractor clients, while your existing processes remain in place.

I am Jacobs Roland, an AI automation specialist, and I design and build OpenClaw-based AI agents that operate alongside existing accounting, ERP and billing systems, covering invoice tracking, payment follow-ups, reconciliation and financial reporting.

If it would be helpful, I would welcome a brief 20-minute call at a convenient time to discuss whether this could suit inniAccounts.

If this is not relevant to you, please let me know and I will not contact you again.

Kind regards,

Jacobs Roland
AI Automation Specialist | OpenClaw AI Agent Development
Email: savelroly@gmail.com",,,
enquiries@Intouchaccounting.com,Intouch Accounting,United Kingdom,Medium,Client portal reminders for Intouch Accounting,"Dear Intouch Accounting team,

I noted that Intouch Accounting supports contractors through a cloud-based client portal, working with FreeAgent and Xero.

With that in mind, there may be scope for an AI agent to track client invoices, send overdue payment reminders and prepare weekly aged-debt reports in FreeAgent and Xero, working within the tools your team already uses.

My name is Jacobs Roland and I am an AI automation specialist. I build OpenClaw-based AI agents that sit alongside existing accounting, ERP and billing systems and take on invoice tracking, payment follow-ups, reconciliation and financial reporting.

If it would be helpful, I would welcome a brief 20-minute call at a convenient time to discuss whether this could suit Intouch Accounting.

If this is not relevant to you, please let me know and I will not contact you again.

Kind regards,

Jacobs Roland
AI Automation Specialist | OpenClaw AI Agent Development
Email: savelroly@gmail.com",,,
info@kirkrice.co.uk,Kirk Rice,United Kingdom,Medium,Invoice data extraction for Kirk Rice clients,"Dear Kirk Rice team,

I noted that Kirk Rice provides accountancy and business services across London and the Thames Valley.

I believe there may be scope for an AI agent to extract invoice data, check bank reconciliations, follow up on overdue invoices and prepare monthly management reports, while your existing processes remain in place.

My name is Jacobs Roland and I am an AI automation specialist. I build OpenClaw-based AI agents that sit alongside existing accounting, ERP and billing systems and take on invoice tracking, payment follow-ups, reconciliation and financial reporting.

Might you have 20 minutes in the coming weeks for a short call to assess whether this would be useful for Kirk Rice?

If this is not relevant to you, please let me know and I will not contact you again.

Kind regards,

Jacobs Roland
AI Automation Specialist | OpenClaw AI Agent Development
Email: savelroly@gmail.com",,,
info@lovewell-blake.co.uk,Lovewell Blake,United Kingdom,Medium,Bank reconciliation support for Lovewell Blake clients,"Dear Lovewell Blake team,

I noted that Lovewell Blake serves clients across East Anglia, including from its Bury St Edmunds office.

There may be scope for an AI agent to extract invoice data, check bank reconciliations, follow up on overdue invoices and prepare monthly management reports, giving your team more time for higher-value work.

I am Jacobs Roland, an AI automation specialist, and I design and build OpenClaw-based AI agents that operate alongside existing accounting, ERP and billing systems, covering invoice tracking, payment follow-ups, reconciliation and financial reporting.

Would you be open to a brief 20-minute call in the coming weeks to explore whether this could be useful for Lovewell Blake?

If this is not relevant to you, please let me know and I will not contact you again.

Kind regards,

Jacobs Roland
AI Automation Specialist | OpenClaw AI Agent Development
Email: savelroly@gmail.com",,,
enquiries@mapartners.co.uk,M+A Partners,United Kingdom,Medium,Service charge invoice tracking for M+A Partners,"Dear M+A Partners team,

I noted that M+A Partners has served Norfolk clients for over 100 years, including service charge accounting for property.

In that context, there may be scope to use an AI agent to track client invoices, send overdue payment reminders and prepare weekly aged-debt reports.

My name is Jacobs Roland and I am an AI automation specialist. I build OpenClaw-based AI agents that sit alongside existing accounting, ERP and billing systems and take on invoice tracking, payment follow-ups, reconciliation and financial reporting.

Would you be open to a brief 20-minute call in the coming weeks to explore whether this could be useful for M+A Partners?

If this is not relevant to you, please let me know and I will not contact you again.

Kind regards,

Jacobs Roland
AI Automation Specialist | OpenClaw AI Agent Development
Email: savelroly@gmail.com",,,
derby@mabeallen.co.uk,Mabe Allen LLP,United Kingdom,Medium,Client payment reminders for Mabe Allen,"Dear Mabe Allen LLP team,

I noted that Mabe Allen LLP serves Derbyshire clients as chartered accountants from its Derby office.

I believe there may be scope for an AI agent to track client invoices, send overdue payment reminders and prepare weekly aged-debt reports, while your existing processes remain in place.

I am Jacobs Roland, an AI automation specialist. I design and build OpenClaw-based AI agents that work alongside existing accounting, ERP and billing systems to handle invoice tracking, payment follow-ups, reconciliation and financial reporting.

Would you be willing to have a short 20-minute conversation in the coming weeks to consider whether this might be of value to Mabe Allen LLP?

If this is not relevant to you, please let me know and I will not contact you again.

Kind regards,

Jacobs Roland
AI Automation Specialist | OpenClaw AI Agent Development
Email: savelroly@gmail.com",,,
sales@mazumamoney.co.uk,Mazuma,United Kingdom,Medium,Sole trader document chasing at Mazuma,"Dear Mazuma team,

I noted that Mazuma provides low-cost online accounting and bookkeeping for small businesses and sole traders.

There may be scope for an AI agent to chase client documents, extract invoice data and send payment reminders for your clients, giving your team more time for higher-value work.

My name is Jacobs Roland and I am an AI automation specialist. I build OpenClaw-based AI agents that sit alongside existing accounting, ERP and billing systems and take on invoice tracking, payment follow-ups, reconciliation and financial reporting.

Would you be willing to have a short 20-minute conversation in the coming weeks to consider whether this might be of value to Mazuma?

If this is not relevant to you, please let me know and I will not contact you again.

Kind regards,

Jacobs Roland
AI Automation Specialist | OpenClaw AI Agent Development
Email: savelroly@gmail.com",,,
advice@milstedlangdon.co.uk,Milsted Langdon,United Kingdom,Medium,Debtor reporting for Milsted Langdon clients,"Dear Milsted Langdon team,

I noted that Milsted Langdon serves South West clients from offices in Bristol, Bath, Yeovil, Taunton and London.

In that context, there may be scope to use an AI agent to track client invoices, send overdue payment reminders and prepare weekly aged-debt reports.

I am Jacobs Roland, an AI automation specialist. I design and build OpenClaw-based AI agents that work alongside existing accounting, ERP and billing systems to handle invoice tracking, payment follow-ups, reconciliation and financial reporting.

If it would be helpful, I would welcome a brief 20-minute call at a convenient time to discuss whether this could suit Milsted Langdon.

If this is not relevant to you, please let me know and I will not contact you again.

Kind regards,

Jacobs Roland
AI Automation Specialist | OpenClaw AI Agent Development
Email: savelroly@gmail.com",,,
info@morrisandyoung.co.uk,Morris & Young,United Kingdom,Medium,Monthly bookkeeping support for Morris & Young,"Dear Morris & Young team,

I understand that Morris & Young is a chartered accountancy practice.

There may be scope for an AI agent to extract invoice data, check bank reconciliations, follow up on overdue invoices and prepare monthly management reports, giving your team more time for higher-value work.

I am Jacobs Roland, an AI automation specialist. I design and build OpenClaw-based AI agents that work alongside existing accounting, ERP and billing systems to handle invoice tracking, payment follow-ups, reconciliation and financial reporting.

Might you have 20 minutes in the coming weeks for a short call to assess whether this would be useful for Morris & Young?

If this is not relevant to you, please let me know and I will not contact you again.

Kind regards,

Jacobs Roland
AI Automation Specialist | OpenClaw AI Agent Development
Email: savelroly@gmail.com",,,
contractoradvice@nixonwilliams.com,Nixon Williams (Caroola),United Kingdom,Medium,Contractor payment reminders at Nixon Williams,"Dear Nixon Williams team,

I noted that Nixon Williams provides fixed-fee limited company accountancy for contractors and is now part of Caroola.

In that context, there may be scope to use an AI agent to chase client documents, extract invoice data and send payment reminders for contractor clients.

I am Jacobs Roland, an AI automation specialist, and I design and build OpenClaw-based AI agents that operate alongside existing accounting, ERP and billing systems, covering invoice tracking, payment follow-ups, reconciliation and financial reporting.

Might you have 20 minutes in the coming weeks for a short call to assess whether this would be useful for Nixon Williams?

If this is not relevant to you, please let me know and I will not contact you again.

Kind regards,

Jacobs Roland
AI Automation Specialist | OpenClaw AI Agent Development
Email: savelroly@gmail.com",,,
info@plusaccounting.co.uk,Plus Accounting,United Kingdom,Medium,Management reporting for Plus Accounting clients,"Dear Plus Accounting team,

I noted that Plus Accounting supports small businesses, IT contractors and pilots, with part-time finance director support through partners.

I believe there may be scope for an AI agent to extract invoice data, check bank reconciliations, follow up on overdue invoices and prepare monthly management reports, while your existing processes remain in place.

I am Jacobs Roland, an AI automation specialist. I design and build OpenClaw-based AI agents that work alongside existing accounting, ERP and billing systems to handle invoice tracking, payment follow-ups, reconciliation and financial reporting.

Would you be willing to have a short 20-minute conversation in the coming weeks to consider whether this might be of value to Plus Accounting?

If this is not relevant to you, please let me know and I will not contact you again.

Kind regards,

Jacobs Roland
AI Automation Specialist | OpenClaw AI Agent Development
Email: savelroly@gmail.com",,,
info@raffingers.co.uk,Raffingers,United Kingdom,Medium,Recruitment-sector bookkeeping support at Raffingers,"Dear Raffingers team,

I noted that Raffingers provides cloud accounting services, finance-raising support and recruitment-sector accounting.

With that in mind, there may be scope for an AI agent to extract invoice data, check bank reconciliations, follow up on overdue invoices and prepare monthly management reports, working within the tools your team already uses.

I am Jacobs Roland, an AI automation specialist, and I design and build OpenClaw-based AI agents that operate alongside existing accounting, ERP and billing systems, covering invoice tracking, payment follow-ups, reconciliation and financial reporting.

Would you be willing to have a short 20-minute conversation in the coming weeks to consider whether this might be of value to Raffingers?

If this is not relevant to you, please let me know and I will not contact you again.

Kind regards,

Jacobs Roland
AI Automation Specialist | OpenClaw AI Agent Development
Email: savelroly@gmail.com",,,
info@randall-payne.co.uk,Randall & Payne,United Kingdom,Medium,Overdue invoice follow-ups for Randall & Payne,"Dear Randall & Payne team,

I noted that Randall & Payne provides accountancy services from Cheltenham and Stroud.

There may be scope for an AI agent to extract invoice data, check bank reconciliations, follow up on overdue invoices and prepare monthly management reports, giving your team more time for higher-value work.

My name is Jacobs Roland and I am an AI automation specialist. I build OpenClaw-based AI agents that sit alongside existing accounting, ERP and billing systems and take on invoice tracking, payment follow-ups, reconciliation and financial reporting.

Would you be willing to have a short 20-minute conversation in the coming weeks to consider whether this might be of value to Randall & Payne?

If this is not relevant to you, please let me know and I will not contact you again.

Kind regards,

Jacobs Roland
AI Automation Specialist | OpenClaw AI Agent Development
Email: savelroly@gmail.com",,,
wanttoknowmore@robson-laidler.co.uk,Robson Laidler,United Kingdom,Medium,Client debtor reporting for Robson Laidler,"Dear Robson Laidler team,

I noted that Robson Laidler has audit, forensic, international and specialist dental accounting teams in Newcastle.

In that context, there may be scope to use an AI agent to track client invoices, send overdue payment reminders and prepare weekly aged-debt reports.

I am Jacobs Roland, an AI automation specialist. I design and build OpenClaw-based AI agents that work alongside existing accounting, ERP and billing systems to handle invoice tracking, payment follow-ups, reconciliation and financial reporting.

If it would be helpful, I would welcome a brief 20-minute call at a convenient time to discuss whether this could suit Robson Laidler.

If this is not relevant to you, please let me know and I will not contact you again.

Kind regards,

Jacobs Roland
AI Automation Specialist | OpenClaw AI Agent Development
Email: savelroly@gmail.com",,,
advice@saint.co.uk,Saint & Co,United Kingdom,Medium,Monthly reporting support for Saint & Co clients,"Dear Saint & Co team,

I noted that Saint & Co offers business healthchecks from offices across Cumbria, including Carlisle, Ambleside and Cockermouth.

With that in mind, there may be scope for an AI agent to extract invoice data, check bank reconciliations, follow up on overdue invoices and prepare monthly management reports, working within the tools your team already uses.

My name is Jacobs Roland and I am an AI automation specialist. I build OpenClaw-based AI agents that sit alongside existing accounting, ERP and billing systems and take on invoice tracking, payment follow-ups, reconciliation and financial reporting.

If it would be helpful, I would welcome a brief 20-minute call at a convenient time to discuss whether this could suit Saint & Co.

If this is not relevant to you, please let me know and I will not contact you again.

Kind regards,

Jacobs Roland
AI Automation Specialist | OpenClaw AI Agent Development
Email: savelroly@gmail.com",,,
hello@sedulo.co.uk,Sedulo,United Kingdom,Medium,Bookkeeping workflows for Sedulo clients,"Dear Sedulo team,

I noted that Sedulo is an accountancy and business advisory group covering accounts, bookkeeping and tax.

There may be scope for an AI agent to extract invoice data, check bank reconciliations, follow up on overdue invoices and prepare monthly management reports, giving your team more time for higher-value work.

I am Jacobs Roland, an AI automation specialist. I design and build OpenClaw-based AI agents that work alongside existing accounting, ERP and billing systems to handle invoice tracking, payment follow-ups, reconciliation and financial reporting.

Might you have 20 minutes in the coming weeks for a short call to assess whether this would be useful for Sedulo?

If this is not relevant to you, please let me know and I will not contact you again.

Kind regards,

Jacobs Roland
AI Automation Specialist | OpenClaw AI Agent Development
Email: savelroly@gmail.com",,,
info@shawgibbs.com,Shaw Gibbs,United Kingdom,Medium,Accounts software support at Shaw Gibbs,"Dear Shaw Gibbs team,

I noted that Shaw Gibbs provides accounts, audit and tax services as well as accounts software services.

In that context, there may be scope to use an AI agent to extract invoice data, check bank reconciliations, follow up on overdue invoices and prepare monthly management reports.

I am Jacobs Roland, an AI automation specialist, and I design and build OpenClaw-based AI agents that operate alongside existing accounting, ERP and billing systems, covering invoice tracking, payment follow-ups, reconciliation and financial reporting.

Might you have 20 minutes in the coming weeks for a short call to assess whether this would be useful for Shaw Gibbs?

If this is not relevant to you, please let me know and I will not contact you again.

Kind regards,

Jacobs Roland
AI Automation Specialist | OpenClaw AI Agent Development
Email: savelroly@gmail.com",,,
hello@theaccountancycloud.com,The Accountancy Cloud,United Kingdom,Medium,Reporting packs for The Accountancy Cloud clients,"Dear The Accountancy Cloud team,

I noted that The Accountancy Cloud provides chartered accountants and CFOs to startups and SMEs as an outsourced finance function.

I believe there may be scope for an AI agent to raise overdue-invoice alerts and prepare cash summaries and the weekly or monthly reporting packs your finance leads produce, while your existing processes remain in place.

I am Jacobs Roland, an AI automation specialist. I design and build OpenClaw-based AI agents that work alongside existing accounting, ERP and billing systems to handle invoice tracking, payment follow-ups, reconciliation and financial reporting.

Would you be willing to have a short 20-minute conversation in the coming weeks to consider whether this might be of value to The Accountancy Cloud?

If this is not relevant to you, please let me know and I will not contact you again.

Kind regards,

Jacobs Roland
AI Automation Specialist | OpenClaw AI Agent Development
Email: savelroly@gmail.com",,,
info@thewowcompany.com,The Wow Company,United Kingdom,Medium,Agency invoice tracking for The Wow Company,"Dear The Wow Company team,

I noted that The Wow Company works as Xero accountants for creative and digital agencies.

There may be scope for an AI agent to track client invoices, send overdue payment reminders and prepare weekly aged-debt reports in Xero, giving your team more time for higher-value work.

My name is Jacobs Roland and I am an AI automation specialist. I build OpenClaw-based AI agents that sit alongside existing accounting, ERP and billing systems and take on invoice tracking, payment follow-ups, reconciliation and financial reporting.

Would you be willing to have a short 20-minute conversation in the coming weeks to consider whether this might be of value to The Wow Company?

If this is not relevant to you, please let me know and I will not contact you again.

Kind regards,

Jacobs Roland
AI Automation Specialist | OpenClaw AI Agent Development
Email: savelroly@gmail.com",,,
info@thomsoncooper.com,Thomson Cooper,United Kingdom,Medium,Bookkeeping support for Thomson Cooper's finance team,"Dear Thomson Cooper team,

I noted that Thomson Cooper is a Xero Platinum Champion Partner offering outsourced finance teams and cash flow forecasting.

In that context, there may be scope to use an AI agent to extract invoice data, check bank reconciliations, follow up on overdue invoices and prepare monthly management reports.

I am Jacobs Roland, an AI automation specialist. I design and build OpenClaw-based AI agents that work alongside existing accounting, ERP and billing systems to handle invoice tracking, payment follow-ups, reconciliation and financial reporting.

If it would be helpful, I would welcome a brief 20-minute call at a convenient time to discuss whether this could suit Thomson Cooper.

If this is not relevant to you, please let me know and I will not contact you again.

Kind regards,

Jacobs Roland
AI Automation Specialist | OpenClaw AI Agent Development
Email: savelroly@gmail.com",,,
enquiries@unw.co.uk,UNW LLP,United Kingdom,Medium,Weekly debtor reporting for UNW clients,"Dear UNW LLP team,

I noted that UNW LLP provides audit, tax and accounting services from Newcastle.

With that in mind, there may be scope for an AI agent to track client invoices, send overdue payment reminders and prepare weekly aged-debt reports, working within the tools your team already uses.

My name is Jacobs Roland and I am an AI automation specialist. I build OpenClaw-based AI agents that sit alongside existing accounting, ERP and billing systems and take on invoice tracking, payment follow-ups, reconciliation and financial reporting.

If it would be helpful, I would welcome a brief 20-minute call at a convenient time to discuss whether this could suit UNW LLP.

If this is not relevant to you, please let me know and I will not contact you again.

Kind regards,

Jacobs Roland
AI Automation Specialist | OpenClaw AI Agent Development
Email: savelroly@gmail.com",,,
mail@whitelawwells.co.uk,Whitelaw Wells,United Kingdom,Medium,Invoice processing support for Whitelaw Wells,"Dear Whitelaw Wells team,

I noted that Whitelaw Wells is a chartered accountancy firm based in Edinburgh.

I believe there may be scope for an AI agent to extract invoice data, check bank reconciliations, follow up on overdue invoices and prepare monthly management reports, while your existing processes remain in place.

My name is Jacobs Roland and I am an AI automation specialist. I build OpenClaw-based AI agents that sit alongside existing accounting, ERP and billing systems and take on invoice tracking, payment follow-ups, reconciliation and financial reporting.

Might you have 20 minutes in the coming weeks for a short call to assess whether this would be useful for Whitelaw Wells?

If this is not relevant to you, please let me know and I will not contact you again.

Kind regards,

Jacobs Roland
AI Automation Specialist | OpenClaw AI Agent Development
Email: savelroly@gmail.com",,,
ban@whitleystimpson.co.uk,Whitley Stimpson,United Kingdom,Medium,Management reporting for Whitley Stimpson clients,"Dear Whitley Stimpson team,

I noted that Whitley Stimpson serves clients as chartered accountants from Banbury and Witney.

With that in mind, there may be scope for an AI agent to extract invoice data, check bank reconciliations, follow up on overdue invoices and prepare monthly management reports, working within the tools your team already uses.

I am Jacobs Roland, an AI automation specialist. I design and build OpenClaw-based AI agents that work alongside existing accounting, ERP and billing systems to handle invoice tracking, payment follow-ups, reconciliation and financial reporting.

Would you be open to a brief 20-minute call in the coming weeks to explore whether this could be useful for Whitley Stimpson?

If this is not relevant to you, please let me know and I will not contact you again.

Kind regards,

Jacobs Roland
AI Automation Specialist | OpenClaw AI Agent Development
Email: savelroly@gmail.com",,,
sales@aqilla.com,Aqilla,United Kingdom,Medium,Month-end AR packs for Aqilla customers,"Dear Aqilla team,

I noted that Aqilla provides cloud accounting for mid-sized organisations, with dedicated sales and support lines.

In that context, there may be scope to use an AI agent to prepare month-end AR packs for Aqilla customers.

My name is Jacobs Roland and I am an AI automation specialist. I build OpenClaw-based AI agents that sit alongside existing accounting, ERP and billing systems and take on invoice tracking, payment follow-ups, reconciliation and financial reporting.

Would you be open to a brief 20-minute call in the coming weeks to explore whether this could be useful for Aqilla?

If this is not relevant to you, please let me know and I will not contact you again.

Kind regards,

Jacobs Roland
AI Automation Specialist | OpenClaw AI Agent Development
Email: savelroly@gmail.com",,,
info@capium.com,Capium,United Kingdom,Medium,Fee invoice follow-ups for Capium practices,"Dear Capium team,

I noted that Capium provides cloud accounting and practice management software for accountants.

With that in mind, there may be scope for an AI agent to chase client records and follow up on fee invoices for practices using Capium, working within the tools your team already uses.

I am Jacobs Roland, an AI automation specialist, and I design and build OpenClaw-based AI agents that operate alongside existing accounting, ERP and billing systems, covering invoice tracking, payment follow-ups, reconciliation and financial reporting.

Would you be willing to have a short 20-minute conversation in the coming weeks to consider whether this might be of value to Capium?

If this is not relevant to you, please let me know and I will not contact you again.

Kind regards,

Jacobs Roland
AI Automation Specialist | OpenClaw AI Agent Development
Email: savelroly@gmail.com",,,
info@iplicit.com,iplicit,United Kingdom,Medium,Month-end debtor reporting for iplicit customers,"Dear iplicit team,

I noted that iplicit provides a cloud accounting platform for mid-sized organisations.

In that context, there may be scope to use an AI agent to prepare month-end debtor and creditor reports and raise variance alerts for iplicit customers.

I am Jacobs Roland, an AI automation specialist, and I design and build OpenClaw-based AI agents that operate alongside existing accounting, ERP and billing systems, covering invoice tracking, payment follow-ups, reconciliation and financial reporting.

Might you have 20 minutes in the coming weeks for a short call to assess whether this would be useful for iplicit?

If this is not relevant to you, please let me know and I will not contact you again.

Kind regards,

Jacobs Roland
AI Automation Specialist | OpenClaw AI Agent Development
Email: savelroly@gmail.com",,,
sales@pandle.com,Pandle,United Kingdom,Medium,Weekly cash summaries for Pandle users,"Dear Pandle team,

I noted that Pandle offers bookkeeping and invoicing software with a dedicated support page for small businesses.

I believe there may be scope for an AI agent to send overdue invoice reminders and prepare weekly cash summaries for Pandle's small-business users, while your existing processes remain in place.

My name is Jacobs Roland and I am an AI automation specialist. I build OpenClaw-based AI agents that sit alongside existing accounting, ERP and billing systems and take on invoice tracking, payment follow-ups, reconciliation and financial reporting.

Might you have 20 minutes in the coming weeks for a short call to assess whether this would be useful for Pandle?

If this is not relevant to you, please let me know and I will not contact you again.

Kind regards,

Jacobs Roland
AI Automation Specialist | OpenClaw AI Agent Development
Email: savelroly@gmail.com",,,
sales@taxcalc.com,TaxCalc,United Kingdom,Medium,Client chasing for TaxCalc practices,"Dear TaxCalc team,

I noted that TaxCalc Practice Manager synchronises with Companies House.

With that in mind, there may be scope for an AI agent to chase clients and follow up on fees for practices using TaxCalc, working within the tools your team already uses.

I am Jacobs Roland, an AI automation specialist. I design and build OpenClaw-based AI agents that work alongside existing accounting, ERP and billing systems to handle invoice tracking, payment follow-ups, reconciliation and financial reporting.

Would you be open to a brief 20-minute call in the coming weeks to explore whether this could be useful for TaxCalc?

If this is not relevant to you, please let me know and I will not contact you again.

Kind regards,

Jacobs Roland
AI Automation Specialist | OpenClaw AI Agent Development
Email: savelroly@gmail.com",,,
support@chaserhq.com,Chaser,United Kingdom,Medium,Support ticket triage for Chaser,"Dear Chaser team,

I noted that Chaser runs automated payment chasing and connects users' email accounts to send reminders.

There may be scope for an AI agent to triage support tickets and look up account context for credit control and email-integration queries, giving your team more time for higher-value work.

My name is Jacobs Roland and I am an AI automation specialist. I build OpenClaw-based AI agents that sit alongside existing accounting, ERP and billing systems and take on invoice tracking, payment follow-ups, reconciliation and financial reporting.

Would you be willing to have a short 20-minute conversation in the coming weeks to consider whether this might be of value to Chaser?

If this is not relevant to you, please let me know and I will not contact you again.

Kind regards,

Jacobs Roland
AI Automation Specialist | OpenClaw AI Agent Development
Email: savelroly@gmail.com",,,
support@draycir.com,Draycir,United Kingdom,Medium,Debtor reply classification for Credit Hound users,"Dear Draycir team,

I noted that Draycir builds Credit Hound and Spindle for Sage users and recently wrote about Exchange Online changes for Spindle email.

I believe there may be scope for an AI agent to classify debtor replies, disputes and payment promises around Credit Hound and Spindle, while your existing processes remain in place.

I am Jacobs Roland, an AI automation specialist, and I design and build OpenClaw-based AI agents that operate alongside existing accounting, ERP and billing systems, covering invoice tracking, payment follow-ups, reconciliation and financial reporting.

If it would be helpful, I would welcome a brief 20-minute call at a convenient time to discuss whether this could suit Draycir.

If this is not relevant to you, please let me know and I will not contact you again.

Kind regards,

Jacobs Roland
AI Automation Specialist | OpenClaw AI Agent Development
Email: savelroly@gmail.com",,,
info@approvalmax.com,ApprovalMax,United Kingdom,Medium,Stalled approval nudges for ApprovalMax workflows,"Dear ApprovalMax team,

I noted that ApprovalMax provides multi-step approval workflows for bills and purchase orders in Xero, QuickBooks and NetSuite.

In that context, there may be scope to use an AI agent to nudge stalled approvals and prepare daily AP status summaries around ApprovalMax workflows.

I am Jacobs Roland, an AI automation specialist, and I design and build OpenClaw-based AI agents that operate alongside existing accounting, ERP and billing systems, covering invoice tracking, payment follow-ups, reconciliation and financial reporting.

Might you have 20 minutes in the coming weeks for a short call to assess whether this would be useful for ApprovalMax?

If this is not relevant to you, please let me know and I will not contact you again.

Kind regards,

Jacobs Roland
AI Automation Specialist | OpenClaw AI Agent Development
Email: savelroly@gmail.com",,,
sales@floatapp.com,Float,United Kingdom,Medium,Payment promise capture for Float forecasts,"Dear Float team,

I noted that Float has helped businesses understand their cash flow since 2011.

With that in mind, there may be scope for an AI agent to capture payment promises and chase overdue invoices so that Float forecasts stay accurate, working within the tools your team already uses.

I am Jacobs Roland, an AI automation specialist. I design and build OpenClaw-based AI agents that work alongside existing accounting, ERP and billing systems to handle invoice tracking, payment follow-ups, reconciliation and financial reporting.

Would you be open to a brief 20-minute call in the coming weeks to explore whether this could be useful for Float?

If this is not relevant to you, please let me know and I will not contact you again.

Kind regards,

Jacobs Roland
AI Automation Specialist | OpenClaw AI Agent Development
Email: savelroly@gmail.com",,,
info@invu.net,Invu (Agilico),United Kingdom,Medium,Supplier payment queries for Invu customers,"Dear Invu team,

I noted that Invu, now part of Agilico, provides document management and purchase invoice automation.

There may be scope for an AI agent to answer routine supplier payment-status queries using Invu purchase invoice status in Sage, escalating exceptions to AP, giving your team more time for higher-value work.

I am Jacobs Roland, an AI automation specialist, and I design and build OpenClaw-based AI agents that operate alongside existing accounting, ERP and billing systems, covering invoice tracking, payment follow-ups, reconciliation and financial reporting.

Would you be open to a brief 20-minute call in the coming weeks to explore whether this could be useful for Invu?

If this is not relevant to you, please let me know and I will not contact you again.

Kind regards,

Jacobs Roland
AI Automation Specialist | OpenClaw AI Agent Development
Email: savelroly@gmail.com",,,
hello@xelix.com,Xelix,United Kingdom,Medium,Supplier payment status replies alongside Xelix,"Dear Xelix team,

I noted that Xelix, headquartered in London, builds AP control software including statement reconciliation and duplicate detection.

I believe there may be scope for an AI agent to reply to supplier payment-status queries and route disputes alongside Xelix AP controls, while your existing processes remain in place.

I am Jacobs Roland, an AI automation specialist. I design and build OpenClaw-based AI agents that work alongside existing accounting, ERP and billing systems to handle invoice tracking, payment follow-ups, reconciliation and financial reporting.

Would you be willing to have a short 20-minute conversation in the coming weeks to consider whether this might be of value to Xelix?

If this is not relevant to you, please let me know and I will not contact you again.

Kind regards,

Jacobs Roland
AI Automation Specialist | OpenClaw AI Agent Development
Email: savelroly@gmail.com",,,
enquiries@data-interchange.com,Data Interchange,United Kingdom,Medium,EDI invoice failure alerts for Data Interchange,"Dear Data Interchange team,

I noted that Data Interchange provides EDI services from its UK headquarters and offices in Germany, Poland and Spain.

In that context, there may be scope to use an AI agent to raise EDI invoice failure alerts and follow up with trading partners.

I am Jacobs Roland, an AI automation specialist. I design and build OpenClaw-based AI agents that work alongside existing accounting, ERP and billing systems to handle invoice tracking, payment follow-ups, reconciliation and financial reporting.

If it would be helpful, I would welcome a brief 20-minute call at a convenient time to discuss whether this could suit Data Interchange.

If this is not relevant to you, please let me know and I will not contact you again.

Kind regards,

Jacobs Roland
AI Automation Specialist | OpenClaw AI Agent Development
Email: savelroly@gmail.com",,,
brendan.mead@acupowererp.com,AcuPower,United Kingdom,Medium,Acumatica AR follow-ups for AcuPower clients,"Dear Brendan,

I noted that AcuPower is an Acumatica reseller and development partner and has written about Acumatica as a future-proof ERP.

With that in mind, there may be scope for an AI agent to handle Acumatica AR follow-ups and reporting for AcuPower clients, working within the tools your team already uses.

My name is Jacobs Roland and I am an AI automation specialist. I build OpenClaw-based AI agents that sit alongside existing accounting, ERP and billing systems and take on invoice tracking, payment follow-ups, reconciliation and financial reporting.

If it would be helpful, I would welcome a brief 20-minute call at a convenient time to discuss whether this could suit AcuPower.

If this is not relevant to you, please let me know and I will not contact you again.

Kind regards,

Jacobs Roland
AI Automation Specialist | OpenClaw AI Agent Development
Email: savelroly@gmail.com",,,
sales@appliedbusiness.co.uk,Applied Business,United Kingdom,Medium,Aged-debt summaries for Opera and Acumatica clients,"Dear Applied Business team,

I noted that Applied Business resells Acumatica, Greentree and Pegasus Opera and is currently running an Opera 3 upgrade offer.

There may be scope for an AI agent to handle credit control and prepare aged-debt summaries for your Opera and Acumatica clients, giving your team more time for higher-value work.

I am Jacobs Roland, an AI automation specialist. I design and build OpenClaw-based AI agents that work alongside existing accounting, ERP and billing systems to handle invoice tracking, payment follow-ups, reconciliation and financial reporting.

Might you have 20 minutes in the coming weeks for a short call to assess whether this would be useful for Applied Business?

If this is not relevant to you, please let me know and I will not contact you again.

Kind regards,

Jacobs Roland
AI Automation Specialist | OpenClaw AI Agent Development
Email: savelroly@gmail.com",,,
info@avyanco.com,Avyanco,United Kingdom,Medium,NetSuite collections support for Avyanco clients,"Dear Avyanco team,

I noted that Avyanco is a NetSuite partner focused on implementation and auditing.

In that context, there may be scope to use an AI agent to handle NetSuite collections and reporting for Avyanco clients.

I am Jacobs Roland, an AI automation specialist, and I design and build OpenClaw-based AI agents that operate alongside existing accounting, ERP and billing systems, covering invoice tracking, payment follow-ups, reconciliation and financial reporting.

Might you have 20 minutes in the coming weeks for a short call to assess whether this would be useful for Avyanco?

If this is not relevant to you, please let me know and I will not contact you again.

Kind regards,

Jacobs Roland
AI Automation Specialist | OpenClaw AI Agent Development
Email: savelroly@gmail.com",,,
enquiries@azzure-it.com,Azzure IT,United Kingdom,Medium,Overdue reminders for Azzure IT Dynamics clients,"Dear Azzure IT team,

I noted that Azzure IT publishes practical guides, such as its explanation of Dynamics 365 subscription plans.

I believe there may be scope for an AI agent to prepare aged-debt reports and send overdue reminders for your Dynamics clients, while your existing processes remain in place.

My name is Jacobs Roland and I am an AI automation specialist. I build OpenClaw-based AI agents that sit alongside existing accounting, ERP and billing systems and take on invoice tracking, payment follow-ups, reconciliation and financial reporting.

Might you have 20 minutes in the coming weeks for a short call to assess whether this would be useful for Azzure IT?

If this is not relevant to you, please let me know and I will not contact you again.

Kind regards,

Jacobs Roland
AI Automation Specialist | OpenClaw AI Agent Development
Email: savelroly@gmail.com",,,
enquiries@codestone.com,Codestone Group,United Kingdom,Medium,Post-go-live AR reminders for Codestone clients,"Dear Codestone Group team,

I noted that Codestone offers customer success management and technology services alongside SAP Business One implementation.

With that in mind, there may be scope for an AI agent to send post-go-live AR reminders and prepare finance reports for your ERP clients, working within the tools your team already uses.

I am Jacobs Roland, an AI automation specialist. I design and build OpenClaw-based AI agents that work alongside existing accounting, ERP and billing systems to handle invoice tracking, payment follow-ups, reconciliation and financial reporting.

Would you be open to a brief 20-minute call in the coming weeks to explore whether this could be useful for Codestone Group?

If this is not relevant to you, please let me know and I will not contact you again.

Kind regards,

Jacobs Roland
AI Automation Specialist | OpenClaw AI Agent Development
Email: savelroly@gmail.com",,,
info@dynamicssquare.co.uk,Dynamics Square,United Kingdom,Medium,Invoice dispute triage for Dynamics Square clients,"Dear Dynamics Square team,

I noted that Dynamics Square is a London Microsoft Dynamics partner with separate sales and technical support lines.

In that context, there may be scope to use an AI agent to triage invoice disputes and prepare AR reports for Dynamics Square clients.

My name is Jacobs Roland and I am an AI automation specialist. I build OpenClaw-based AI agents that sit alongside existing accounting, ERP and billing systems and take on invoice tracking, payment follow-ups, reconciliation and financial reporting.

Would you be open to a brief 20-minute call in the coming weeks to explore whether this could be useful for Dynamics Square?

If this is not relevant to you, please let me know and I will not contact you again.

Kind regards,

Jacobs Roland
AI Automation Specialist | OpenClaw AI Agent Development
Email: savelroly@gmail.com",,,
enquiries@inixion.com,Inixion,United Kingdom,Medium,Overdue account prioritisation in Sage X3 and Intacct,"Dear Inixion team,

I noted that Inixion recently joined Pine Services Group and implements Sage X3 and Sage Intacct.

I believe there may be scope for an AI agent to prioritise overdue accounts, send reminders and log responses in Sage X3 and Sage Intacct for Inixion clients, while your existing processes remain in place.

I am Jacobs Roland, an AI automation specialist. I design and build OpenClaw-based AI agents that work alongside existing accounting, ERP and billing systems to handle invoice tracking, payment follow-ups, reconciliation and financial reporting.

Would you be willing to have a short 20-minute conversation in the coming weeks to consider whether this might be of value to Inixion?

If this is not relevant to you, please let me know and I will not contact you again.

Kind regards,

Jacobs Roland
AI Automation Specialist | OpenClaw AI Agent Development
Email: savelroly@gmail.com",,,
info@mercuriusit.com,Mercurius IT,United Kingdom,Medium,Business Central payment reminders for Mercurius IT clients,"Dear Mercurius IT team,

I noted that Mercurius IT published 'The Impact of Brexit Made Simple' for Dynamics NAV and Business Central users.

There may be scope for an AI agent to send Business Central payment reminders and keep AR positions up to date for your NAV and Business Central clients, giving your team more time for higher-value work.

My name is Jacobs Roland and I am an AI automation specialist. I build OpenClaw-based AI agents that sit alongside existing accounting, ERP and billing systems and take on invoice tracking, payment follow-ups, reconciliation and financial reporting.

Would you be willing to have a short 20-minute conversation in the coming weeks to consider whether this might be of value to Mercurius IT?

If this is not relevant to you, please let me know and I will not contact you again.

Kind regards,

Jacobs Roland
AI Automation Specialist | OpenClaw AI Agent Development
Email: savelroly@gmail.com",,,
info@mysoftx3.com,Mysoft,United Kingdom,Medium,Sage X3 receivables reporting for Mysoft clients,"Dear Mysoft team,

I noted that Mysoft describes itself as the UK's first Sage X3 partner and offers Sage X3 support services.

In that context, there may be scope to use an AI agent to generate regular Sage X3 receivables reports and flag customers due a reminder, reducing recurring report requests to your support team.

I am Jacobs Roland, an AI automation specialist. I design and build OpenClaw-based AI agents that work alongside existing accounting, ERP and billing systems to handle invoice tracking, payment follow-ups, reconciliation and financial reporting.

If it would be helpful, I would welcome a brief 20-minute call at a convenient time to discuss whether this could suit Mysoft.

If this is not relevant to you, please let me know and I will not contact you again.

Kind regards,

Jacobs Roland
AI Automation Specialist | OpenClaw AI Agent Development
Email: savelroly@gmail.com",,,
info@noblue2.com,NoBlue,United Kingdom,Medium,NetSuite overdue invoice follow-ups for NoBlue clients,"Dear NoBlue team,

I noted that NoBlue publishes NetSuite tips, including how to set up email alerts and customise emails from records.

I believe there may be scope for an AI agent to follow up on overdue invoices and update records on top of NetSuite alerts for NoBlue clients, while your existing processes remain in place.

I am Jacobs Roland, an AI automation specialist, and I design and build OpenClaw-based AI agents that operate alongside existing accounting, ERP and billing systems, covering invoice tracking, payment follow-ups, reconciliation and financial reporting.

If it would be helpful, I would welcome a brief 20-minute call at a convenient time to discuss whether this could suit NoBlue.

If this is not relevant to you, please let me know and I will not contact you again.

Kind regards,

Jacobs Roland
AI Automation Specialist | OpenClaw AI Agent Development
Email: savelroly@gmail.com",,,
sales@nolanbusinesssolutions.com,Nolan Business Solutions,United Kingdom,Medium,NetSuite collections reporting for Nolan clients,"Dear Nolan Business Solutions team,

I noted that Lancashire Cricket selected Nolan Business Solutions and Oracle NetSuite for its ERP implementation, and that Nolan's SuiteApps hold the Built for NetSuite badge.

With that in mind, there may be scope for an AI agent to handle NetSuite collections and finance reporting for Nolan's clients, working within the tools your team already uses.

My name is Jacobs Roland and I am an AI automation specialist. I build OpenClaw-based AI agents that sit alongside existing accounting, ERP and billing systems and take on invoice tracking, payment follow-ups, reconciliation and financial reporting.

If it would be helpful, I would welcome a brief 20-minute call at a convenient time to discuss whether this could suit Nolan Business Solutions.

If this is not relevant to you, please let me know and I will not contact you again.

Kind regards,

Jacobs Roland
AI Automation Specialist | OpenClaw AI Agent Development
Email: savelroly@gmail.com",,,
sales@pragmatiq.co.uk,Pragmatiq,United Kingdom,Medium,Business Central overdue chasing for Pragmatiq clients,"Dear Pragmatiq team,

I noted that Pragmatiq, a Microsoft Solutions Partner, won Service Excellence at the SME Awards, and wished to offer my congratulations.

In that context, there may be scope to use an AI agent to chase overdue Business Central invoices and prepare daily finance summaries for Pragmatiq clients.

I am Jacobs Roland, an AI automation specialist, and I design and build OpenClaw-based AI agents that operate alongside existing accounting, ERP and billing systems, covering invoice tracking, payment follow-ups, reconciliation and financial reporting.

Might you have 20 minutes in the coming weeks for a short call to assess whether this would be useful for Pragmatiq?

If this is not relevant to you, please let me know and I will not contact you again.

Kind regards,

Jacobs Roland
AI Automation Specialist | OpenClaw AI Agent Development
Email: savelroly@gmail.com",,,
info@qgate.co.uk,QGate Software,United Kingdom,Medium,Weekly AR updates for QGate Dynamics clients,"Dear QGate Software team,

I noted that QGate provides Microsoft Dynamics consultancy and Dynamics 365 partner services.

I believe there may be scope for an AI agent to raise overdue invoice alerts and prepare weekly AR updates for your Dynamics clients, while your existing processes remain in place.

My name is Jacobs Roland and I am an AI automation specialist. I build OpenClaw-based AI agents that sit alongside existing accounting, ERP and billing systems and take on invoice tracking, payment follow-ups, reconciliation and financial reporting.

Might you have 20 minutes in the coming weeks for a short call to assess whether this would be useful for QGate Software?

If this is not relevant to you, please let me know and I will not contact you again.

Kind regards,

Jacobs Roland
AI Automation Specialist | OpenClaw AI Agent Development
Email: savelroly@gmail.com",,,
info@thehbpgroup.co.uk,The HBP Group,United Kingdom,Medium,Weekly AR snapshots for HBP Business Central clients,"Dear The HBP Group team,

I noted that The HBP Group published a guide on choosing a Business Central partner in the UK.

There may be scope for an AI agent to send overdue reminders and prepare a weekly AR snapshot from Business Central for your ERP clients, giving your team more time for higher-value work.

I am Jacobs Roland, an AI automation specialist, and I design and build OpenClaw-based AI agents that operate alongside existing accounting, ERP and billing systems, covering invoice tracking, payment follow-ups, reconciliation and financial reporting.

Would you be open to a brief 20-minute call in the coming weeks to explore whether this could be useful for The HBP Group?

If this is not relevant to you, please let me know and I will not contact you again.

Kind regards,

Jacobs Roland
AI Automation Specialist | OpenClaw AI Agent Development
Email: savelroly@gmail.com",,,
info@tsg.com,TSG (Technology Services Group),United Kingdom,Medium,Sage Intacct invoice tracking for TSG clients,"Dear TSG team,

I noted that TSG recently published a Sage Intacct implementation guide for UK organisations.

I believe there may be scope for an AI agent to track open Sage Intacct invoices, send reminders and give finance leads a weekly AR update, while your existing processes remain in place.

I am Jacobs Roland, an AI automation specialist. I design and build OpenClaw-based AI agents that work alongside existing accounting, ERP and billing systems to handle invoice tracking, payment follow-ups, reconciliation and financial reporting.

Would you be willing to have a short 20-minute conversation in the coming weeks to consider whether this might be of value to TSG?

If this is not relevant to you, please let me know and I will not contact you again.

Kind regards,

Jacobs Roland
AI Automation Specialist | OpenClaw AI Agent Development
Email: savelroly@gmail.com",,,
hello@tvisiontech.co.uk,TVision Technology,United Kingdom,Medium,SwiftCloud order invoice follow-ups for TVision clients,"Dear TVision Technology team,

I noted that TVision runs webinars on moving to Business Central SaaS and on SwiftCloud B2B ordering.

With that in mind, there may be scope for an AI agent to follow up unpaid invoices from SwiftCloud B2B orders in Business Central and report weekly cash collected, working within the tools your team already uses.

I am Jacobs Roland, an AI automation specialist, and I design and build OpenClaw-based AI agents that operate alongside existing accounting, ERP and billing systems, covering invoice tracking, payment follow-ups, reconciliation and financial reporting.

Would you be willing to have a short 20-minute conversation in the coming weeks to consider whether this might be of value to TVision Technology?

If this is not relevant to you, please let me know and I will not contact you again.

Kind regards,

Jacobs Roland
AI Automation Specialist | OpenClaw AI Agent Development
Email: savelroly@gmail.com",,,
info@utilize.co.uk,Utilize,United Kingdom,Medium,Staged Sage 200 reminders for Utilize clients,"Dear Utilize team,

I noted that Utilize is a Sage 200 and Sage Intacct partner with offices in London and Essex.

There may be scope for an AI agent to send staged Sage 200 reminders, log responses and highlight accounts that need a call, giving your team more time for higher-value work.

My name is Jacobs Roland and I am an AI automation specialist. I build OpenClaw-based AI agents that sit alongside existing accounting, ERP and billing systems and take on invoice tracking, payment follow-ups, reconciliation and financial reporting.

Would you be willing to have a short 20-minute conversation in the coming weeks to consider whether this might be of value to Utilize?

If this is not relevant to you, please let me know and I will not contact you again.

Kind regards,

Jacobs Roland
AI Automation Specialist | OpenClaw AI Agent Development
Email: savelroly@gmail.com",,,
hello@fdcapital.co.uk,FD Capital,United Kingdom,Medium,Reporting packs for FD Capital finance directors,"Dear FD Capital team,

I noted that FD Capital has placed outsourced, fractional and interim finance directors and CFOs since 2018.

There may be scope for an AI agent to raise overdue-invoice alerts and prepare cash summaries and the weekly or monthly reporting packs that fractional FDs produce for clients, giving your team more time for higher-value work.

I am Jacobs Roland, an AI automation specialist, and I design and build OpenClaw-based AI agents that operate alongside existing accounting, ERP and billing systems, covering invoice tracking, payment follow-ups, reconciliation and financial reporting.

Would you be open to a brief 20-minute call in the coming weeks to explore whether this could be useful for FD Capital?

If this is not relevant to you, please let me know and I will not contact you again.

Kind regards,

Jacobs Roland
AI Automation Specialist | OpenClaw AI Agent Development
Email: savelroly@gmail.com",,,
contact@qxglobalgroup.com,QX Global Group,United Kingdom,Medium,Credit control queue prioritisation for QX teams,"Dear QX Global Group team,

I noted that QX has published on credit control for UK AR teams under pressure and for staffing firms.

In that context, there may be scope to use an AI agent to prioritise credit control queues and prepare client reports for outsourced AR teams.

I am Jacobs Roland, an AI automation specialist, and I design and build OpenClaw-based AI agents that operate alongside existing accounting, ERP and billing systems, covering invoice tracking, payment follow-ups, reconciliation and financial reporting.

Might you have 20 minutes in the coming weeks for a short call to assess whether this would be useful for QX Global Group?

If this is not relevant to you, please let me know and I will not contact you again.

Kind regards,

Jacobs Roland
AI Automation Specialist | OpenClaw AI Agent Development
Email: savelroly@gmail.com",,,
hello@anna.money,ANNA Money,United Kingdom,Medium,Payment-to-invoice matching for ANNA customers,"Dear ANNA Money team,

I noted that ANNA positions itself as the business account that does your taxes.

In that context, there may be scope to use an AI agent to match payments to invoices and send overdue reminders for ANNA business account customers.

I am Jacobs Roland, an AI automation specialist. I design and build OpenClaw-based AI agents that work alongside existing accounting, ERP and billing systems to handle invoice tracking, payment follow-ups, reconciliation and financial reporting.

If it would be helpful, I would welcome a brief 20-minute call at a convenient time to discuss whether this could suit ANNA Money.

If this is not relevant to you, please let me know and I will not contact you again.

Kind regards,

Jacobs Roland
AI Automation Specialist | OpenClaw AI Agent Development
Email: savelroly@gmail.com",,,
support@getapron.com,Apron,United Kingdom,Medium,Supplier remittance replies for Apron customers,"Dear Apron team,

I noted that Apron provides bill payments and invoice processing, with customers able to view historical invoices in the app.

I believe there may be scope for an AI agent to reply to supplier remittance queries and raise unpaid-bill alerts for Apron customers, while your existing processes remain in place.

I am Jacobs Roland, an AI automation specialist, and I design and build OpenClaw-based AI agents that operate alongside existing accounting, ERP and billing systems, covering invoice tracking, payment follow-ups, reconciliation and financial reporting.

If it would be helpful, I would welcome a brief 20-minute call at a convenient time to discuss whether this could suit Apron.

If this is not relevant to you, please let me know and I will not contact you again.

Kind regards,

Jacobs Roland
AI Automation Specialist | OpenClaw AI Agent Development
Email: savelroly@gmail.com",,,
hello@crezco.com,Crezco,United Kingdom,Medium,Payment status replies around Crezco payments,"Dear Crezco team,

I noted that Crezco provides an embedded payments API with managed bulk payments.

There may be scope for an AI agent to reply to payment-status queries and support reconciliation around Crezco payments, giving your team more time for higher-value work.

I am Jacobs Roland, an AI automation specialist. I design and build OpenClaw-based AI agents that work alongside existing accounting, ERP and billing systems to handle invoice tracking, payment follow-ups, reconciliation and financial reporting.

Might you have 20 minutes in the coming weeks for a short call to assess whether this would be useful for Crezco?

If this is not relevant to you, please let me know and I will not contact you again.

Kind regards,

Jacobs Roland
AI Automation Specialist | OpenClaw AI Agent Development
Email: savelroly@gmail.com",,,
contact@nucleus-cf.co.uk,Nucleus Commercial Finance,United Kingdom,Medium,Credit control emails for Nucleus factored ledgers,"Dear Nucleus Commercial Finance team,

I noted that Nucleus publishes an FAQ on how to write credit control emails.

With that in mind, there may be scope for an AI agent to draft credit control emails and prepare collections reports for factored ledgers, working within the tools your team already uses.

I am Jacobs Roland, an AI automation specialist. I design and build OpenClaw-based AI agents that work alongside existing accounting, ERP and billing systems to handle invoice tracking, payment follow-ups, reconciliation and financial reporting.

Would you be open to a brief 20-minute call in the coming weeks to explore whether this could be useful for Nucleus Commercial Finance?

If this is not relevant to you, please let me know and I will not contact you again.

Kind regards,

Jacobs Roland
AI Automation Specialist | OpenClaw AI Agent Development
Email: savelroly@gmail.com",,,
info@partnershipablgrp.co.uk,Partnership Invoice Finance,United Kingdom,Medium,Recourse period alerts for Partnership Invoice Finance,"Dear Partnership Invoice Finance team,

I noted that Partnership Invoice Finance offers recourse factoring from Paddock Wood in Kent.

In that context, there may be scope to use an AI agent to prepare debtor ageing reports and raise recourse-period alerts for factoring clients.

My name is Jacobs Roland and I am an AI automation specialist. I build OpenClaw-based AI agents that sit alongside existing accounting, ERP and billing systems and take on invoice tracking, payment follow-ups, reconciliation and financial reporting.

Would you be open to a brief 20-minute call in the coming weeks to explore whether this could be useful for Partnership Invoice Finance?

If this is not relevant to you, please let me know and I will not contact you again.

Kind regards,

Jacobs Roland
AI Automation Specialist | OpenClaw AI Agent Development
Email: savelroly@gmail.com",,,
hello@sonovate.com,Sonovate,United Kingdom,Medium,Timesheet-to-invoice checks for Sonovate agencies,"Dear Sonovate team,

I noted that Sonovate has written on whether an invoice finance provider may be holding back a business's growth.

I believe there may be scope for an AI agent to check timesheets against invoices and follow up on late payments for recruitment agencies, while your existing processes remain in place.

I am Jacobs Roland, an AI automation specialist, and I design and build OpenClaw-based AI agents that operate alongside existing accounting, ERP and billing systems, covering invoice tracking, payment follow-ups, reconciliation and financial reporting.

If it would be helpful, I would welcome a brief 20-minute call at a convenient time to discuss whether this could suit Sonovate.

If this is not relevant to you, please let me know and I will not contact you again.

Kind regards,

Jacobs Roland
AI Automation Specialist | OpenClaw AI Agent Development
Email: savelroly@gmail.com",,,
invoice@timefinance.com,Time Finance,United Kingdom,Medium,Late payment reporting for Time Finance credit control,"Dear Time Finance team,

I noted that Time Finance offers outsourced credit control and publishes content on late invoice payment solutions.

With that in mind, there may be scope for an AI agent to run reminder sequences and prepare late-payment reports within your outsourced credit control service, working within the tools your team already uses.

My name is Jacobs Roland and I am an AI automation specialist. I build OpenClaw-based AI agents that sit alongside existing accounting, ERP and billing systems and take on invoice tracking, payment follow-ups, reconciliation and financial reporting.

If it would be helpful, I would welcome a brief 20-minute call at a convenient time to discuss whether this could suit Time Finance.

If this is not relevant to you, please let me know and I will not contact you again.

Kind regards,

Jacobs Roland
AI Automation Specialist | OpenClaw AI Agent Development
Email: savelroly@gmail.com",,,
ehummer@bentleysact.com.au,Bentleys ACT,Australia,Medium,E-invoice follow-ups for Bentleys ACT SME clients,"Dear Bentleys ACT team,

I read the Bentleys e-invoicing implementation guide for Australian SME businesses.

For Bentleys ACT's SME clients on Xero, MYOB or QuickBooks, there may be scope to automate e-invoice follow-ups and reporting.

My name is Jacobs Roland, and I am an AI automation specialist. I design OpenClaw-based AI agents that work with existing accounting, ERP and billing systems to support invoice tracking, payment follow-ups, reconciliation and financial reporting.

Might you be open to a short call of around 20 minutes in the coming weeks to assess whether this could support Bentleys ACT?

If this is not relevant to you, please let me know and I will not contact you again.

Kind regards,

Jacobs Roland
AI Automation Specialist | OpenClaw AI Agent Development
Email: savelroly@gmail.com",,,
support@hnry.com.au,Hnry,Australia,Medium,Invoice follow-ups for Hnry sole traders,"Dear Hnry team,

I read Hnry's ultimate invoicing guide for sole traders.

There may be scope to automate invoice follow-ups and income tracking alerts for Hnry's sole-trader customers.

I am Jacobs Roland, an AI automation specialist. I build OpenClaw-based AI agents that operate alongside existing accounting, ERP and billing systems, taking care of invoice tracking, payment follow-ups, reconciliation and financial reporting.

Would you be open to a brief 20-minute call in the coming weeks to explore whether this could be useful for Hnry?

If this is not relevant to you, please let me know and I will not contact you again.

Kind regards,

Jacobs Roland
AI Automation Specialist | OpenClaw AI Agent Development
Email: savelroly@gmail.com",,,
info@platinumaccounting.com.au,Platinum Accounting & Taxation,Australia,Medium,Overdue-invoice reminders for tradie and builder clients,"Dear Platinum Accounting team,

I noted that Platinum Accounting has dedicated pages for tradies, builders and gyms in Melton and western Melbourne.

There may be scope to automate overdue-invoice reminders for those tradie and builder clients directly from their Xero files.

My name is Jacobs Roland, and I am an AI automation specialist. I design OpenClaw-based AI agents that work with existing accounting, ERP and billing systems to support invoice tracking, payment follow-ups, reconciliation and financial reporting.

Would you be open to a brief 20-minute call in the coming weeks to explore whether this could be useful for Platinum Accounting?

If this is not relevant to you, please let me know and I will not contact you again.

Kind regards,

Jacobs Roland
AI Automation Specialist | OpenClaw AI Agent Development
Email: savelroly@gmail.com",,,
rhemphill@sw-au.com,SW Accountants & Advisors,Australia,Medium,AR workflows after SW Xero migrations,"Dear Rick,

I understand that you coordinate client moves to Xero online as a Certified Xero Advisor at SW.

Once clients are on Xero, there may be scope to automate their accounts receivable and reporting workflows.

My name is Jacobs Roland, and I am an AI automation specialist. I design OpenClaw-based AI agents that work with existing accounting, ERP and billing systems to support invoice tracking, payment follow-ups, reconciliation and financial reporting.

Might you be open to a short call of around 20 minutes in the coming weeks to assess whether this could support SW Accountants & Advisors?

If this is not relevant to you, please let me know and I will not contact you again.

Kind regards,

Jacobs Roland
AI Automation Specialist | OpenClaw AI Agent Development
Email: savelroly@gmail.com",,,
support@ezzydoc.com,EzzyBills,Australia,Medium,AR follow-ups alongside EzzyBills invoice capture,"Dear EzzyBills team,

I noted that EzzyBills captures invoices into Xero, QuickBooks and Cin7 Core and features a Phatsourcing customer story.

Alongside that capture, there may be scope to add accounts receivable follow-ups and supplier statement reconciliation.

My name is Jacobs Roland, and I am an AI automation specialist. I design OpenClaw-based AI agents that work with existing accounting, ERP and billing systems to support invoice tracking, payment follow-ups, reconciliation and financial reporting.

If it would be helpful, I would welcome a brief 20-minute call at a time that suits you to discuss whether this could be useful for EzzyBills.

If this is not relevant to you, please let me know and I will not contact you again.

Kind regards,

Jacobs Roland
AI Automation Specialist | OpenClaw AI Agent Development
Email: savelroly@gmail.com",,,
support@reckon.com,Reckon,Australia,Medium,Invoice reminders for Reckon One users,"Dear Reckon team,

I noted that Reckon One supports multiple contacts per customer.

There may be scope to automate customer invoice reminders, contact data clean-up and support routing for Reckon One users.

I am Jacobs Roland, an AI automation specialist. I design and build OpenClaw-based AI agents that work alongside existing accounting, ERP and billing systems to handle invoice tracking, payment follow-ups, reconciliation and financial reporting.

Might you be open to a short call of around 20 minutes in the coming weeks to assess whether this could support Reckon?

If this is not relevant to you, please let me know and I will not contact you again.

Kind regards,

Jacobs Roland
AI Automation Specialist | OpenClaw AI Agent Development
Email: savelroly@gmail.com",,,
sales@debtcol.com.au,DebtCol,Australia,Medium,Trust reconciliations from DebtCol into MYOB and Xero,"Dear DebtCol team,

I noted that DebtCol serves both boutique agencies and enterprise collections organisations and integrates with MYOB and Xero.

There may be scope to automate client trust reconciliations and remittance reporting from DebtCol into MYOB or Xero.

I am Jacobs Roland, an AI automation specialist. I design and build OpenClaw-based AI agents that work alongside existing accounting, ERP and billing systems to handle invoice tracking, payment follow-ups, reconciliation and financial reporting.

If it would be helpful, I would welcome a brief 20-minute call at a time that suits you to discuss whether this could be useful for DebtCol.

If this is not relevant to you, please let me know and I will not contact you again.

Kind regards,

Jacobs Roland
AI Automation Specialist | OpenClaw AI Agent Development
Email: savelroly@gmail.com",,,
support@teamlightyear.cloud,Lightyear,Australia,Medium,Supplier-statement reconciliation for Lightyear users,"Dear Lightyear team,

I have been following Lightyear's regular feature releases for its accounts payable automation platform.

There may be scope to automate supplier-statement reconciliation, approval chasers and AP aging alerts.

I am Jacobs Roland, an AI automation specialist. I design and build OpenClaw-based AI agents that work alongside existing accounting, ERP and billing systems to handle invoice tracking, payment follow-ups, reconciliation and financial reporting.

Would you be willing to have a short 20-minute conversation in the coming weeks to consider whether this might be of value to Lightyear?

If this is not relevant to you, please let me know and I will not contact you again.

Kind regards,

Jacobs Roland
AI Automation Specialist | OpenClaw AI Agent Development
Email: savelroly@gmail.com",,,
hello@ezypay.com,Ezypay,Australia,Medium,Failed-payment follow-ups for Ezypay merchants,"Dear Ezypay team,

I noted that Ezypay offers subscription billing with online sign-up forms and assisted migrations for merchants switching providers.

There may be scope to automate failed-payment follow-ups and merchant billing reports.

My name is Jacobs Roland, and I am an AI automation specialist. I design OpenClaw-based AI agents that work with existing accounting, ERP and billing systems to support invoice tracking, payment follow-ups, reconciliation and financial reporting.

Might you be open to a short call of around 20 minutes in the coming weeks to assess whether this could support Ezypay?

If this is not relevant to you, please let me know and I will not contact you again.

Kind regards,

Jacobs Roland
AI Automation Specialist | OpenClaw AI Agent Development
Email: savelroly@gmail.com",,,
support@ascora.com.au,Ascora,Australia,Medium,Overdue invoice chasing on completed Ascora jobs,"Dear Ascora team,

I noted that Ascora covers the trades workflow from enquiry through to invoice and payment, with QuickBooks and eWay integrations.

Once completed jobs sync to accounting, there may be scope to automate the chasing of overdue invoices.

I am Jacobs Roland, an AI automation specialist. I build OpenClaw-based AI agents that operate alongside existing accounting, ERP and billing systems, taking care of invoice tracking, payment follow-ups, reconciliation and financial reporting.

Would you be willing to have a short 20-minute conversation in the coming weeks to consider whether this might be of value to Ascora?

If this is not relevant to you, please let me know and I will not contact you again.

Kind regards,

Jacobs Roland
AI Automation Specialist | OpenClaw AI Agent Development
Email: savelroly@gmail.com",,,
helpme@calxa.com,Calxa,Australia,Medium,Budget-vs-actual alerts for Calxa users,"Dear Calxa team,

I understand that Calxa provides budgeting, cash flow forecasting and reporting for Xero, MYOB and QuickBooks users.

There may be scope to automate budget-vs-actual alerts, cash-flow variance notes and recurring report distribution.

My name is Jacobs Roland, and I am an AI automation specialist. I design OpenClaw-based AI agents that work with existing accounting, ERP and billing systems to support invoice tracking, payment follow-ups, reconciliation and financial reporting.

If it would be helpful, I would welcome a brief 20-minute call at a time that suits you to discuss whether this could be useful for Calxa.

If this is not relevant to you, please let me know and I will not contact you again.

Kind regards,

Jacobs Roland
AI Automation Specialist | OpenClaw AI Agent Development
Email: savelroly@gmail.com",,,
support@fathomhq.com,Fathom,Australia,Medium,KPI alerts and report packs for Fathom advisers,"Dear Fathom team,

I noted that Fathom offers management reporting for Xero, QuickBooks and MYOB and answers support email within the day.

There may be scope to automate scheduled report packs, KPI alerts and commentary drafts for advisers' clients.

I am Jacobs Roland, an AI automation specialist. I design and build OpenClaw-based AI agents that work alongside existing accounting, ERP and billing systems to handle invoice tracking, payment follow-ups, reconciliation and financial reporting.

Might you be open to a short call of around 20 minutes in the coming weeks to assess whether this could support Fathom?

If this is not relevant to you, please let me know and I will not contact you again.

Kind regards,

Jacobs Roland
AI Automation Specialist | OpenClaw AI Agent Development
Email: savelroly@gmail.com",,,
support@fyi.app,FYI,Australia,Medium,WIP and debtor reminders for FYI practices,"Dear FYI team,

I read FYI's documentation on letter generation and digital signatures via Annature for accounting firms.

There may be scope to automate WIP and debtor reminders, document request chasers and practice reports alongside Xero Practice Manager.

I am Jacobs Roland, an AI automation specialist. I build OpenClaw-based AI agents that operate alongside existing accounting, ERP and billing systems, taking care of invoice tracking, payment follow-ups, reconciliation and financial reporting.

Would you be open to a brief 20-minute call in the coming weeks to explore whether this could be useful for FYI?

If this is not relevant to you, please let me know and I will not contact you again.

Kind regards,

Jacobs Roland
AI Automation Specialist | OpenClaw AI Agent Development
Email: savelroly@gmail.com",,,
support@servicem8.com,ServiceM8,Australia,Medium,Unpaid job invoice reminders for ServiceM8 users,"Dear ServiceM8 team,

I noted that ServiceM8 offers customisable email and SMS templates for client communication.

There may be scope to automate unpaid job invoice reminders, quote follow-ups and daily job revenue summaries.

My name is Jacobs Roland, and I am an AI automation specialist. I design OpenClaw-based AI agents that work with existing accounting, ERP and billing systems to support invoice tracking, payment follow-ups, reconciliation and financial reporting.

Would you be willing to have a short 20-minute conversation in the coming weeks to consider whether this might be of value to ServiceM8?

If this is not relevant to you, please let me know and I will not contact you again.

Kind regards,

Jacobs Roland
AI Automation Specialist | OpenClaw AI Agent Development
Email: savelroly@gmail.com",,,
info@lucaplus.com,LUCA Plus,Australia,Medium,Cash-flow alerts from LUCA+ e-invoice status,"Dear LUCA Plus team,

I noted that LUCA Plus describes itself as a fintech platform for better business cash flow and runs an e-invoicing partner program for accountants.

There may be scope to automate overdue reminders and cash-flow alerts triggered by LUCA+ e-invoice status.

I am Jacobs Roland, an AI automation specialist. I build OpenClaw-based AI agents that operate alongside existing accounting, ERP and billing systems, taking care of invoice tracking, payment follow-ups, reconciliation and financial reporting.

Might you be open to a short call of around 20 minutes in the coming weeks to assess whether this could support LUCA Plus?

If this is not relevant to you, please let me know and I will not contact you again.

Kind regards,

Jacobs Roland
AI Automation Specialist | OpenClaw AI Agent Development
Email: savelroly@gmail.com",,,
media@messagexchange.com,MessageXchange,Australia,Medium,Delivery-status alerts for MessageXchange Peppol invoices,"Dear MessageXchange team,

I understand that MessageXchange was the first Peppol-certified eInvoicing access point in Australia and New Zealand and runs the MYOB eInvoicing integration.

There may be scope to automate delivery-status alerts and exception follow-ups for Peppol invoices that fail or fall back to PDF.

My name is Jacobs Roland, and I am an AI automation specialist. I design OpenClaw-based AI agents that work with existing accounting, ERP and billing systems to support invoice tracking, payment follow-ups, reconciliation and financial reporting.

Would you be open to a brief 20-minute call in the coming weeks to explore whether this could be useful for MessageXchange?

If this is not relevant to you, please let me know and I will not contact you again.

Kind regards,

Jacobs Roland
AI Automation Specialist | OpenClaw AI Agent Development
Email: savelroly@gmail.com",,,
info@ozedi.com.au,Ozedi,Australia,Medium,Matching inbound e-invoices against orders at Ozedi,"Dear Ozedi team,

I read Ozedi's guide to e-invoicing and noted its place on the ATO's accredited Peppol provider register.

There may be scope to automate the matching of inbound EDI and e-invoices against orders, with discrepancies flagged for review.

I am Jacobs Roland, an AI automation specialist. I design and build OpenClaw-based AI agents that work alongside existing accounting, ERP and billing systems to handle invoice tracking, payment follow-ups, reconciliation and financial reporting.

Would you be willing to have a short 20-minute conversation in the coming weeks to consider whether this might be of value to Ozedi?

If this is not relevant to you, please let me know and I will not contact you again.

Kind regards,

Jacobs Roland
AI Automation Specialist | OpenClaw AI Agent Development
Email: savelroly@gmail.com",,,
info@pacificcommerce.com.au,Pacific Commerce,Australia,Medium,Delivery confirmations for government Peppol suppliers,"Dear Pacific Commerce team,

I read Pacific Commerce's plain-English Peppol guide for suppliers selling to government.

There may be scope to automate supplier onboarding reminders and invoice-delivery confirmations for those suppliers.

I am Jacobs Roland, an AI automation specialist. I build OpenClaw-based AI agents that operate alongside existing accounting, ERP and billing systems, taking care of invoice tracking, payment follow-ups, reconciliation and financial reporting.

If it would be helpful, I would welcome a brief 20-minute call at a time that suits you to discuss whether this could be useful for Pacific Commerce.

If this is not relevant to you, please let me know and I will not contact you again.

Kind regards,

Jacobs Roland
AI Automation Specialist | OpenClaw AI Agent Development
Email: savelroly@gmail.com",,,
sales@annexa.com.au,Annexa,Australia,Medium,NetSuite AR agents for Annexa clients,"Dear Annexa team,

I noted that Annexa offers NetSuite implementation, integration, custom development and support from Melbourne, Sydney and Brisbane.

There may be scope to add AI agents for AR follow-ups and NetSuite saved-search reporting to Annexa's support and integration offering.

I am Jacobs Roland, an AI automation specialist. I build OpenClaw-based AI agents that operate alongside existing accounting, ERP and billing systems, taking care of invoice tracking, payment follow-ups, reconciliation and financial reporting.

Would you be willing to have a short 20-minute conversation in the coming weeks to consider whether this might be of value to Annexa?

If this is not relevant to you, please let me know and I will not contact you again.

Kind regards,

Jacobs Roland
AI Automation Specialist | OpenClaw AI Agent Development
Email: savelroly@gmail.com",,,
sales@kilimanjaro-consulting.com,Kilimanjaro Consulting,Australia,Medium,Multi-entity reporting agents for MYOB Acumatica,"Dear Kilimanjaro Consulting team,

I noted that Kilimanjaro became MYOB's first Diamond Partner in 2016 and promotes MYOB Acumatica multi-entity ERP.

There may be scope to add AR collections and multi-entity reporting agents to MYOB Acumatica deployments.

My name is Jacobs Roland, and I am an AI automation specialist. I design OpenClaw-based AI agents that work with existing accounting, ERP and billing systems to support invoice tracking, payment follow-ups, reconciliation and financial reporting.

If it would be helpful, I would welcome a brief 20-minute call at a time that suits you to discuss whether this could be useful for Kilimanjaro Consulting.

If this is not relevant to you, please let me know and I will not contact you again.

Kind regards,

Jacobs Roland
AI Automation Specialist | OpenClaw AI Agent Development
Email: savelroly@gmail.com",,,
commercial@armagroup.com.au,ARMA Group,Australia,Medium,Referral intake for ARMA commercial recoveries,"Dear ARMA Group team,

I understand that ARMA runs contingent debt recovery across commercial, consumer and insurance sectors, with a dedicated commercial enquiries line.

There may be scope to automate client referral intake and progress reporting for commercial recoveries.

I am Jacobs Roland, an AI automation specialist. I build OpenClaw-based AI agents that operate alongside existing accounting, ERP and billing systems, taking care of invoice tracking, payment follow-ups, reconciliation and financial reporting.

Would you be open to a brief 20-minute call in the coming weeks to explore whether this could be useful for ARMA Group?

If this is not relevant to you, please let me know and I will not contact you again.

Kind regards,

Jacobs Roland
AI Automation Specialist | OpenClaw AI Agent Development
Email: savelroly@gmail.com",,,
info@australiancollections.com.au,Australian Collections Group,Australia,Medium,Payment-plan reminders for commercial recoveries,"Dear Australian Collections Group team,

I noted that Australian Collections Group focuses on business and commercial debt recovery and offers an online payment page for debtors.

There may be scope to automate payment-plan reminders and client progress reports.

My name is Jacobs Roland, and I am an AI automation specialist. I design OpenClaw-based AI agents that work with existing accounting, ERP and billing systems to support invoice tracking, payment follow-ups, reconciliation and financial reporting.

Would you be willing to have a short 20-minute conversation in the coming weeks to consider whether this might be of value to Australian Collections Group?

If this is not relevant to you, please let me know and I will not contact you again.

Kind regards,

Jacobs Roland
AI Automation Specialist | OpenClaw AI Agent Development
Email: savelroly@gmail.com",,,
admin@dynamiccollections.com.au,Dynamic Commercial Collections,Australia,Medium,Early-stage reminders before formal collection,"Dear Dynamic Commercial Collections team,

I read Dynamic Collections' article '3 Debt Collection Guidelines' and noted its presence in Brisbane, Perth and Bundaberg.

There may be scope to automate early-stage reminder sequences before files escalate to formal collection.

I am Jacobs Roland, an AI automation specialist. I build OpenClaw-based AI agents that operate alongside existing accounting, ERP and billing systems, taking care of invoice tracking, payment follow-ups, reconciliation and financial reporting.

Might you be open to a short call of around 20 minutes in the coming weeks to assess whether this could support Dynamic Commercial Collections?

If this is not relevant to you, please let me know and I will not contact you again.

Kind regards,

Jacobs Roland
AI Automation Specialist | OpenClaw AI Agent Development
Email: savelroly@gmail.com",,,
info@eccreditcontrol.com.au,EC Credit Control,Australia,Medium,Escalated Xero invoice intake for EC Credit Control,"Dear EC Credit Control team,

I noted that EC Credit Control has a Xero app that lets businesses escalate unpaid accounts straight into its recovery system.

There may be scope to automate the intake of escalated Xero invoices and status reporting back to referring clients.

My name is Jacobs Roland, and I am an AI automation specialist. I design OpenClaw-based AI agents that work with existing accounting, ERP and billing systems to support invoice tracking, payment follow-ups, reconciliation and financial reporting.

Would you be open to a brief 20-minute call in the coming weeks to explore whether this could be useful for EC Credit Control?

If this is not relevant to you, please let me know and I will not contact you again.

Kind regards,

Jacobs Roland
AI Automation Specialist | OpenClaw AI Agent Development
Email: savelroly@gmail.com",,,
info@ecollect.com.au,eCollect,Australia,Medium,Debtor status updates for eCollect clients,"Dear eCollect team,

I came across eCollect's debt collection offering for education providers and its articles on debt-collection phishing scams.

There may be scope to automate document intake and debtor status updates for eCollect's commercial clients.

I am Jacobs Roland, an AI automation specialist. I design and build OpenClaw-based AI agents that work alongside existing accounting, ERP and billing systems to handle invoice tracking, payment follow-ups, reconciliation and financial reporting.

Would you be willing to have a short 20-minute conversation in the coming weeks to consider whether this might be of value to eCollect?

If this is not relevant to you, please let me know and I will not contact you again.

Kind regards,

Jacobs Roland
AI Automation Specialist | OpenClaw AI Agent Development
Email: savelroly@gmail.com",,,
collections@integratedservices.com.au,Integrated Recovery Services,Australia,Medium,Small-business intake for Integrated Recovery Services,"Dear Integrated Recovery Services team,

I noted that Integrated Recovery Services offers a dedicated small-business debt collection service alongside skip tracing and field services.

There may be scope to automate small-business client intake and debtor status updates.

I am Jacobs Roland, an AI automation specialist. I build OpenClaw-based AI agents that operate alongside existing accounting, ERP and billing systems, taking care of invoice tracking, payment follow-ups, reconciliation and financial reporting.

If it would be helpful, I would welcome a brief 20-minute call at a time that suits you to discuss whether this could be useful for Integrated Recovery Services.

If this is not relevant to you, please let me know and I will not contact you again.

Kind regards,

Jacobs Roland
AI Automation Specialist | OpenClaw AI Agent Development
Email: savelroly@gmail.com",,,
support@payapps.com,Payapps,Australia,Medium,Progress-claim status chasers for Payapps users,"Dear Payapps team,

I noted that Payapps manages construction progress claims and runs contact pages for Australia and Ireland.

There may be scope to automate progress-claim status chasers, payment schedule reminders and subcontractor reporting.

I am Jacobs Roland, an AI automation specialist. I design and build OpenClaw-based AI agents that work alongside existing accounting, ERP and billing systems to handle invoice tracking, payment follow-ups, reconciliation and financial reporting.

Would you be open to a brief 20-minute call in the coming weeks to explore whether this could be useful for Payapps?

If this is not relevant to you, please let me know and I will not contact you again.

Kind regards,

Jacobs Roland
AI Automation Specialist | OpenClaw AI Agent Development
Email: savelroly@gmail.com",,,
hello@rounded.io,Rounded,Australia,Medium,Overdue invoice nudges for Rounded sole traders,"Dear Rounded team,

I noted that Rounded lets users send invoices and quotes from their own Gmail or Workspace account.

There may be scope to automate overdue invoice nudges and quote follow-ups for Rounded's sole traders.

I am Jacobs Roland, an AI automation specialist. I build OpenClaw-based AI agents that operate alongside existing accounting, ERP and billing systems, taking care of invoice tracking, payment follow-ups, reconciliation and financial reporting.

Would you be willing to have a short 20-minute conversation in the coming weeks to consider whether this might be of value to Rounded?

If this is not relevant to you, please let me know and I will not contact you again.

Kind regards,

Jacobs Roland
AI Automation Specialist | OpenClaw AI Agent Development
Email: savelroly@gmail.com",,,
enquires@butn.co,Butn,Australia,Medium,Repayment reminders for Butn invoice finance,"Dear Butn team,

I understand that Butn offers business payment terms and invoice finance.

There may be scope to automate invoice-finance application tracking, repayment reminders and client status reports.

My name is Jacobs Roland, and I am an AI automation specialist. I design OpenClaw-based AI agents that work with existing accounting, ERP and billing systems to support invoice tracking, payment follow-ups, reconciliation and financial reporting.

If it would be helpful, I would welcome a brief 20-minute call at a time that suits you to discuss whether this could be useful for Butn.

If this is not relevant to you, please let me know and I will not contact you again.

Kind regards,

Jacobs Roland
AI Automation Specialist | OpenClaw AI Agent Development
Email: savelroly@gmail.com",,,
timelio@earlypay.com.au,Earlypay,Australia,Medium,Debtor verification on Earlypay-financed invoices,"Dear Earlypay team,

I noted that Earlypay acquired Timelio in November 2023 and publishes guidance on best-practice accounts receivable management.

There may be scope to automate debtor verification and collection reminders on financed invoices.

I am Jacobs Roland, an AI automation specialist. I design and build OpenClaw-based AI agents that work alongside existing accounting, ERP and billing systems to handle invoice tracking, payment follow-ups, reconciliation and financial reporting.

Might you be open to a short call of around 20 minutes in the coming weeks to assess whether this could support Earlypay?

If this is not relevant to you, please let me know and I will not contact you again.

Kind regards,

Jacobs Roland
AI Automation Specialist | OpenClaw AI Agent Development
Email: savelroly@gmail.com",,,
support@ezidebit.com.au,Ezidebit,Australia,Medium,Failed direct-debit follow-ups for Ezidebit,"Dear Ezidebit team,

I understand that Ezidebit offers direct debit and recurring payments, with support teams in Australia and New Zealand.

There may be scope to automate failed direct-debit follow-ups and payment reconciliation.

I am Jacobs Roland, an AI automation specialist. I build OpenClaw-based AI agents that operate alongside existing accounting, ERP and billing systems, taking care of invoice tracking, payment follow-ups, reconciliation and financial reporting.

Would you be open to a brief 20-minute call in the coming weeks to explore whether this could be useful for Ezidebit?

If this is not relevant to you, please let me know and I will not contact you again.

Kind regards,

Jacobs Roland
AI Automation Specialist | OpenClaw AI Agent Development
Email: savelroly@gmail.com",,,
support@paypaplane.com,Paypa Plane,Australia,Medium,Payment plan reminders for Paypa Plane businesses,"Dear Paypa Plane team,

I understand that Paypa Plane runs a support portal for businesses using its recurring payment platform.

There may be scope to automate failed-payment follow-ups, payment plan reminders and collection reports.

I am Jacobs Roland, an AI automation specialist. I design and build OpenClaw-based AI agents that work alongside existing accounting, ERP and billing systems to handle invoice tracking, payment follow-ups, reconciliation and financial reporting.

If it would be helpful, I would welcome a brief 20-minute call at a time that suits you to discuss whether this could be useful for Paypa Plane.

If this is not relevant to you, please let me know and I will not contact you again.

Kind regards,

Jacobs Roland
AI Automation Specialist | OpenClaw AI Agent Development
Email: savelroly@gmail.com",,,
hello@getpinch.com.au,Pinch Payments,Australia,Medium,Payout reconciliation for Pinch Payments merchants,"Dear Pinch Payments team,

I understand that Pinch provides direct debit, card and invoice payment collection.

There may be scope to automate failed payment retries, payment plan reminders and payout reconciliation, including for Xero users.

I am Jacobs Roland, an AI automation specialist. I build OpenClaw-based AI agents that operate alongside existing accounting, ERP and billing systems, taking care of invoice tracking, payment follow-ups, reconciliation and financial reporting.

Might you be open to a short call of around 20 minutes in the coming weeks to assess whether this could support Pinch Payments?

If this is not relevant to you, please let me know and I will not contact you again.

Kind regards,

Jacobs Roland
AI Automation Specialist | OpenClaw AI Agent Development
Email: savelroly@gmail.com",,,
info@availcpa.com,Avail CPA,Canada,Medium,Invoice tracking across Avail CPA offices,"Dear Avail CPA team,

I noted that Avail CPA has offices across Alberta and British Columbia, from Lethbridge and Taber to Cranbrook and Invermere.

There may be scope to centralise invoice tracking and reminders across that multi-office network.

I am Jacobs Roland, an AI automation specialist. I build OpenClaw-based AI agents that operate alongside existing accounting, ERP and billing systems, taking care of invoice tracking, payment follow-ups, reconciliation and financial reporting.

Would you be open to a brief 20-minute call in the coming weeks to explore whether this could be useful for Avail CPA?

If this is not relevant to you, please let me know and I will not contact you again.

Kind regards,

Jacobs Roland
AI Automation Specialist | OpenClaw AI Agent Development
Email: savelroly@gmail.com",,,
client.care@bench.co,Bench,Canada,Medium,Month-end status updates for Bench clients,"Dear Bench team,

I understand that Bench provides online bookkeeping and tax services, with a client care address for billing and account questions.

There may be scope to automate client document chasing, month-end status updates and answers to billing questions.

My name is Jacobs Roland, and I am an AI automation specialist. I design OpenClaw-based AI agents that work with existing accounting, ERP and billing systems to support invoice tracking, payment follow-ups, reconciliation and financial reporting.

Would you be willing to have a short 20-minute conversation in the coming weeks to consider whether this might be of value to Bench?

If this is not relevant to you, please let me know and I will not contact you again.

Kind regards,

Jacobs Roland
AI Automation Specialist | OpenClaw AI Agent Development
Email: savelroly@gmail.com",,,
info@craigross.com,Craig Ross LLP,Canada,Medium,Fee reminders for Craig Ross in Winnipeg and Steinbach,"Dear Craig Ross team,

I read Craig Ross's article on the CRA switching businesses to online mail.

For the Winnipeg and Steinbach offices, there may be scope to automate client notices and unpaid fee reminders.

I am Jacobs Roland, an AI automation specialist. I build OpenClaw-based AI agents that operate alongside existing accounting, ERP and billing systems, taking care of invoice tracking, payment follow-ups, reconciliation and financial reporting.

Might you be open to a short call of around 20 minutes in the coming weeks to assess whether this could support Craig Ross?

If this is not relevant to you, please let me know and I will not contact you again.

Kind regards,

Jacobs Roland
AI Automation Specialist | OpenClaw AI Agent Development
Email: savelroly@gmail.com",,,
contactus@crowemackay.ca,Crowe MacKay,Canada,Medium,Claims correspondence tracking for Crowe MacKay,"Dear Crowe MacKay team,

I noted that Crowe MacKay publishes insolvency notices alongside its accounting and advisory services.

There may be scope to automate creditor and claims correspondence tracking, as well as client invoice follow-ups.

My name is Jacobs Roland, and I am an AI automation specialist. I design OpenClaw-based AI agents that work with existing accounting, ERP and billing systems to support invoice tracking, payment follow-ups, reconciliation and financial reporting.

Would you be open to a brief 20-minute call in the coming weeks to explore whether this could be useful for Crowe MacKay?

If this is not relevant to you, please let me know and I will not contact you again.

Kind regards,

Jacobs Roland
AI Automation Specialist | OpenClaw AI Agent Development
Email: savelroly@gmail.com",,,
info@crowesoberman.com,Crowe Soberman LLP,Canada,Medium,Royalty and fee invoice tracking for media clients,"Dear Crowe Soberman team,

I noted that Crowe Soberman has a dedicated sports, entertainment and media accounting practice.

There may be scope to automate royalty and fee invoice tracking and reporting for those media clients.

I am Jacobs Roland, an AI automation specialist. I design and build OpenClaw-based AI agents that work alongside existing accounting, ERP and billing systems to handle invoice tracking, payment follow-ups, reconciliation and financial reporting.

Would you be willing to have a short 20-minute conversation in the coming weeks to consider whether this might be of value to Crowe Soberman?

If this is not relevant to you, please let me know and I will not contact you again.

Kind regards,

Jacobs Roland
AI Automation Specialist | OpenClaw AI Agent Development
Email: savelroly@gmail.com",,,
info@calgary.davidson-co.com,Davidson & Company LLP,Canada,Medium,Engagement billing follow-ups at Davidson & Company,"Dear Davidson & Company team,

I noted that Davidson & Company offers US tax and IPO advisory services and that its Calgary office issued a 2025 pre-season client letter.

There may be scope to automate engagement billing follow-ups and reporting across the Calgary and Vancouver offices.

I am Jacobs Roland, an AI automation specialist. I build OpenClaw-based AI agents that operate alongside existing accounting, ERP and billing systems, taking care of invoice tracking, payment follow-ups, reconciliation and financial reporting.

If it would be helpful, I would welcome a brief 20-minute call at a time that suits you to discuss whether this could be useful for Davidson & Company.

If this is not relevant to you, please let me know and I will not contact you again.

Kind regards,

Jacobs Roland
AI Automation Specialist | OpenClaw AI Agent Development
Email: savelroly@gmail.com",,,
info@demersbeaulne.com,Demers Beaulne,Canada,Medium,Onboarding reminders for newly incorporated clients,"Dear Demers Beaulne team,

I came across the NOA Demers Beaulne site and its guides such as 'How to Incorporate a Canadian Corporation'.

There may be scope to automate onboarding paperwork reminders and invoice follow-ups for newly incorporated clients.

My name is Jacobs Roland, and I am an AI automation specialist. I design OpenClaw-based AI agents that work with existing accounting, ERP and billing systems to support invoice tracking, payment follow-ups, reconciliation and financial reporting.

Might you be open to a short call of around 20 minutes in the coming weeks to assess whether this could support Demers Beaulne?

If this is not relevant to you, please let me know and I will not contact you again.

Kind regards,

Jacobs Roland
AI Automation Specialist | OpenClaw AI Agent Development
Email: savelroly@gmail.com",,,
info@fullerllp.com,Fuller Landau LLP,Canada,Medium,Restructuring file reporting at Fuller Landau,"Dear Fuller Landau team,

I read Fuller Landau's article 'Professional advisor key to successful restructuring' and noted its food and beverage newsletter.

There may be scope to automate client billing follow-ups and restructuring file reporting.

I am Jacobs Roland, an AI automation specialist. I build OpenClaw-based AI agents that operate alongside existing accounting, ERP and billing systems, taking care of invoice tracking, payment follow-ups, reconciliation and financial reporting.

Would you be willing to have a short 20-minute conversation in the coming weeks to consider whether this might be of value to Fuller Landau?

If this is not relevant to you, please let me know and I will not contact you again.

Kind regards,

Jacobs Roland
AI Automation Specialist | OpenClaw AI Agent Development
Email: savelroly@gmail.com",,,
info@kmss.ca,Kenway Mack Slusarchuk Stewart LLP,Canada,Medium,Checklist follow-ups for the KMSS client portal,"Dear KMSS team,

I noted that KMSS publishes a personal tax return checklist and runs a client portal for its clients.

There may be scope to automate checklist follow-ups and fee reminders tied to that portal workflow.

I am Jacobs Roland, an AI automation specialist. I design and build OpenClaw-based AI agents that work alongside existing accounting, ERP and billing systems to handle invoice tracking, payment follow-ups, reconciliation and financial reporting.

Might you be open to a short call of around 20 minutes in the coming weeks to assess whether this could support KMSS?

If this is not relevant to you, please let me know and I will not contact you again.

Kind regards,

Jacobs Roland
AI Automation Specialist | OpenClaw AI Agent Development
Email: savelroly@gmail.com",,,
info@krestongta.com,Kreston GTA,Canada,Medium,Tax-season document chasing for Kreston GTA,"Dear Kreston GTA team,

I saw the 'Tax Services 2026' page on the Kreston GTA website.

There may be scope to automate tax-season document chasing and client invoice reminders.

I am Jacobs Roland, an AI automation specialist. I build OpenClaw-based AI agents that operate alongside existing accounting, ERP and billing systems, taking care of invoice tracking, payment follow-ups, reconciliation and financial reporting.

Would you be open to a brief 20-minute call in the coming weeks to explore whether this could be useful for Kreston GTA?

If this is not relevant to you, please let me know and I will not contact you again.

Kind regards,

Jacobs Roland
AI Automation Specialist | OpenClaw AI Agent Development
Email: savelroly@gmail.com",,,
info@lohncaulder.com,Lohn Caulder LLP,Canada,Medium,Year-end slip reminders at Lohn Caulder,"Dear Lohn Caulder team,

I read Lohn Caulder's '2025 T4 Slip Reminders' update.

There may be scope to automate year-end slip reminders and client fee follow-ups.

I am Jacobs Roland, an AI automation specialist. I design and build OpenClaw-based AI agents that work alongside existing accounting, ERP and billing systems to handle invoice tracking, payment follow-ups, reconciliation and financial reporting.

If it would be helpful, I would welcome a brief 20-minute call at a time that suits you to discuss whether this could be useful for Lohn Caulder.

If this is not relevant to you, please let me know and I will not contact you again.

Kind regards,

Jacobs Roland
AI Automation Specialist | OpenClaw AI Agent Development
Email: savelroly@gmail.com",,,
help@sbpartners.ca,SB Partners,Canada,Medium,Receivables follow-ups for SB Partners clients,"Dear SB Partners team,

I noted SB Partners' community initiatives in Hamilton and its business valuation and SBC Financial services.

For owner-managed clients, there may be scope to automate receivables follow-ups and monthly finance summaries.

I am Jacobs Roland, an AI automation specialist. I build OpenClaw-based AI agents that operate alongside existing accounting, ERP and billing systems, taking care of invoice tracking, payment follow-ups, reconciliation and financial reporting.

If it would be helpful, I would welcome a brief 20-minute call at a time that suits you to discuss whether this could be useful for SB Partners.

If this is not relevant to you, please let me know and I will not contact you again.

Kind regards,

Jacobs Roland
AI Automation Specialist | OpenClaw AI Agent Development
Email: savelroly@gmail.com",,,
info@segalllp.com,Segal LLP,Canada,Medium,Fee follow-ups and client reporting at Segal,"Dear Segal LLP team,

I came across the Segal Insider blog published by Segal LLP in Toronto.

There may be scope to automate fee follow-ups and client reporting for the firm.

My name is Jacobs Roland, and I am an AI automation specialist. I design OpenClaw-based AI agents that work with existing accounting, ERP and billing systems to support invoice tracking, payment follow-ups, reconciliation and financial reporting.

Might you be open to a short call of around 20 minutes in the coming weeks to assess whether this could support Segal LLP?

If this is not relevant to you, please let me know and I will not contact you again.

Kind regards,

Jacobs Roland
AI Automation Specialist | OpenClaw AI Agent Development
Email: savelroly@gmail.com",,,
info@smythecpa.com,Smythe LLP,Canada,Medium,Fee reminders around the Smythe Personal Tax Hub,"Dear Smythe team,

I noted that Smythe runs an online Personal Tax Hub for its clients.

There may be scope to automate follow-ups through the tax hub and the related fee reminders.

I am Jacobs Roland, an AI automation specialist. I design and build OpenClaw-based AI agents that work alongside existing accounting, ERP and billing systems to handle invoice tracking, payment follow-ups, reconciliation and financial reporting.

Would you be open to a brief 20-minute call in the coming weeks to explore whether this could be useful for Smythe?

If this is not relevant to you, please let me know and I will not contact you again.

Kind regards,

Jacobs Roland
AI Automation Specialist | OpenClaw AI Agent Development
Email: savelroly@gmail.com",,,
info@zeifmans.ca,Zeifmans,Canada,Medium,Month-end report packs for Zeifmans clients,"Dear Zeifmans team,

I understand that Zeifmans is a Toronto CPA firm providing accounting, tax and advisory services.

There may be scope to automate accounts receivable monitoring and month-end report packs for Zeifmans' business clients.

I am Jacobs Roland, an AI automation specialist. I design and build OpenClaw-based AI agents that work alongside existing accounting, ERP and billing systems to handle invoice tracking, payment follow-ups, reconciliation and financial reporting.

Might you be open to a short call of around 20 minutes in the coming weeks to assess whether this could support Zeifmans?

If this is not relevant to you, please let me know and I will not contact you again.

Kind regards,

Jacobs Roland
AI Automation Specialist | OpenClaw AI Agent Development
Email: savelroly@gmail.com",,,
answers@kashoo.com,Kashoo,Canada,Medium,Unpaid-invoice reminders for Kashoo users,"Dear Kashoo team,

I read Kashoo's guidance on getting paid faster on unpaid invoices.

There may be scope to automate unpaid-invoice reminders, weekly cash reports and answers to customer questions on invoicing.

I am Jacobs Roland, an AI automation specialist. I build OpenClaw-based AI agents that operate alongside existing accounting, ERP and billing systems, taking care of invoice tracking, payment follow-ups, reconciliation and financial reporting.

Might you be open to a short call of around 20 minutes in the coming weeks to assess whether this could support Kashoo?

If this is not relevant to you, please let me know and I will not contact you again.

Kind regards,

Jacobs Roland
AI Automation Specialist | OpenClaw AI Agent Development
Email: savelroly@gmail.com",,,
info@cogsdale.com,Cogsdale,Canada,Medium,Utility bill reminders for Cogsdale customers,"Dear Cogsdale team,

I understand that Cogsdale provides billing and customer information software for utilities and the public sector on Microsoft Dynamics.

There may be scope to add AI agents for overdue utility bill reminders and billing exception reports.

I am Jacobs Roland, an AI automation specialist. I build OpenClaw-based AI agents that operate alongside existing accounting, ERP and billing systems, taking care of invoice tracking, payment follow-ups, reconciliation and financial reporting.

If it would be helpful, I would welcome a brief 20-minute call at a time that suits you to discuss whether this could be useful for Cogsdale.

If this is not relevant to you, please let me know and I will not contact you again.

Kind regards,

Jacobs Roland
AI Automation Specialist | OpenClaw AI Agent Development
Email: savelroly@gmail.com",,,
support@tradogram.com,Tradogram,Canada,Medium,PO approval chasers for Tradogram users,"Dear Tradogram team,

I understand that Tradogram provides procurement, purchase order and supplier management software.

There may be scope to automate PO approval chasers, invoice-to-PO matching and spend reporting.

My name is Jacobs Roland, and I am an AI automation specialist. I design OpenClaw-based AI agents that work with existing accounting, ERP and billing systems to support invoice tracking, payment follow-ups, reconciliation and financial reporting.

If it would be helpful, I would welcome a brief 20-minute call at a time that suits you to discuss whether this could be useful for Tradogram.

If this is not relevant to you, please let me know and I will not contact you again.

Kind regards,

Jacobs Roland
AI Automation Specialist | OpenClaw AI Agent Development
Email: savelroly@gmail.com",,,
encore@encorebusiness.com,Encore Business Solutions,Canada,Medium,AR follow-up agents for Encore Dynamics 365 clients,"Dear Encore team,

I noted that Encore launched the Encore Care Portal and has offices including Winnipeg, Calgary and Seattle.

There may be scope to add AR follow-up and finance reporting agents for Encore's Dynamics 365 customers.

I am Jacobs Roland, an AI automation specialist. I build OpenClaw-based AI agents that operate alongside existing accounting, ERP and billing systems, taking care of invoice tracking, payment follow-ups, reconciliation and financial reporting.

Would you be open to a brief 20-minute call in the coming weeks to explore whether this could be useful for Encore?

If this is not relevant to you, please let me know and I will not contact you again.

Kind regards,

Jacobs Roland
AI Automation Specialist | OpenClaw AI Agent Development
Email: savelroly@gmail.com",,,
inquiries@cbvcollections.com,CBV Collection Services,Canada,Medium,Pre-placement reminders for CBV Collection Services,"Dear CBV Collection Services team,

I understand that CBV Collection Services provides collection services for its clients.

There may be scope to automate pre-placement reminders, account status updates and client reporting.

I am Jacobs Roland, an AI automation specialist. I build OpenClaw-based AI agents that operate alongside existing accounting, ERP and billing systems, taking care of invoice tracking, payment follow-ups, reconciliation and financial reporting.

Might you be open to a short call of around 20 minutes in the coming weeks to assess whether this could support CBV Collection Services?

If this is not relevant to you, please let me know and I will not contact you again.

Kind regards,

Jacobs Roland
AI Automation Specialist | OpenClaw AI Agent Development
Email: savelroly@gmail.com",,,
info@gatestone.com,Gatestone,Canada,Medium,Account status summaries for Gatestone clients,"Dear Gatestone team,

I noted that Gatestone offers debt recovery and collections with email, chat and voice contact centre services.

There may be scope to automate account status summaries, payment promise tracking and client reports.

I am Jacobs Roland, an AI automation specialist. I design and build OpenClaw-based AI agents that work alongside existing accounting, ERP and billing systems to handle invoice tracking, payment follow-ups, reconciliation and financial reporting.

Would you be willing to have a short 20-minute conversation in the coming weeks to consider whether this might be of value to Gatestone?

If this is not relevant to you, please let me know and I will not contact you again.

Kind regards,

Jacobs Roland
AI Automation Specialist | OpenClaw AI Agent Development
Email: savelroly@gmail.com",,,
support@invoicesimple.com,Invoice Simple,Canada,Medium,Past-due invoice nudges for Invoice Simple users,"Dear Invoice Simple team,

I read Invoice Simple's guidance on writing past-due invoice emails.

There may be scope to automate past-due invoice nudges, payment-received updates and replies to billing questions.

My name is Jacobs Roland, and I am an AI automation specialist. I design OpenClaw-based AI agents that work with existing accounting, ERP and billing systems to support invoice tracking, payment follow-ups, reconciliation and financial reporting.

Might you be open to a short call of around 20 minutes in the coming weeks to assess whether this could support Invoice Simple?

If this is not relevant to you, please let me know and I will not contact you again.

Kind regards,

Jacobs Roland
AI Automation Specialist | OpenClaw AI Agent Development
Email: savelroly@gmail.com",,,
info@accordfinancial.com,Accord Financial,Canada,Medium,Invoice verification reports for Accord factoring,"Dear Accord Financial team,

I understand that Accord Financial provides factoring and working capital financing to businesses.

There may be scope to automate debtor follow-ups and invoice verification reports for Accord's factoring book.

I am Jacobs Roland, an AI automation specialist. I build OpenClaw-based AI agents that operate alongside existing accounting, ERP and billing systems, taking care of invoice tracking, payment follow-ups, reconciliation and financial reporting.

Would you be willing to have a short 20-minute conversation in the coming weeks to consider whether this might be of value to Accord Financial?

If this is not relevant to you, please let me know and I will not contact you again.

Kind regards,

Jacobs Roland
AI Automation Specialist | OpenClaw AI Agent Development
Email: savelroly@gmail.com",,,
support@floatfinancial.com,Float Financial,Canada,Medium,Missing-receipt chasers for Float customers,"Dear Float team,

I noted that Float lets users forward receipts to a dedicated address and supports KYB verification for Canadian businesses.

There may be scope to automate missing-receipt chasers, bill approval reminders and spend reports.

I am Jacobs Roland, an AI automation specialist. I design and build OpenClaw-based AI agents that work alongside existing accounting, ERP and billing systems to handle invoice tracking, payment follow-ups, reconciliation and financial reporting.

Might you be open to a short call of around 20 minutes in the coming weeks to assess whether this could support Float?

If this is not relevant to you, please let me know and I will not contact you again.

Kind regards,

Jacobs Roland
AI Automation Specialist | OpenClaw AI Agent Development
Email: savelroly@gmail.com",,,
info@payfirma.com,Payfirma,Canada,Medium,Payment reminder agents for Payfirma merchants,"Dear Payfirma team,

I noted that Payfirma offers an integrated platform with Spire Systems and a developer API.

There may be scope to add AI payment reminder and reconciliation agents for Payfirma merchants.

I am Jacobs Roland, an AI automation specialist. I build OpenClaw-based AI agents that operate alongside existing accounting, ERP and billing systems, taking care of invoice tracking, payment follow-ups, reconciliation and financial reporting.

Might you be open to a short call of around 20 minutes in the coming weeks to assess whether this could support Payfirma?

If this is not relevant to you, please let me know and I will not contact you again.

Kind regards,

Jacobs Roland
AI Automation Specialist | OpenClaw AI Agent Development
Email: savelroly@gmail.com",,,
service@telpay.ca,Telpay,Canada,Medium,Year-end payment reconciliation for Telpay customers,"Dear Telpay team,

I read Telpay's year-end preparation guidance for its business bill payment customers.

There may be scope to automate year-end payment reconciliation, vendor payment confirmations and payment status reports.

I am Jacobs Roland, an AI automation specialist. I build OpenClaw-based AI agents that operate alongside existing accounting, ERP and billing systems, taking care of invoice tracking, payment follow-ups, reconciliation and financial reporting.

Would you be willing to have a short 20-minute conversation in the coming weeks to consider whether this might be of value to Telpay?

If this is not relevant to you, please let me know and I will not contact you again.

Kind regards,

Jacobs Roland
AI Automation Specialist | OpenClaw AI Agent Development
Email: savelroly@gmail.com",,,
support@trueaccord.com,TrueAccord,United States,Low,Client account summaries for TrueAccord,"Dear TrueAccord team,

TrueAccord runs digital-first debt collection with consumer payment plans.

As clients expect regular updates on account status and recoveries, there may be scope for an AI agent to draw on payment plan data, prepare client account summaries and produce internal reports on schedule.

I am Jacobs Roland, an AI automation specialist who designs and builds OpenClaw-based AI agents. These agents work alongside existing accounting, ERP and billing systems to handle invoice tracking, payment follow-ups, reconciliation and financial reporting.

I would be grateful for a brief 20-minute conversation, at your convenience, to explore whether this could add value for TrueAccord.

If this is not relevant to you, please let me know and I will not contact you again.

Kind regards,

Jacobs Roland
AI Automation Specialist | OpenClaw AI Agent Development
Email: savelroly@gmail.com",,,
hello@amberflo.io,Amberflo,United States,Low,Usage-to-revenue reporting for Amberflo customers,"Dear Amberflo team,

Amberflo provides usage metering and billing from San Jose.

As metered invoices tend to prompt more questions than flat subscriptions, there may be scope for an AI agent to follow up on unpaid usage invoices, answer initial queries with the underlying metering data and send a monthly usage-to-revenue report.

I am Jacobs Roland, an AI automation specialist who designs and builds OpenClaw-based AI agents. These agents work alongside existing accounting, ERP and billing systems to handle invoice tracking, payment follow-ups, reconciliation and financial reporting.

Would a short 20-minute call in the coming weeks be worthwhile to assess whether this could be useful for Amberflo?

If this is not relevant to you, please let me know and I will not contact you again.

Kind regards,

Jacobs Roland
AI Automation Specialist | OpenClaw AI Agent Development
Email: savelroly@gmail.com",,,
support@nue.io,Nue,United States,Low,CRM and billing alignment for Nue customers,"Dear Nue team,

Nue runs a revenue lifecycle platform covering CPQ and billing, with published API documentation for customers and contacts.

Since CRM and billing records need to stay aligned, there may be scope for an AI agent to check that alignment, follow up on receivables and alert finance when records do not match.

I am Jacobs Roland, an AI automation specialist who designs and builds OpenClaw-based AI agents. These agents work alongside existing accounting, ERP and billing systems to handle invoice tracking, payment follow-ups, reconciliation and financial reporting.

Would you be open to a brief 20-minute call in the coming weeks to explore whether this could be useful for Nue?

If this is not relevant to you, please let me know and I will not contact you again.

Kind regards,

Jacobs Roland
AI Automation Specialist | OpenClaw AI Agent Development
Email: savelroly@gmail.com",,,
support@17hats.com,17hats,United States,Low,Invoice follow-up support for 17hats users,"Dear 17hats team,

17hats supports users of its small-business client management tool through both live chat and email.

As many users send invoices between client sessions, there may be scope for an AI agent to track open invoices, send courteous reminders and keep bookkeeping entries in order, which may also reduce support queries.

I am Jacobs Roland, an AI automation specialist. I build OpenClaw-based AI agents that operate alongside existing accounting, ERP and billing systems, covering invoice tracking, payment follow-ups, reconciliation and financial reporting.

If it would be helpful, I would welcome a brief 20-minute call at a time convenient to you to discuss whether this could suit 17hats.

If this is not relevant to you, please let me know and I will not contact you again.

Kind regards,

Jacobs Roland
AI Automation Specialist | OpenClaw AI Agent Development
Email: savelroly@gmail.com",,,
hello@dubsado.com,Dubsado,United States,Low,Dubsado payment plan instalments,"Dear Dubsado team,

Dubsado provides client management with invoices and payment plans, supported by a mobile app and a news centre.

As payment plans create many small due dates, there may be scope for an AI agent to monitor each instalment, send reminders before and after the date and give users a monthly summary of payments received.

I am Jacobs Roland, an AI automation specialist. I design and build OpenClaw-based AI agents that work alongside existing accounting, ERP and billing systems to handle invoice tracking, payment follow-ups, reconciliation and financial reporting.

Would you be open to a brief 20-minute call in the coming weeks to explore whether this could be useful for Dubsado?

If this is not relevant to you, please let me know and I will not contact you again.

Kind regards,

Jacobs Roland
AI Automation Specialist | OpenClaw AI Agent Development
Email: savelroly@gmail.com",,,
training@successware.com,Successware,United States,Low,Membership billing reminders for Successware contractors,"Dear Successware team,

Successware runs an online learning programme for its home service contractor users.

There may be scope for an AI agent to follow up on membership billing, send reminders on unpaid tickets and prepare branch-level receivables reports.

I am Jacobs Roland, an AI automation specialist who designs and builds OpenClaw-based AI agents. These agents work alongside existing accounting, ERP and billing systems to handle invoice tracking, payment follow-ups, reconciliation and financial reporting.

Would a short 20-minute call in the coming weeks be worthwhile to assess whether this could be useful for Successware?

If this is not relevant to you, please let me know and I will not contact you again.

Kind regards,

Jacobs Roland
AI Automation Specialist | OpenClaw AI Agent Development
Email: savelroly@gmail.com",,,
support@veryfi.com,Veryfi,United States,Low,Receipt data reconciliation for Veryfi customers,"Dear Veryfi team,

Veryfi provides OCR for receipts and invoices and runs a partnership programme.

Once Veryfi returns structured data, there may be scope for an AI agent to reconcile it against card or bank transactions and alert the finance team to mismatches.

I am Jacobs Roland, an AI automation specialist. I build OpenClaw-based AI agents that operate alongside existing accounting, ERP and billing systems, covering invoice tracking, payment follow-ups, reconciliation and financial reporting.

Would a short 20-minute call in the coming weeks be worthwhile to assess whether this could be useful for Veryfi?

If this is not relevant to you, please let me know and I will not contact you again.

Kind regards,

Jacobs Roland
AI Automation Specialist | OpenClaw AI Agent Development
Email: savelroly@gmail.com",,,
info@erpadvisorsgroup.com,ERP Advisors Group,United States,Low,Finance automation within ERP selection roadmaps,"Dear ERP Advisors Group team,

ERP Advisors Group provides independent ERP selection and consulting from offices in Lakewood, Colorado and Clearwater, Florida.

As clients consider collections and reporting during selection, there may be scope to include AI agents for receivables follow-up and finance administration as options within ERP selection roadmaps.

I am Jacobs Roland, an AI automation specialist. I build OpenClaw-based AI agents that operate alongside existing accounting, ERP and billing systems, covering invoice tracking, payment follow-ups, reconciliation and financial reporting.

If it would be helpful, I would welcome a brief 20-minute call at a time convenient to you to discuss whether this could suit ERP Advisors Group.

If this is not relevant to you, please let me know and I will not contact you again.

Kind regards,

Jacobs Roland
AI Automation Specialist | OpenClaw AI Agent Development
Email: savelroly@gmail.com",,,
info@panorama-consulting.com,Panorama Consulting Group,United States,Low,Finance automation in Panorama ERP advisory,"Dear Panorama Consulting Group team,

Panorama Consulting Group publishes an annual ERP Report and offers independent ERP consultations.

As part of selection and post-implementation advice, there may be scope to recommend AI agents for finance tasks such as invoice follow-up and reporting.

I am Jacobs Roland, an AI automation specialist. I build OpenClaw-based AI agents that operate alongside existing accounting, ERP and billing systems, covering invoice tracking, payment follow-ups, reconciliation and financial reporting.

Would you be willing to have a short 20-minute conversation in the coming weeks to consider whether this might be of value to Panorama Consulting Group?

If this is not relevant to you, please let me know and I will not contact you again.

Kind regards,

Jacobs Roland
AI Automation Specialist | OpenClaw AI Agent Development
Email: savelroly@gmail.com",,,
info@thirdstage-consulting.com,Third Stage Consulting Group,United States,Low,Finance process automation in Third Stage recommendations,"Dear Third Stage Consulting Group team,

Third Stage Consulting Group provides independent ERP consulting and advisory services from Englewood, Colorado.

There may be scope to add finance process automation, such as AI agents that follow up on overdue invoices and prepare weekly reports, to Third Stage's recommendations.

My name is Jacobs Roland, and I am an AI automation specialist. I design OpenClaw-based AI agents that work with existing accounting, ERP and billing systems to support invoice tracking, payment follow-ups, reconciliation and financial reporting.

Would you be willing to have a short 20-minute conversation in the coming weeks to consider whether this might be of value to Third Stage Consulting Group?

If this is not relevant to you, please let me know and I will not contact you again.

Kind regards,

Jacobs Roland
AI Automation Specialist | OpenClaw AI Agent Development
Email: savelroly@gmail.com",,,
contact@ultraconsultants.com,Ultra Consultants,United States,Low,Receivables follow-ups for Ultra Consultants manufacturing clients,"Dear Ultra Consultants team,

Ultra Consultants has offices in Chicago and Las Vegas and publishes on master data management.

With clean customer data in place after selection, there may be scope for an AI agent to follow up on receivables and prepare finance reports for manufacturing clients.

I am Jacobs Roland, an AI automation specialist who designs and builds OpenClaw-based AI agents. These agents work alongside existing accounting, ERP and billing systems to handle invoice tracking, payment follow-ups, reconciliation and financial reporting.

If it would be helpful, I would welcome a brief 20-minute call at a time convenient to you to discuss whether this could suit Ultra Consultants.

If this is not relevant to you, please let me know and I will not contact you again.

Kind regards,

Jacobs Roland
AI Automation Specialist | OpenClaw AI Agent Development
Email: savelroly@gmail.com",,,
marketing@infrrd.ai,Infrrd,United States,Low,Workflows after Infrrd extracts the invoice,"Dear Infrrd team,

Infrrd publishes guides on automated email data extraction and OCR for accounts payable, from San Jose, California.

Once invoice data is extracted, there may be scope for an AI agent to handle downstream steps such as follow-ups and reporting, potentially in partnership with Infrrd.

My name is Jacobs Roland, and I am an AI automation specialist. I design OpenClaw-based AI agents that work with existing accounting, ERP and billing systems to support invoice tracking, payment follow-ups, reconciliation and financial reporting.

Would a short 20-minute call in the coming weeks be worthwhile to assess whether this could be useful for Infrrd?

If this is not relevant to you, please let me know and I will not contact you again.

Kind regards,

Jacobs Roland
AI Automation Specialist | OpenClaw AI Agent Development
Email: savelroly@gmail.com",,,
sales@payability.com,Payability,United States,Low,Seller payout tracking for Payability,"Dear Payability team,

I noted that Payability offers funding and revenue-based financing for marketplace sellers, including Walmart sellers.

There may be scope for an AI agent to track seller payouts and prepare daily funding reports, giving your team more time for higher-value work.

I am Jacobs Roland, an AI automation specialist, and I design and build OpenClaw-based AI agents that operate alongside existing accounting, ERP and billing systems, covering invoice tracking, payment follow-ups, reconciliation and financial reporting.

Would you be open to a brief 20-minute call in the coming weeks to explore whether this could be useful for Payability?

If this is not relevant to you, please let me know and I will not contact you again.

Kind regards,

Jacobs Roland
AI Automation Specialist | OpenClaw AI Agent Development
Email: savelroly@gmail.com",,,
support@btcsoftware.co.uk,BTCSoftware,United Kingdom,Low,Client record chasing for BTCSoftware practices,"Dear BTCSoftware team,

I noted that BTCSoftware provides tax and accounts production software for practices.

I believe there may be scope for an AI agent to chase client records on behalf of the practices that use BTCSoftware, while your existing processes remain in place.

I am Jacobs Roland, an AI automation specialist. I design and build OpenClaw-based AI agents that work alongside existing accounting, ERP and billing systems to handle invoice tracking, payment follow-ups, reconciliation and financial reporting.

Would you be willing to have a short 20-minute conversation in the coming weeks to consider whether this might be of value to BTCSoftware?

If this is not relevant to you, please let me know and I will not contact you again.

Kind regards,

Jacobs Roland
AI Automation Specialist | OpenClaw AI Agent Development
Email: savelroly@gmail.com",,,
support@getcoconut.com,Coconut,United Kingdom,Low,Outstanding payment tracking for Coconut users,"Dear Coconut team,

I noted that Coconut offers a bookkeeping and tax app for self-employed people and landlords.

In that context, there may be scope to use an AI agent to send invoice reminders and track outstanding payments for Coconut's self-employed users.

I am Jacobs Roland, an AI automation specialist. I design and build OpenClaw-based AI agents that work alongside existing accounting, ERP and billing systems to handle invoice tracking, payment follow-ups, reconciliation and financial reporting.

If it would be helpful, I would welcome a brief 20-minute call at a convenient time to discuss whether this could suit Coconut.

If this is not relevant to you, please let me know and I will not contact you again.

Kind regards,

Jacobs Roland
AI Automation Specialist | OpenClaw AI Agent Development
Email: savelroly@gmail.com",,,
support@dext.com,Dext,United Kingdom,Low,Missing document chasing for Dext practices,"Dear Dext team,

I noted that Dext extracts data from receipts and supplier invoices for bookkeepers and accountants.

I believe there may be scope for an AI agent to chase missing documents and prepare open-item reports for practices using Dext, while your existing processes remain in place.

I am Jacobs Roland, an AI automation specialist, and I design and build OpenClaw-based AI agents that operate alongside existing accounting, ERP and billing systems, covering invoice tracking, payment follow-ups, reconciliation and financial reporting.

If it would be helpful, I would welcome a brief 20-minute call at a convenient time to discuss whether this could suit Dext.

If this is not relevant to you, please let me know and I will not contact you again.

Kind regards,

Jacobs Roland
AI Automation Specialist | OpenClaw AI Agent Development
Email: savelroly@gmail.com",,,
info@flysoftware.com,Easy MTD VAT (Fly Software),United Kingdom,Low,Pre-submission checks for Easy MTD VAT users,"Dear Easy MTD VAT team,

I noted that Fly Software, established in 2006, makes Easy MTD VAT, HMRC-recognised bridging software that submits VAT returns from Excel and Google Sheets.

With that in mind, there may be scope for an AI agent to extract invoice data, run pre-submission checks and send user alerts around Easy MTD VAT, working within the tools your team already uses.

My name is Jacobs Roland and I am an AI automation specialist. I build OpenClaw-based AI agents that sit alongside existing accounting, ERP and billing systems and take on invoice tracking, payment follow-ups, reconciliation and financial reporting.

If it would be helpful, I would welcome a brief 20-minute call at a convenient time to discuss whether this could suit Easy MTD VAT.

If this is not relevant to you, please let me know and I will not contact you again.

Kind regards,

Jacobs Roland
AI Automation Specialist | OpenClaw AI Agent Development
Email: savelroly@gmail.com",,,
support@freeagent.com,FreeAgent,United Kingdom,Low,Overdue invoice summaries for FreeAgent users,"Dear FreeAgent team,

I noted that FreeAgent lets users send invoices and estimates and set automatic emails for new invoices.

There may be scope for an AI agent to prepare overdue-invoice summaries and finance alerts for FreeAgent users and accounting practice partners via the API, giving your team more time for higher-value work.

I am Jacobs Roland, an AI automation specialist. I design and build OpenClaw-based AI agents that work alongside existing accounting, ERP and billing systems to handle invoice tracking, payment follow-ups, reconciliation and financial reporting.

Might you have 20 minutes in the coming weeks for a short call to assess whether this would be useful for FreeAgent?

If this is not relevant to you, please let me know and I will not contact you again.

Kind regards,

Jacobs Roland
AI Automation Specialist | OpenClaw AI Agent Development
Email: savelroly@gmail.com",,,
info@taxfiler.co.uk,Taxfiler,United Kingdom,Low,User alerts around Taxfiler MTD submissions,"Dear Taxfiler team,

I noted that Taxfiler is used by over 10,000 accountants and bookkeepers and integrates with FreeAgent.

There may be scope for an AI agent to extract invoice data, run pre-submission checks and send user alerts around Taxfiler, giving your team more time for higher-value work.

I am Jacobs Roland, an AI automation specialist, and I design and build OpenClaw-based AI agents that operate alongside existing accounting, ERP and billing systems, covering invoice tracking, payment follow-ups, reconciliation and financial reporting.

Would you be open to a brief 20-minute call in the coming weeks to explore whether this could be useful for Taxfiler?

If this is not relevant to you, please let me know and I will not contact you again.

Kind regards,

Jacobs Roland
AI Automation Specialist | OpenClaw AI Agent Development
Email: savelroly@gmail.com",,,
team@untied.io,untied,United Kingdom,Low,Open invoice tracking for untied sole traders,"Dear untied team,

I noted that untied publishes research on the sole trader experience.

In that context, there may be scope to use an AI agent to track open invoices and send client payment nudges for untied's sole trader users so self-assessment estimates stay accurate.

My name is Jacobs Roland and I am an AI automation specialist. I build OpenClaw-based AI agents that sit alongside existing accounting, ERP and billing systems and take on invoice tracking, payment follow-ups, reconciliation and financial reporting.

Would you be open to a brief 20-minute call in the coming weeks to explore whether this could be useful for untied?

If this is not relevant to you, please let me know and I will not contact you again.

Kind regards,

Jacobs Roland
AI Automation Specialist | OpenClaw AI Agent Development
Email: savelroly@gmail.com",,,
info@vitaltax.uk,VitalTax,United Kingdom,Low,Pre-submission checks for VitalTax users,"Dear VitalTax team,

I noted that VitalTax provides Making Tax Digital bridging software for VAT and Income Tax that connects Excel spreadsheets to HMRC.

I believe there may be scope for an AI agent to extract invoice data, run pre-submission checks and send user alerts around VitalTax, while your existing processes remain in place.

I am Jacobs Roland, an AI automation specialist. I design and build OpenClaw-based AI agents that work alongside existing accounting, ERP and billing systems to handle invoice tracking, payment follow-ups, reconciliation and financial reporting.

Would you be willing to have a short 20-minute conversation in the coming weeks to consider whether this might be of value to VitalTax?

If this is not relevant to you, please let me know and I will not contact you again.

Kind regards,

Jacobs Roland
AI Automation Specialist | OpenClaw AI Agent Development
Email: savelroly@gmail.com",,,
info@vtsoftware.co.uk,VT Software,United Kingdom,Low,Staged debtor reminders for VT Transaction+ users,"Dear VT Software team,

I noted that VT Software sells its VT Transaction+ bookkeeping software from its London office.

With that in mind, there may be scope for an AI agent to send staged debtor reminders from VT Transaction+ aged debtor data and summarise customer replies, working within the tools your team already uses.

I am Jacobs Roland, an AI automation specialist, and I design and build OpenClaw-based AI agents that operate alongside existing accounting, ERP and billing systems, covering invoice tracking, payment follow-ups, reconciliation and financial reporting.

Would you be willing to have a short 20-minute conversation in the coming weeks to consider whether this might be of value to VT Software?

If this is not relevant to you, please let me know and I will not contact you again.

Kind regards,

Jacobs Roland
AI Automation Specialist | OpenClaw AI Agent Development
Email: savelroly@gmail.com",,,
info@credica.co.uk,Credica,United Kingdom,Low,Query triage around Credica deployments,"Dear Credica team,

I noted that Credica provides collections and query management for credit control, including dunning letters, automated statements and cash forecasting.

In that context, there may be scope to use an AI agent to triage queries, extract invoice data and prepare client-specific reports around Credica deployments.

I am Jacobs Roland, an AI automation specialist. I design and build OpenClaw-based AI agents that work alongside existing accounting, ERP and billing systems to handle invoice tracking, payment follow-ups, reconciliation and financial reporting.

If it would be helpful, I would welcome a brief 20-minute call at a convenient time to discuss whether this could suit Credica.

If this is not relevant to you, please let me know and I will not contact you again.

Kind regards,

Jacobs Roland
AI Automation Specialist | OpenClaw AI Agent Development
Email: savelroly@gmail.com",,,
info@codat.io,Codat,United Kingdom,Low,Exception alerts on Codat-synced payables data,"Dear Codat team,

I noted that Codat's documentation covers supplier sync and loan writeback across accounting and payables data.

I believe there may be scope for an AI agent to raise exception alerts and prepare reports on top of Codat-synced accounting and payables data, while your existing processes remain in place.

My name is Jacobs Roland and I am an AI automation specialist. I build OpenClaw-based AI agents that sit alongside existing accounting, ERP and billing systems and take on invoice tracking, payment follow-ups, reconciliation and financial reporting.

Might you have 20 minutes in the coming weeks for a short call to assess whether this would be useful for Codat?

If this is not relevant to you, please let me know and I will not contact you again.

Kind regards,

Jacobs Roland
AI Automation Specialist | OpenClaw AI Agent Development
Email: savelroly@gmail.com",,,
enquiries@proactis.com,Proactis,United Kingdom,Low,PO-invoice mismatch follow-ups for Proactis customers,"Dear Proactis team,

I noted that Proactis presents itself as a source-to-pay specialist with several regional offices.

In that context, there may be scope to use an AI agent to follow up on PO-invoice mismatches and prepare exception reports for Proactis customers.

My name is Jacobs Roland and I am an AI automation specialist. I build OpenClaw-based AI agents that sit alongside existing accounting, ERP and billing systems and take on invoice tracking, payment follow-ups, reconciliation and financial reporting.

Would you be open to a brief 20-minute call in the coming weeks to explore whether this could be useful for Proactis?

If this is not relevant to you, please let me know and I will not contact you again.

Kind regards,

Jacobs Roland
AI Automation Specialist | OpenClaw AI Agent Development
Email: savelroly@gmail.com",,,
hotdesk@datelgroup.com,Datel Group,United Kingdom,Low,Weekly Sage 200 debtor reports for Datel clients,"Dear Datel Group team,

I noted that Datel is a Sage business partner with more than 30 years of experience and a published customer support handbook.

There may be scope for an AI agent to produce weekly Sage 200 debtor reports and send reminders to slipping accounts for Datel's clients, giving your team more time for higher-value work.

I am Jacobs Roland, an AI automation specialist, and I design and build OpenClaw-based AI agents that operate alongside existing accounting, ERP and billing systems, covering invoice tracking, payment follow-ups, reconciliation and financial reporting.

Would you be open to a brief 20-minute call in the coming weeks to explore whether this could be useful for Datel Group?

If this is not relevant to you, please let me know and I will not contact you again.

Kind regards,

Jacobs Roland
AI Automation Specialist | OpenClaw AI Agent Development
Email: savelroly@gmail.com",,,
info@k3btg.com,K3 Business Technology Group,United Kingdom,Low,Trade receivable follow-ups for K3 ERP customers,"Dear K3 team,

I noted that K3 offers Dynamics-based ERP and retail software with a dedicated support desk.

With that in mind, there may be scope for an AI agent to follow up on trade receivables for K3 ERP customers, working within the tools your team already uses.

I am Jacobs Roland, an AI automation specialist, and I design and build OpenClaw-based AI agents that operate alongside existing accounting, ERP and billing systems, covering invoice tracking, payment follow-ups, reconciliation and financial reporting.

Would you be willing to have a short 20-minute conversation in the coming weeks to consider whether this might be of value to K3?

If this is not relevant to you, please let me know and I will not contact you again.

Kind regards,

Jacobs Roland
AI Automation Specialist | OpenClaw AI Agent Development
Email: savelroly@gmail.com",,,
info@tisski.com,Tisski,United Kingdom,Low,Finance reporting for Tisski Dynamics clients,"Dear Tisski team,

I noted that Tisski provides Microsoft Dynamics 365 and Power Platform services, including support.

In that context, there may be scope to use an AI agent to prepare routine finance reports and follow up on invoices for Tisski's Dynamics clients.

My name is Jacobs Roland and I am an AI automation specialist. I build OpenClaw-based AI agents that sit alongside existing accounting, ERP and billing systems and take on invoice tracking, payment follow-ups, reconciliation and financial reporting.

Would you be open to a brief 20-minute call in the coming weeks to explore whether this could be useful for Tisski?

If this is not relevant to you, please let me know and I will not contact you again.

Kind regards,

Jacobs Roland
AI Automation Specialist | OpenClaw AI Agent Development
Email: savelroly@gmail.com",,,
contactus@wescot.co.uk,Wescot Credit Services,United Kingdom,Low,Inbound email reference matching for Wescot,"Dear Wescot Credit Services team,

I noted that Wescot asks customers to include their name, address, date of birth and Wescot reference when emailing.

With that in mind, there may be scope for an AI agent to match customer references on inbound emails and route each message to the right case handler, working within the tools your team already uses.

I am Jacobs Roland, an AI automation specialist, and I design and build OpenClaw-based AI agents that operate alongside existing accounting, ERP and billing systems, covering invoice tracking, payment follow-ups, reconciliation and financial reporting.

Would you be willing to have a short 20-minute conversation in the coming weeks to consider whether this might be of value to Wescot Credit Services?

If this is not relevant to you, please let me know and I will not contact you again.

Kind regards,

Jacobs Roland
AI Automation Specialist | OpenClaw AI Agent Development
Email: savelroly@gmail.com",,,
support@countingup.com,Countingup,United Kingdom,Low,Late payment nudges for Countingup customers,"Dear Countingup team,

I noted that Countingup combines a business current account with invoicing and automatic bookkeeping.

With that in mind, there may be scope for an AI agent to send late-payment nudges and prepare weekly cash notes for Countingup customers, working within the tools your team already uses.

My name is Jacobs Roland and I am an AI automation specialist. I build OpenClaw-based AI agents that sit alongside existing accounting, ERP and billing systems and take on invoice tracking, payment follow-ups, reconciliation and financial reporting.

If it would be helpful, I would welcome a brief 20-minute call at a convenient time to discuss whether this could suit Countingup.

If this is not relevant to you, please let me know and I will not contact you again.

Kind regards,

Jacobs Roland
AI Automation Specialist | OpenClaw AI Agent Development
Email: savelroly@gmail.com",,,
info@kriya.co,Kriya,United Kingdom,Low,Due date tracking for Kriya-financed invoices,"Dear Kriya team,

I noted that Kriya provides invoice finance and B2B payment terms.

In that context, there may be scope to use an AI agent to track due dates and send reminders for Kriya-financed invoices.

I am Jacobs Roland, an AI automation specialist, and I design and build OpenClaw-based AI agents that operate alongside existing accounting, ERP and billing systems, covering invoice tracking, payment follow-ups, reconciliation and financial reporting.

Might you have 20 minutes in the coming weeks for a short call to assess whether this would be useful for Kriya?

If this is not relevant to you, please let me know and I will not contact you again.

Kind regards,

Jacobs Roland
AI Automation Specialist | OpenClaw AI Agent Development
Email: savelroly@gmail.com",,,
info@marketfinance.com,MarketFinance,United Kingdom,Low,Debtor position tracking for MarketFinance clients,"Dear MarketFinance team,

I noted that MarketFinance, formerly MarketInvoice, provides invoice finance and produces content for accountants.

I believe there may be scope for an AI agent to track debtor positions, send reminders and prepare client and accountant summaries for invoice finance clients, while your existing processes remain in place.

My name is Jacobs Roland and I am an AI automation specialist. I build OpenClaw-based AI agents that sit alongside existing accounting, ERP and billing systems and take on invoice tracking, payment follow-ups, reconciliation and financial reporting.

Might you have 20 minutes in the coming weeks for a short call to assess whether this would be useful for MarketFinance?

If this is not relevant to you, please let me know and I will not contact you again.

Kind regards,

Jacobs Roland
AI Automation Specialist | OpenClaw AI Agent Development
Email: savelroly@gmail.com",,,
info@previ.se,Previse,United Kingdom,Low,Supplier remittance queries for Previse buyers,"Dear Previse team,

I noted that Previse provides B2B instant payment technology for suppliers.

I believe there may be scope for an AI agent to answer supplier payment-status and remittance queries for buyers using Previse instant payments, while your existing processes remain in place.

I am Jacobs Roland, an AI automation specialist. I design and build OpenClaw-based AI agents that work alongside existing accounting, ERP and billing systems to handle invoice tracking, payment follow-ups, reconciliation and financial reporting.

Would you be willing to have a short 20-minute conversation in the coming weeks to consider whether this might be of value to Previse?

If this is not relevant to you, please let me know and I will not contact you again.

Kind regards,

Jacobs Roland
AI Automation Specialist | OpenClaw AI Agent Development
Email: savelroly@gmail.com",,,
support@ryftpay.com,Ryft,United Kingdom,Low,Daily payout reconciliation for Ryft merchants,"Dear Ryft team,

I noted that Ryft's developer hub lists integrations along with technical and general support contacts.

There may be scope for an AI agent to match Ryft payouts to merchant transactions, flag differences and send a daily reconciliation summary, giving your team more time for higher-value work.

My name is Jacobs Roland and I am an AI automation specialist. I build OpenClaw-based AI agents that sit alongside existing accounting, ERP and billing systems and take on invoice tracking, payment follow-ups, reconciliation and financial reporting.

Would you be willing to have a short 20-minute conversation in the coming weeks to consider whether this might be of value to Ryft?

If this is not relevant to you, please let me know and I will not contact you again.

Kind regards,

Jacobs Roland
AI Automation Specialist | OpenClaw AI Agent Development
Email: savelroly@gmail.com",,,
businesssupport@soldo.com,Soldo,United Kingdom,Low,Receipt chasing for Soldo customers,"Dear Soldo team,

I noted that Soldo provides company cards and expense management, with support replies within one working day.

In that context, there may be scope to use an AI agent to chase receipts and prepare spend reports for Soldo customers.

I am Jacobs Roland, an AI automation specialist. I design and build OpenClaw-based AI agents that work alongside existing accounting, ERP and billing systems to handle invoice tracking, payment follow-ups, reconciliation and financial reporting.

If it would be helpful, I would welcome a brief 20-minute call at a convenient time to discuss whether this could suit Soldo.

If this is not relevant to you, please let me know and I will not contact you again.

Kind regards,

Jacobs Roland
AI Automation Specialist | OpenClaw AI Agent Development
Email: savelroly@gmail.com",,,
marketing@hoodsweeney.com.au,Hood Sweeney,Australia,Low,Debtor reports in Hood Sweeney cloud packages,"Dear Hood Sweeney team,

I read Hood Sweeney's article on how Adelaide businesses move 'from reactive to proactive' with accounting and advisory support.

Within Hood Sweeney's cloud accounting packages, there may be scope to automate client debtor reports and reminders.

My name is Jacobs Roland, and I am an AI automation specialist. I design OpenClaw-based AI agents that work with existing accounting, ERP and billing systems to support invoice tracking, payment follow-ups, reconciliation and financial reporting.

Would you be willing to have a short 20-minute conversation in the coming weeks to consider whether this might be of value to Hood Sweeney?

If this is not relevant to you, please let me know and I will not contact you again.

Kind regards,

Jacobs Roland
AI Automation Specialist | OpenClaw AI Agent Development
Email: savelroly@gmail.com",,,
contact@sawarddawson.com.au,Saward Dawson,Australia,Low,Management reports for Saward Dawson SME clients,"Dear Saward Dawson team,

I understand that Saward Dawson is a chartered accounting firm in Melbourne's eastern suburbs.

There may be scope to automate debtor follow-ups and monthly management reports for Saward Dawson's SME clients.

I am Jacobs Roland, an AI automation specialist. I design and build OpenClaw-based AI agents that work alongside existing accounting, ERP and billing systems to handle invoice tracking, payment follow-ups, reconciliation and financial reporting.

Would you be willing to have a short 20-minute conversation in the coming weeks to consider whether this might be of value to Saward Dawson?

If this is not relevant to you, please let me know and I will not contact you again.

Kind regards,

Jacobs Roland
AI Automation Specialist | OpenClaw AI Agent Development
Email: savelroly@gmail.com",,,
sales@simpro.us,Simpro,Australia,Low,Invoice follow-ups and job profitability for Simpro,"Dear Simpro team,

I read Simpro's guide with 17 service reminder message templates and noted its partnership with D-Tools.

There may be scope to automate service reminder messages, invoice follow-ups and job profitability reports.

I am Jacobs Roland, an AI automation specialist. I design and build OpenClaw-based AI agents that work alongside existing accounting, ERP and billing systems to handle invoice tracking, payment follow-ups, reconciliation and financial reporting.

If it would be helpful, I would welcome a brief 20-minute call at a time that suits you to discuss whether this could be useful for Simpro.

If this is not relevant to you, please let me know and I will not contact you again.

Kind regards,

Jacobs Roland
AI Automation Specialist | OpenClaw AI Agent Development
Email: savelroly@gmail.com",,,
info@pronto.net,Pronto Software,Australia,Low,Collections follow-ups on Pronto Xi receivables,"Dear Pronto Software team,

I read Pronto's Accounts Receivable ebook for Pronto Xi, covering flexible invoicing and cash receipting.

There may be scope to automate collections follow-ups and AR reporting on top of Pronto Xi Accounts Receivable.

I am Jacobs Roland, an AI automation specialist. I design and build OpenClaw-based AI agents that work alongside existing accounting, ERP and billing systems to handle invoice tracking, payment follow-ups, reconciliation and financial reporting.

Might you be open to a short call of around 20 minutes in the coming weeks to assess whether this could support Pronto Software?

If this is not relevant to you, please let me know and I will not contact you again.

Kind regards,

Jacobs Roland
AI Automation Specialist | OpenClaw AI Agent Development
Email: savelroly@gmail.com",,,
info@baycorp.com.au,Baycorp,Australia,Low,Collection instruction intake for Baycorp,"Dear Baycorp team,

I noted that Baycorp publishes collection instruction and new client application forms for businesses.

There may be scope for an AI agent to process new client instructions from those forms automatically.

I am Jacobs Roland, an AI automation specialist. I design and build OpenClaw-based AI agents that work alongside existing accounting, ERP and billing systems to handle invoice tracking, payment follow-ups, reconciliation and financial reporting.

If it would be helpful, I would welcome a brief 20-minute call at a time that suits you to discuss whether this could be useful for Baycorp.

If this is not relevant to you, please let me know and I will not contact you again.

Kind regards,

Jacobs Roland
AI Automation Specialist | OpenClaw AI Agent Development
Email: savelroly@gmail.com",,,
support@monoova.com,Monoova,Australia,Low,Reconciliation summaries for Monoova client finance teams,"Dear Monoova team,

I noted that Monoova runs a client portal and FX hub for real-time business payments and PayTo.

There may be scope to automate payment reconciliation summaries and exception alerts for client finance teams.

My name is Jacobs Roland, and I am an AI automation specialist. I design OpenClaw-based AI agents that work with existing accounting, ERP and billing systems to support invoice tracking, payment follow-ups, reconciliation and financial reporting.

Would you be willing to have a short 20-minute conversation in the coming weeks to consider whether this might be of value to Monoova?

If this is not relevant to you, please let me know and I will not contact you again.

Kind regards,

Jacobs Roland
AI Automation Specialist | OpenClaw AI Agent Development
Email: savelroly@gmail.com",,,
team@waddle.com.au,Waddle,Australia,Low,Debtor follow-ups on Waddle-financed invoices,"Dear Waddle team,

I read Waddle's article on what to do 'when a client won't pay overdue invoices'.

There may be scope to automate debtor follow-ups on Waddle-financed invoices, using data synced from accounting.

My name is Jacobs Roland, and I am an AI automation specialist. I design OpenClaw-based AI agents that work with existing accounting, ERP and billing systems to support invoice tracking, payment follow-ups, reconciliation and financial reporting.

Would you be open to a brief 20-minute call in the coming weeks to explore whether this could be useful for Waddle?

If this is not relevant to you, please let me know and I will not contact you again.

Kind regards,

Jacobs Roland
AI Automation Specialist | OpenClaw AI Agent Development
Email: savelroly@gmail.com",,,
info@bookeandpartners.ca,Booke & Partners,Canada,Low,Client invoice reminders for Booke & Partners,"Dear Booke & Partners team,

I noted that Booke & Partners is a Winnipeg accounting firm with an active careers page.

There may be scope to automate recurring client invoice reminders and status reports.

I am Jacobs Roland, an AI automation specialist. I design and build OpenClaw-based AI agents that work alongside existing accounting, ERP and billing systems to handle invoice tracking, payment follow-ups, reconciliation and financial reporting.

If it would be helpful, I would welcome a brief 20-minute call at a time that suits you to discuss whether this could be useful for Booke & Partners.

If this is not relevant to you, please let me know and I will not contact you again.

Kind regards,

Jacobs Roland
AI Automation Specialist | OpenClaw AI Agent Development
Email: savelroly@gmail.com",,,
info@levypilotte.com,Levy Pilotte LLP,Canada,Low,Monthly reporting and fee reminders at Levy Pilotte,"Dear Levy Pilotte team,

I noted that Levy Pilotte runs a university recruitment programme for new accountants.

There may be scope to automate client invoice reminders and monthly reporting for the firm.

My name is Jacobs Roland, and I am an AI automation specialist. I design OpenClaw-based AI agents that work with existing accounting, ERP and billing systems to support invoice tracking, payment follow-ups, reconciliation and financial reporting.

Would you be willing to have a short 20-minute conversation in the coming weeks to consider whether this might be of value to Levy Pilotte?

If this is not relevant to you, please let me know and I will not contact you again.

Kind regards,

Jacobs Roland
AI Automation Specialist | OpenClaw AI Agent Development
Email: savelroly@gmail.com",,,
info@richter.ca,Richter,Canada,Low,Case-related payment tracking for Richter teams,"Dear Richter team,

I noted that Richter publishes insolvency case files on its site and has offices in Toronto, Montreal and Chicago.

There may be scope to automate case-related payment tracking and finance reporting for Richter's advisory teams.

I am Jacobs Roland, an AI automation specialist. I design and build OpenClaw-based AI agents that work alongside existing accounting, ERP and billing systems to handle invoice tracking, payment follow-ups, reconciliation and financial reporting.

Would you be willing to have a short 20-minute conversation in the coming weeks to consider whether this might be of value to Richter?

If this is not relevant to you, please let me know and I will not contact you again.

Kind regards,

Jacobs Roland
AI Automation Specialist | OpenClaw AI Agent Development
Email: savelroly@gmail.com",,,
info@caseware.com,Caseware,Canada,Low,Pre-processing client AR data for Caseware engagements,"Dear Caseware team,

I noted that Caseware sells Working Papers, Caseware Cloud and IDEA through distributors and partners worldwide.

There may be scope to partner on AI agents that pre-process client invoices and AR data before they reach Caseware engagements.

I am Jacobs Roland, an AI automation specialist. I design and build OpenClaw-based AI agents that work alongside existing accounting, ERP and billing systems to handle invoice tracking, payment follow-ups, reconciliation and financial reporting.

If it would be helpful, I would welcome a brief 20-minute call at a time that suits you to discuss whether this could be useful for Caseware.

If this is not relevant to you, please let me know and I will not contact you again.

Kind regards,

Jacobs Roland
AI Automation Specialist | OpenClaw AI Agent Development
Email: savelroly@gmail.com",,,
info@taxcycle.com,TaxCycle,Canada,Low,Billing reminders for TaxCycle and TaxFolder practices,"Dear TaxCycle team,

I noted that TaxCycle offers the TaxFolder client portal and lists a Remitian integration.

There may be scope to automate billing reminders and client status notices for practices using TaxCycle and TaxFolder.

My name is Jacobs Roland, and I am an AI automation specialist. I design OpenClaw-based AI agents that work with existing accounting, ERP and billing systems to support invoice tracking, payment follow-ups, reconciliation and financial reporting.

Would you be open to a brief 20-minute call in the coming weeks to explore whether this could be useful for TaxCycle?

If this is not relevant to you, please let me know and I will not contact you again.

Kind regards,

Jacobs Roland
AI Automation Specialist | OpenClaw AI Agent Development
Email: savelroly@gmail.com",,,
info@symend.com,Symend,Canada,Low,B2B invoice follow-ups alongside Symend engagement,"Dear Symend team,

I read that Symend raised USD 52 million, offers SymendPrevent for bill payment protection and appointed Corey Scobie as CTO.

There may be scope to complement Symend's consumer engagement with B2B invoice follow-up agents.

I am Jacobs Roland, an AI automation specialist. I design and build OpenClaw-based AI agents that work alongside existing accounting, ERP and billing systems to handle invoice tracking, payment follow-ups, reconciliation and financial reporting.

Would you be willing to have a short 20-minute conversation in the coming weeks to consider whether this might be of value to Symend?

If this is not relevant to you, please let me know and I will not contact you again.

Kind regards,

Jacobs Roland
AI Automation Specialist | OpenClaw AI Agent Development
Email: savelroly@gmail.com",,,
info@prophix.com,Prophix,Canada,Low,Feeding AR status into Prophix reporting,"Dear Prophix team,

I read Prophix's year-end 2023 announcement on new innovations and partner acceleration.

There may be scope to partner on AI agents that feed AR status and finance alerts into Prophix reporting.

I am Jacobs Roland, an AI automation specialist. I design and build OpenClaw-based AI agents that work alongside existing accounting, ERP and billing systems to handle invoice tracking, payment follow-ups, reconciliation and financial reporting.

Would you be open to a brief 20-minute call in the coming weeks to explore whether this could be useful for Prophix?

If this is not relevant to you, please let me know and I will not contact you again.

Kind regards,

Jacobs Roland
AI Automation Specialist | OpenClaw AI Agent Development
Email: savelroly@gmail.com",,,
sales@tealbook.com,TealBook,Canada,Low,Vendor invoice matching using TealBook supplier data,"Dear TealBook team,

I came across TealBook's Tier 2 Diversity Reporting Guide for suppliers.

There may be scope to connect TealBook supplier data to AI agents for vendor invoice matching and AP alerts.

I am Jacobs Roland, an AI automation specialist. I build OpenClaw-based AI agents that operate alongside existing accounting, ERP and billing systems, taking care of invoice tracking, payment follow-ups, reconciliation and financial reporting.

Would you be willing to have a short 20-minute conversation in the coming weeks to consider whether this might be of value to TealBook?

If this is not relevant to you, please let me know and I will not contact you again.

Kind regards,

Jacobs Roland
AI Automation Specialist | OpenClaw AI Agent Development
Email: savelroly@gmail.com",,,
contact@wagepoint.com,Wagepoint,Canada,Low,Finance admin agents for Wagepoint customers,"Dear Wagepoint team,

I noted that Wagepoint offers payroll and Time by Wagepoint and runs Wagepoint Academy with year-end tips and timelines.

There may be scope to partner on finance admin agents for small businesses and bookkeepers already running payroll in Wagepoint.

I am Jacobs Roland, an AI automation specialist. I design and build OpenClaw-based AI agents that work alongside existing accounting, ERP and billing systems to handle invoice tracking, payment follow-ups, reconciliation and financial reporting.

Might you be open to a short call of around 20 minutes in the coming weeks to assess whether this could support Wagepoint?

If this is not relevant to you, please let me know and I will not contact you again.

Kind regards,

Jacobs Roland
AI Automation Specialist | OpenClaw AI Agent Development
Email: savelroly@gmail.com",,,
info@gibraltarsolutions.com,Gibraltar Solutions,Canada,Low,Finance admin agents for Gibraltar Microsoft clients,"Dear Gibraltar Solutions team,

I read Gibraltar Solutions' case study on York Children's Aid Society switching managed service providers.

There may be scope to add AI finance-admin agents for invoice tracking and reminders to your Microsoft client offering.

My name is Jacobs Roland, and I am an AI automation specialist. I design OpenClaw-based AI agents that work with existing accounting, ERP and billing systems to support invoice tracking, payment follow-ups, reconciliation and financial reporting.

Would you be willing to have a short 20-minute conversation in the coming weeks to consider whether this might be of value to Gibraltar Solutions?

If this is not relevant to you, please let me know and I will not contact you again.

Kind regards,

Jacobs Roland
AI Automation Specialist | OpenClaw AI Agent Development
Email: savelroly@gmail.com",,,
help@flinks.com,Flinks,Canada,Low,Payment matching agents built on Flinks data,"Dear Flinks team,

I read the Flinks developer documentation on webhooks and the GetAccountsSummary endpoint.

There may be scope to use Flinks bank data to drive automated payment matching and reconciliation agents.

My name is Jacobs Roland, and I am an AI automation specialist. I design OpenClaw-based AI agents that work with existing accounting, ERP and billing systems to support invoice tracking, payment follow-ups, reconciliation and financial reporting.

If it would be helpful, I would welcome a brief 20-minute call at a time that suits you to discuss whether this could be useful for Flinks.

If this is not relevant to you, please let me know and I will not contact you again.

Kind regards,

Jacobs Roland
AI Automation Specialist | OpenClaw AI Agent Development
Email: savelroly@gmail.com",,,
support@paymentevolution.com,PaymentEvolution (PayEvo),Canada,Low,Payroll funding alerts for PayEvo customers,"Dear PaymentEvolution team,

I understand that PaymentEvolution runs payroll and business payments with a customer self-service help centre.

There may be scope to automate payment confirmation emails, payroll funding alerts and finance admin summaries.

My name is Jacobs Roland, and I am an AI automation specialist. I design OpenClaw-based AI agents that work with existing accounting, ERP and billing systems to support invoice tracking, payment follow-ups, reconciliation and financial reporting.

Would you be open to a brief 20-minute call in the coming weeks to explore whether this could be useful for PaymentEvolution?

If this is not relevant to you, please let me know and I will not contact you again.

Kind regards,

Jacobs Roland
AI Automation Specialist | OpenClaw AI Agent Development
Email: savelroly@gmail.com",,,
support@paystone.com,Paystone,Canada,Low,Payment exception alerts for Paystone merchants,"Dear Paystone team,

I noted that Paystone publishes terminal setup guides for merchants, such as for the Newland N950.

There may be scope to automate payment exception alerts and merchant reporting.

I am Jacobs Roland, an AI automation specialist. I design and build OpenClaw-based AI agents that work alongside existing accounting, ERP and billing systems to handle invoice tracking, payment follow-ups, reconciliation and financial reporting.

Would you be willing to have a short 20-minute conversation in the coming weeks to consider whether this might be of value to Paystone?

If this is not relevant to you, please let me know and I will not contact you again.

Kind regards,

Jacobs Roland
AI Automation Specialist | OpenClaw AI Agent Development
Email: savelroly@gmail.com",,,
support@railz.ai,Railz,Canada,Low,AI finance agents on Railz accounting data,"Dear Railz team,

I noted that Railz's privacy page now references FIS, following its acquisition.

There may be scope to build AI finance agents on top of the normalised accounting data that Railz provides.

My name is Jacobs Roland, and I am an AI automation specialist. I design OpenClaw-based AI agents that work with existing accounting, ERP and billing systems to support invoice tracking, payment follow-ups, reconciliation and financial reporting.

Might you be open to a short call of around 20 minutes in the coming weeks to assess whether this could support Railz?

If this is not relevant to you, please let me know and I will not contact you again.

Kind regards,

Jacobs Roland
AI Automation Specialist | OpenClaw AI Agent Development
Email: savelroly@gmail.com",,,
support@trolley.com,Trolley,Canada,Low,Payout exception alerts for Trolley customers,"Dear Trolley team,

I noted that Trolley offers white-labelled recipient management and emails for payouts.

There may be scope to automate payout exception alerts, recipient onboarding chasers and payout reconciliation reports.

My name is Jacobs Roland, and I am an AI automation specialist. I design OpenClaw-based AI agents that work with existing accounting, ERP and billing systems to support invoice tracking, payment follow-ups, reconciliation and financial reporting.

If it would be helpful, I would welcome a brief 20-minute call at a time that suits you to discuss whether this could be useful for Trolley.

If this is not relevant to you, please let me know and I will not contact you again.

Kind regards,

Jacobs Roland
AI Automation Specialist | OpenClaw AI Agent Development
Email: savelroly@gmail.com",,,
cthreadgold@fitzgeraldpower.ie,Fitzgerald Power,Ireland,High,KPI benchmarking packs for Fitzgerald Power clients,"Dear Catriona,

I noticed that Fitzgerald Power provides outsourced bookkeeping, payroll and management accounting supported by KPI benchmarking.

Given the volume of client bookkeeping and invoicing a practice of this kind manages, there may be scope for an AI agent to handle KPI benchmarking reports and client bookkeeping follow-ups, working within the systems already in use.

I am Jacobs Roland, an AI automation specialist. I design and build OpenClaw-based AI agents that work alongside existing accounting, ERP and billing systems to handle invoice tracking, payment follow-ups, reconciliation and financial reporting.

Would a short introductory call in the coming weeks be convenient, to assess whether this could be relevant for Fitzgerald Power?

If this is not relevant to you, please let me know and I will not contact you again.

Kind regards,

Jacobs Roland
AI Automation Specialist | OpenClaw AI Agent Development
Email: savelroly@gmail.com",,,
hello@kinore.com,Kinore Finance and Business Services,Ireland,High,Xero credit control for Kinore's bookkeeping clients,"Dear Kinore Finance and Business Services team,

I see that Kinore provides outsourced bookkeeping by Xero-certified bookkeepers and runs Xero conversion and training in Dublin.

With a broad portfolio of client administrations to keep current, there may be scope for an AI agent to handle Xero credit control follow-ups and client reporting, working within the systems already in use.

My name is Jacobs Roland and I am an AI automation specialist. I build OpenClaw-based AI agents that operate alongside existing accounting, ERP and billing systems, supporting invoice tracking, payment follow-ups, reconciliation and financial reporting.

Would you be open to a brief 20-minute call in the coming weeks to explore whether this could be useful for Kinore Finance and Business Services?

If this is not relevant to you, please let me know and I will not contact you again.

Kind regards,

Jacobs Roland
AI Automation Specialist | OpenClaw AI Agent Development
Email: savelroly@gmail.com",,,
info@accountsadvicecentre.ie,Accounts Advice Centre,Ireland,Medium,Client record chasing ahead of VAT deadlines,"Dear Accounts Advice Centre team,

I see that Accounts Advice Centre is a Dublin chartered tax advisory and accounting practice offering bookkeeping, management accounting, payroll and VAT services.

With a broad portfolio of client administrations to keep current, there may be scope for an AI agent to handle client document chasing, VAT-period reminders and bookkeeping status reports, working within the systems already in use.

I am Jacobs Roland, an AI automation specialist. I design and build OpenClaw-based AI agents that work alongside existing accounting, ERP and billing systems to handle invoice tracking, payment follow-ups, reconciliation and financial reporting.

Would you be open to a brief 20-minute call in the coming weeks to explore whether this could be useful for Accounts Advice Centre?

If this is not relevant to you, please let me know and I will not contact you again.

Kind regards,

Jacobs Roland
AI Automation Specialist | OpenClaw AI Agent Development
Email: savelroly@gmail.com",,,
info@bigredcloud.com,Big Red Cloud,Ireland,Medium,Invoice query triage for Big Red Cloud support,"Dear Big Red Cloud team,

I see that Big Red Cloud publishes guides on writing invoices and common invoicing mistakes, and supports Irish and UK users by phone, email and live chat.

For a platform that many businesses rely on for invoicing and accounting, there may be scope for an AI agent to handle sales-invoice follow-ups and support triage for invoice-related queries from SME users, working within the systems already in use.

I am Jacobs Roland, an AI automation specialist. I design and build OpenClaw-based AI agents that work alongside existing accounting, ERP and billing systems to handle invoice tracking, payment follow-ups, reconciliation and financial reporting.

If it would be of interest, I would welcome a brief 20-minute conversation to explore whether this could support Big Red Cloud.

If this is not relevant to you, please let me know and I will not contact you again.

Kind regards,

Jacobs Roland
AI Automation Specialist | OpenClaw AI Agent Development
Email: savelroly@gmail.com",,,
brightbookssupport@brightsg.com,SurfAccounts (BrightBooks),Ireland,Medium,Opened-but-unpaid invoices in BrightBooks,"Dear SurfAccounts team,

I noticed that SurfAccounts, now BrightBooks, supports recurring invoices and emailed invoices with open tracking.

Around the invoicing and accounting workflows SurfAccounts supports, there may be scope for an AI agent to handle opened-but-unpaid invoice follow-ups and recurring invoice reports, working within the systems already in use.

My name is Jacobs Roland and I am an AI automation specialist. I build OpenClaw-based AI agents that operate alongside existing accounting, ERP and billing systems, supporting invoice tracking, payment follow-ups, reconciliation and financial reporting.

Would a short introductory call in the coming weeks be convenient, to assess whether this could be relevant for SurfAccounts?

If this is not relevant to you, please let me know and I will not contact you again.

Kind regards,

Jacobs Roland
AI Automation Specialist | OpenClaw AI Agent Development
Email: savelroly@gmail.com",,,
customerservice@transfermate.com,TransferMate,Ireland,Medium,Payer portal follow-ups for TransferMate billers,"Dear TransferMate team,

I noticed that TransferMate has rolled out an international collections portal where payers can self-serve outstanding payment requests.

Given the link between payments, invoices and reconciliation in this area, there may be scope for an AI agent to handle payment-request follow-ups and receivables reports for billers, working within the systems already in use.

I am Jacobs Roland, an AI automation specialist. I design and build OpenClaw-based AI agents that work alongside existing accounting, ERP and billing systems to handle invoice tracking, payment follow-ups, reconciliation and financial reporting.

Would you be willing to have a short call in the coming weeks to consider whether this might be of value to TransferMate?

If this is not relevant to you, please let me know and I will not contact you again.

Kind regards,

Jacobs Roland
AI Automation Specialist | OpenClaw AI Agent Development
Email: savelroly@gmail.com",,,
support@spotlightreporting.com,Spotlight Reporting,New Zealand,Medium,Cash-basis reporting runs with Spotlight clients,"Dear Spotlight Reporting team,

I noticed that Spotlight Reporting recently added cash basis reporting for its advisor customers.

Within the invoicing and finance features of business software such as Spotlight Reporting, there may be scope for an AI agent to handle monthly reporting runs, cash-basis alerts and client commentary for advisory firms with an OpenClaw agent connected to Spotlight Reporting's existing systems, working within the systems already in use.

I am Jacobs Roland, an AI automation specialist. I design and build OpenClaw-based AI agents that work alongside existing accounting, ERP and billing systems to handle invoice tracking, payment follow-ups, reconciliation and financial reporting.

Would you be open to a brief 20-minute call in the coming weeks to explore whether this could be useful for Spotlight Reporting?

If this is not relevant to you, please let me know and I will not contact you again.

Kind regards,

Jacobs Roland
AI Automation Specialist | OpenClaw AI Agent Development
Email: savelroly@gmail.com",,,
info@scrada.be,Scrada,Belgium,High,Peppol delivery checks for Scrada users,"Dear Scrada team,

I understand that Scrada offers Peppol e-invoicing and bookkeeping tools.

There may be scope to automate Peppol delivery status checks and unpaid invoice follow-ups.

My name is Jacobs Roland, and I am an AI automation specialist. I design OpenClaw-based AI agents that work with existing accounting, ERP and billing systems to support invoice tracking, payment follow-ups, reconciliation and financial reporting.

Might you be open to a short call of around 20 minutes in the coming weeks to assess whether this could support Scrada?

If this is not relevant to you, please let me know and I will not contact you again.

Kind regards,

Jacobs Roland
AI Automation Specialist | OpenClaw AI Agent Development
Email: savelroly@gmail.com",,,
kundeservice@debito.dk,Debito,Denmark,High,Pre-collection reminders for Debito creditors,"Dear Debito team,

I came across Debito's 'inkassoskolen', with invoice templates, payment-deadline guidance and reminder letters.

There may be scope to automate pre-collection reminders and creditor case reports.

My name is Jacobs Roland, and I am an AI automation specialist. I design OpenClaw-based AI agents that work with existing accounting, ERP and billing systems to support invoice tracking, payment follow-ups, reconciliation and financial reporting.

Would you be open to a brief 20-minute call in the coming weeks to explore whether this could be useful for Debito?

If this is not relevant to you, please let me know and I will not contact you again.

Kind regards,

Jacobs Roland
AI Automation Specialist | OpenClaw AI Agent Development
Email: savelroly@gmail.com",,,
support@fenerum.com,Fenerum,Denmark,High,Subscription revenue reports for Fenerum customers,"Dear Fenerum team,

I understand that Fenerum automates subscription billing and offers customer support by email and phone.

There may be scope to automate failed-payment follow-ups and subscription revenue reports.

I am Jacobs Roland, an AI automation specialist. I design and build OpenClaw-based AI agents that work alongside existing accounting, ERP and billing systems to handle invoice tracking, payment follow-ups, reconciliation and financial reporting.

Would you be willing to have a short 20-minute conversation in the coming weeks to consider whether this might be of value to Fenerum?

If this is not relevant to you, please let me know and I will not contact you again.

Kind regards,

Jacobs Roland
AI Automation Specialist | OpenClaw AI Agent Development
Email: savelroly@gmail.com",,,
support@frisbii.com,Frisbii,Denmark,High,Dunning follow-ups for Frisbii merchants,"Dear Frisbii team,

I noted that Frisbii positions itself as an all-in-one online subscription platform and recurring billing partner.

There may be scope to automate dunning follow-ups and recurring revenue reports for merchants.

I am Jacobs Roland, an AI automation specialist. I build OpenClaw-based AI agents that operate alongside existing accounting, ERP and billing systems, taking care of invoice tracking, payment follow-ups, reconciliation and financial reporting.

If it would be helpful, I would welcome a brief 20-minute call at a time that suits you to discuss whether this could be useful for Frisbii.

If this is not relevant to you, please let me know and I will not contact you again.

Kind regards,

Jacobs Roland
AI Automation Specialist | OpenClaw AI Agent Development
Email: savelroly@gmail.com",,,
info.ee@fitek.com,Fitek,Estonia,High,Purchase-invoice mailbox exceptions at Fitek,"Dear Fitek team,

I noted that Fitek recently added processing of XML invoices sent by email to each client's purchase invoice mailbox.

There may be scope to automate exception handling for that mailbox and the related approval reminders.

I am Jacobs Roland, an AI automation specialist. I build OpenClaw-based AI agents that operate alongside existing accounting, ERP and billing systems, taking care of invoice tracking, payment follow-ups, reconciliation and financial reporting.

Would you be open to a brief 20-minute call in the coming weeks to explore whether this could be useful for Fitek?

If this is not relevant to you, please let me know and I will not contact you again.

Kind regards,

Jacobs Roland
AI Automation Specialist | OpenClaw AI Agent Development
Email: savelroly@gmail.com",,,
info@apixmessaging.com,Finago Apix,Finland,High,Delivery failures in Apix sales-invoice email scanning,"Dear Finago Apix team,

I see that Apix Messaging, now part of Finago, offers e-invoicing, email scanning of sales invoices and business messaging.

Around the e-invoicing flows Finago Apix handles for its customers, there may be scope for an AI agent to handle e-invoice delivery failure alerts and operator support triage, working within the systems already in use.

I am Jacobs Roland, an AI automation specialist. I design and build OpenClaw-based AI agents that work alongside existing accounting, ERP and billing systems to handle invoice tracking, payment follow-ups, reconciliation and financial reporting.

Would a short introductory call in the coming weeks be convenient, to assess whether this could be relevant for Finago Apix?

If this is not relevant to you, please let me know and I will not contact you again.

Kind regards,

Jacobs Roland
AI Automation Specialist | OpenClaw AI Agent Development
Email: savelroly@gmail.com",,,
finance-support@zervant.com,Zervant (Ageras),Finland,High,Late payment letters and Instant Pay status at Zervant,"Dear Zervant team,

I see that Zervant, part of the Ageras group, offers Instant Pay invoice financing, recurring invoice profiles and late payment letter templates.

Around the invoicing workflows Zervant supports for its users, there may be scope for an AI agent to handle late-payment letter follow-ups and Instant Pay case status updates, working within the systems already in use.

My name is Jacobs Roland and I am an AI automation specialist. I build OpenClaw-based AI agents that operate alongside existing accounting, ERP and billing systems, supporting invoice tracking, payment follow-ups, reconciliation and financial reporting.

Would a short introductory call in the coming weeks be convenient, to assess whether this could be relevant for Zervant?

If this is not relevant to you, please let me know and I will not contact you again.

Kind regards,

Jacobs Roland
AI Automation Specialist | OpenClaw AI Agent Development
Email: savelroly@gmail.com",,,
support@kolecto.fr,Kolecto,France,High,Kolecto receivables digests for SME finance teams,"Dear Neïla,

I read the Kolecto blog comparison of leading electronic invoicing platforms, together with your guide to mandatory invoice mentions.

Around the invoicing and accounting workflows Kolecto supports, there may be scope to add an AI assistant that flags overdue Kolecto invoices and sends weekly cash-in summaries to SME owners, working within the systems already in use.

I am Jacobs Roland, an AI automation specialist who designs and builds OpenClaw-based AI agents. These agents work alongside existing accounting, ERP and billing systems to handle invoice tracking, payment follow-ups, reconciliation and financial reporting.

Would a short introductory call in the coming weeks be convenient, to assess whether this could be relevant for Kolecto?

If this is not relevant to you, please let me know and I will not contact you again.

Kind regards,

Jacobs Roland
AI Automation Specialist | OpenClaw AI Agent Development
Email: savelroly@gmail.com",,,
contact@rubypayeur.com,Rubypayeur,France,High,Collection case updates for Rubypayeur creditors,"Dear Rubypayeur team,

I see that Rubypayeur operates as an online collection firm and publishes a tutorial for connecting Rubypayeur with Evoliz.

Given the volume of debtor contact involved in collections, there may be scope for an AI agent to handle case intake from invoicing tools and debtor response triage, working within the systems already in use.

I am Jacobs Roland, an AI automation specialist. I design and build OpenClaw-based AI agents that work alongside existing accounting, ERP and billing systems to handle invoice tracking, payment follow-ups, reconciliation and financial reporting.

Would you be willing to have a short call in the coming weeks to consider whether this might be of value to Rubypayeur?

If this is not relevant to you, please let me know and I will not contact you again.

Kind regards,

Jacobs Roland
AI Automation Specialist | OpenClaw AI Agent Development
Email: savelroly@gmail.com",,,
contact@iopole.com,Iopole,France,High,E-invoice status checks for Iopole API clients,"Dear Iopole team,

I see that Iopole provides e-invoicing by API for the French reform.

Where e-invoices pass between senders, receivers and networks, there may be scope for an AI agent to handle status monitoring and rejection handling for e-invoices sent via API, working within the systems already in use.

My name is Jacobs Roland and I am an AI automation specialist. I build OpenClaw-based AI agents that operate alongside existing accounting, ERP and billing systems, supporting invoice tracking, payment follow-ups, reconciliation and financial reporting.

If it would be of interest, I would welcome a brief 20-minute conversation to explore whether this could support Iopole.

If this is not relevant to you, please let me know and I will not contact you again.

Kind regards,

Jacobs Roland
AI Automation Specialist | OpenClaw AI Agent Development
Email: savelroly@gmail.com",,,
contact@seqino.com,SEQINO (Axe innovation SAS),France,High,Rejected-invoice alerts for SEQINO clients,"Dear SEQINO team,

I see that SEQINO is certified as a Plateforme Agréée and also handles supplier invoice dematerialisation.

Around the e-invoicing flows SEQINO handles for its customers, there may be scope for an AI agent to handle e-invoice status follow-ups and payment reminders for SEQINO customers, working within the systems already in use.

My name is Jacobs Roland and I am an AI automation specialist. I build OpenClaw-based AI agents that operate alongside existing accounting, ERP and billing systems, supporting invoice tracking, payment follow-ups, reconciliation and financial reporting.

Would you be willing to have a short call in the coming weeks to consider whether this might be of value to SEQINO?

If this is not relevant to you, please let me know and I will not contact you again.

Kind regards,

Jacobs Roland
AI Automation Specialist | OpenClaw AI Agent Development
Email: savelroly@gmail.com",,,
contact@factomos.com,Factomos,France,High,Recouvrement tips turned into Factomos reminder agents,"Dear Factomos team,

I read the Factomos blog post on six good practices for anticipating the recovery of unpaid invoices.

Around the invoicing workflows Factomos supports for its users, there may be scope for an AI agent to handle overdue invoice reminders and weekly cash-in summaries for Factomos users, working within the systems already in use.

My name is Jacobs Roland and I am an AI automation specialist. I build OpenClaw-based AI agents that operate alongside existing accounting, ERP and billing systems, supporting invoice tracking, payment follow-ups, reconciliation and financial reporting.

Would a short introductory call in the coming weeks be convenient, to assess whether this could be relevant for Factomos?

If this is not relevant to you, please let me know and I will not contact you again.

Kind regards,

Jacobs Roland
AI Automation Specialist | OpenClaw AI Agent Development
Email: savelroly@gmail.com",,,
info@acubeapi.com,A-Cube API,Italy,High,Stripe payout and SDI invoice matching for A-Cube clients,"Dear A-Cube API team,

I noticed that A-Cube offers an e-invoicing app integrated directly into the Stripe dashboard.

Around the e-invoicing flows A-Cube API handles for its customers, there may be scope for an AI agent to handle reconciliation between Stripe payments and SDI e-invoices, with alerts for mismatches, working within the systems already in use.

I am Jacobs Roland, an AI automation specialist who designs and builds OpenClaw-based AI agents. These agents work alongside existing accounting, ERP and billing systems to handle invoice tracking, payment follow-ups, reconciliation and financial reporting.

Would a short introductory call in the coming weeks be convenient, to assess whether this could be relevant for A-Cube API?

If this is not relevant to you, please let me know and I will not contact you again.

Kind regards,

Jacobs Roland
AI Automation Specialist | OpenClaw AI Agent Development
Email: savelroly@gmail.com",,,
blue10@blue10.com,Blue10,Netherlands,High,Supplier invoice exceptions in Blue10 mailboxes,"Dear Blue10 team,

I see that Blue10 lets companies set a dedicated email address per company for supplier invoices, with automatic forwarding from their own mailbox.

Around the invoicing and accounting workflows Blue10 supports, there may be scope for an AI agent to handle exception handling and supplier follow-ups around Blue10 invoice mailboxes, working within the systems already in use.

I am Jacobs Roland, an AI automation specialist who designs and builds OpenClaw-based AI agents. These agents work alongside existing accounting, ERP and billing systems to handle invoice tracking, payment follow-ups, reconciliation and financial reporting.

Would a short introductory call in the coming weeks be convenient, to assess whether this could be relevant for Blue10?

If this is not relevant to you, please let me know and I will not contact you again.

Kind regards,

Jacobs Roland
AI Automation Specialist | OpenClaw AI Agent Development
Email: savelroly@gmail.com",,,
contact@onguard.com,Onguard,Netherlands,High,Debtor reply classification alongside Onguard,"Dear Onguard team,

I see that Onguard runs a credit management and order-to-cash platform with dedicated support for its customers.

Given the volume of debtor contact involved in collections, there may be scope to add AI agents next to Onguard that classify debtor replies, flag payment promises and prepare daily collection summaries, working within the systems already in use.

I am Jacobs Roland, an AI automation specialist. I design and build OpenClaw-based AI agents that work alongside existing accounting, ERP and billing systems to handle invoice tracking, payment follow-ups, reconciliation and financial reporting.

Would a short introductory call in the coming weeks be convenient, to assess whether this could be relevant for Onguard?

If this is not relevant to you, please let me know and I will not contact you again.

Kind regards,

Jacobs Roland
AI Automation Specialist | OpenClaw AI Agent Development
Email: savelroly@gmail.com",,,
info@paytsoftware.com,Payt,Netherlands,High,Disputed invoice follow-ups around Payt,"Dear Payt team,

I noticed that Payt offers accounts receivable software supported by a service desk and help articles on setting up email for reminders.

Alongside the receivables and collection work Payt supports, there may be scope to build AI agents around Payt that summarize overdue accounts, draft personal follow-ups for disputed invoices and push weekly AR reports, working within the systems already in use.

My name is Jacobs Roland and I am an AI automation specialist. I build OpenClaw-based AI agents that operate alongside existing accounting, ERP and billing systems, supporting invoice tracking, payment follow-ups, reconciliation and financial reporting.

Would you be open to a brief 20-minute call in the coming weeks to explore whether this could be useful for Payt?

If this is not relevant to you, please let me know and I will not contact you again.

Kind regards,

Jacobs Roland
AI Automation Specialist | OpenClaw AI Agent Development
Email: savelroly@gmail.com",,,
sales@ultimoo.nl,Ultimoo,Netherlands,High,Client-side AR reporting at Ultimoo,"Dear Ultimoo team,

I see that Ultimoo describes itself as combining data, AI and empathy, and offers accounts receivable management and international debt collection.

Given the volume of debtor contact involved in collections, there may be scope for an AI agent to handle client status reports and promise-to-pay tracking in Ultimoo's AR management service, working within the systems already in use.

I am Jacobs Roland, an AI automation specialist who designs and builds OpenClaw-based AI agents. These agents work alongside existing accounting, ERP and billing systems to handle invoice tracking, payment follow-ups, reconciliation and financial reporting.

Would you be willing to have a short call in the coming weeks to consider whether this might be of value to Ultimoo?

If this is not relevant to you, please let me know and I will not contact you again.

Kind regards,

Jacobs Roland
AI Automation Specialist | OpenClaw AI Agent Development
Email: savelroly@gmail.com",,,
info@vestingfinance.nl,Vesting Finance,Netherlands,High,Receivables reporting for Vesting Finance clients,"Dear Vesting Finance team,

I see that Vesting Finance offers receivables management and collection services from Amersfoort.

Given the invoicing and administration work handled on behalf of clients, there may be scope for an AI agent to handle case status updates, debtor reply classification and client reporting for collection files, working within the systems already in use.

I am Jacobs Roland, an AI automation specialist. I design and build OpenClaw-based AI agents that work alongside existing accounting, ERP and billing systems to handle invoice tracking, payment follow-ups, reconciliation and financial reporting.

Would you be open to a brief 20-minute call in the coming weeks to explore whether this could be useful for Vesting Finance?

If this is not relevant to you, please let me know and I will not contact you again.

Kind regards,

Jacobs Roland
AI Automation Specialist | OpenClaw AI Agent Development
Email: savelroly@gmail.com",,,
helpdesk@wefact.nl,WeFact B.V.,Netherlands,High,Invoice and subscription reminders for WeFact users,"Dear WeFact team,

I see that WeFact offers invoicing, quotes and subscription billing software and documents exports to SnelStart.

As invoices issued through WeFact move from sending to payment, there may be scope for an AI agent to handle overdue subscription invoice follow-ups and reconciliation checks between WeFact and SnelStart, working within the systems already in use.

I am Jacobs Roland, an AI automation specialist who designs and builds OpenClaw-based AI agents. These agents work alongside existing accounting, ERP and billing systems to handle invoice tracking, payment follow-ups, reconciliation and financial reporting.

If it would be of interest, I would welcome a brief 20-minute conversation to explore whether this could support WeFact.

If this is not relevant to you, please let me know and I will not contact you again.

Kind regards,

Jacobs Roland
AI Automation Specialist | OpenClaw AI Agent Development
Email: savelroly@gmail.com",,,
support@two.inc,Two,Norway,High,Buyer invoice questions after Two's Invoice Editor release,"Dear Two team,

I noticed that Two has released an Invoice Editor and supports EHF invoicing and a buyer portal for B2B payment terms.

Given the link between payments, invoices and reconciliation in this area, there may be scope for an AI agent to handle buyer invoice queries and merchant order-to-invoice exception reports, working within the systems already in use.

My name is Jacobs Roland and I am an AI automation specialist. I build OpenClaw-based AI agents that operate alongside existing accounting, ERP and billing systems, supporting invoice tracking, payment follow-ups, reconciliation and financial reporting.

Would you be willing to have a short call in the coming weeks to consider whether this might be of value to Two?

If this is not relevant to you, please let me know and I will not contact you again.

Kind regards,

Jacobs Roland
AI Automation Specialist | OpenClaw AI Agent Development
Email: savelroly@gmail.com",,,
biuro@vindicat.pl,Vindicat,Poland,High,Staged collection messaging for Vindicat creditors,"Dear Vindicat team,

I noticed that Vindicat runs a debt collection platform with multi-channel SMS and email messaging to debtors.

Given the volume of debtor contact involved in collections, there may be scope for an AI agent to handle staged collection messaging reports and creditor case updates, working within the systems already in use.

I am Jacobs Roland, an AI automation specialist who designs and builds OpenClaw-based AI agents. These agents work alongside existing accounting, ERP and billing systems to handle invoice tracking, payment follow-ups, reconciliation and financial reporting.

Would you be willing to have a short call in the coming weeks to consider whether this might be of value to Vindicat?

If this is not relevant to you, please let me know and I will not contact you again.

Kind regards,

Jacobs Roland
AI Automation Specialist | OpenClaw AI Agent Development
Email: savelroly@gmail.com",,,
ventas@verifacti.com,Verifacti,Spain,High,Out-of-hours AEAT error triage for Verifacti,"Dear Verifacti team,

I noticed that Verifacti provides a Verifactu API for submitting invoice records to the AEAT, with a dedicated channel for critical failures outside business hours.

Around the e-invoicing flows Verifacti handles for its customers, there may be scope for an AI agent to handle monitoring of AEAT submission errors and customer notifications for Verifactu API users, working within the systems already in use.

I am Jacobs Roland, an AI automation specialist who designs and builds OpenClaw-based AI agents. These agents work alongside existing accounting, ERP and billing systems to handle invoice tracking, payment follow-ups, reconciliation and financial reporting.

Would a short introductory call in the coming weeks be convenient, to assess whether this could be relevant for Verifacti?

If this is not relevant to you, please let me know and I will not contact you again.

Kind regards,

Jacobs Roland
AI Automation Specialist | OpenClaw AI Agent Development
Email: savelroly@gmail.com",,,
sales@wint.se,Wint,Sweden,High,Receipt chasing in Wint's automated bookkeeping,"Dear Wint team,

I see that Wint provides an automated accounting service combining software and accountants for Swedish companies.

With a broad portfolio of client administrations to keep current, there may be scope for an AI agent to handle client receipt chasing and monthly finance reports, working within the systems already in use.

I am Jacobs Roland, an AI automation specialist. I design and build OpenClaw-based AI agents that work alongside existing accounting, ERP and billing systems to handle invoice tracking, payment follow-ups, reconciliation and financial reporting.

If it would be of interest, I would welcome a brief 20-minute conversation to explore whether this could support Wint.

If this is not relevant to you, please let me know and I will not contact you again.

Kind regards,

Jacobs Roland
AI Automation Specialist | OpenClaw AI Agent Development
Email: savelroly@gmail.com",,,
support@billecta.com,Billecta,Sweden,High,Overdue-invoice summaries on top of the Billecta API,"Dear Billecta team,

I see that Billecta runs an invoicing and payments platform with a public API, SDKs and a customer-service knowledge base.

Alongside the receivables and collection work Billecta supports, there may be scope for an AI agent to handle reconciliation alerts and overdue-invoice summaries across Billecta API clients, working within the systems already in use.

I am Jacobs Roland, an AI automation specialist. I design and build OpenClaw-based AI agents that work alongside existing accounting, ERP and billing systems to handle invoice tracking, payment follow-ups, reconciliation and financial reporting.

Would you be open to a brief 20-minute call in the coming weeks to explore whether this could be useful for Billecta?

If this is not relevant to you, please let me know and I will not contact you again.

Kind regards,

Jacobs Roland
AI Automation Specialist | OpenClaw AI Agent Development
Email: savelroly@gmail.com",,,
support@billogram.com,Billogram,Sweden,High,Invoice chat triage on Billogram interactive invoices,"Dear Billogram team,

I noticed that Billogram distributes invoices by email, SMS, digital mailbox and post, and offers interactive invoices with chat.

Given the volume of debtor contact involved in collections, there may be scope for an AI agent to handle invoice dispute triage and invoice-to-cash reporting, working within the systems already in use.

My name is Jacobs Roland and I am an AI automation specialist. I build OpenClaw-based AI agents that operate alongside existing accounting, ERP and billing systems, supporting invoice tracking, payment follow-ups, reconciliation and financial reporting.

Would you be willing to have a short call in the coming weeks to consider whether this might be of value to Billogram?

If this is not relevant to you, please let me know and I will not contact you again.

Kind regards,

Jacobs Roland
AI Automation Specialist | OpenClaw AI Agent Development
Email: savelroly@gmail.com",,,
kundtjanst@inkassogram.se,Inkassogram,Sweden,High,Reminder handovers in Inkassogram's Fakturaservice,"Dear Inkassogram team,

I see that Inkassogram offers free reminders and collection, and a Fakturaservice through Waya covering invoicing and payment reconciliation.

Alongside the receivables and collection work Inkassogram supports, there may be scope for an AI agent to handle reminder-to-collection handover reports and client case updates, working within the systems already in use.

I am Jacobs Roland, an AI automation specialist who designs and builds OpenClaw-based AI agents. These agents work alongside existing accounting, ERP and billing systems to handle invoice tracking, payment follow-ups, reconciliation and financial reporting.

If it would be of interest, I would welcome a brief 20-minute conversation to explore whether this could support Inkassogram.

If this is not relevant to you, please let me know and I will not contact you again.

Kind regards,

Jacobs Roland
AI Automation Specialist | OpenClaw AI Agent Development
Email: savelroly@gmail.com",,,
info@inexchange.se,InExchange,Sweden,High,Supplier e-invoice rejections at InExchange,"Dear InExchange team,

I noticed that InExchange offers supplier-invoice handling and e-invoicing services for Swedish companies.

Where e-invoices pass between senders, receivers and networks, there may be scope for an AI agent to handle e-invoice rejection follow-ups and supplier onboarding status reports, working within the systems already in use.

My name is Jacobs Roland and I am an AI automation specialist. I build OpenClaw-based AI agents that operate alongside existing accounting, ERP and billing systems, supporting invoice tracking, payment follow-ups, reconciliation and financial reporting.

Would you be open to a brief 20-minute call in the coming weeks to explore whether this could be useful for InExchange?

If this is not relevant to you, please let me know and I will not contact you again.

Kind regards,

Jacobs Roland
AI Automation Specialist | OpenClaw AI Agent Development
Email: savelroly@gmail.com",,,
info@findea.ch,Findea AG,Switzerland,High,Winterthur Treuhand workload: Findea's client documents,"Dear Findea team,

I understand that Findea AG provides fiduciary, accounting and payroll services from Winterthur.

With a broad portfolio of client administrations to keep current, there may be scope for an AI agent to handle document collection, invoice extraction and client reports, working within the systems already in use.

My name is Jacobs Roland and I am an AI automation specialist. I build OpenClaw-based AI agents that operate alongside existing accounting, ERP and billing systems, supporting invoice tracking, payment follow-ups, reconciliation and financial reporting.

If it would be of interest, I would welcome a brief 20-minute conversation to explore whether this could support Findea.

If this is not relevant to you, please let me know and I will not contact you again.

Kind regards,

Jacobs Roland
AI Automation Specialist | OpenClaw AI Agent Development
Email: savelroly@gmail.com",,,
hey@numarics.com,Numarics AG,Switzerland,High,Agent support for Numarics as a digital Treuhänder,"Dear Dominique,

I noticed that Numarics positions itself as 'Der Digitale Treuhänder für KMUs' from its base in Baar.

Given the volume of client bookkeeping and invoicing a practice of this kind manages, there may be scope for an AI agent to handle client document follow-ups, invoice extraction and monthly SME reporting for a digital Treuhand model, working within the systems already in use.

I am Jacobs Roland, an AI automation specialist who designs and builds OpenClaw-based AI agents. These agents work alongside existing accounting, ERP and billing systems to handle invoice tracking, payment follow-ups, reconciliation and financial reporting.

Would a short introductory call in the coming weeks be convenient, to assess whether this could be relevant for Numarics?

If this is not relevant to you, please let me know and I will not contact you again.

Kind regards,

Jacobs Roland
AI Automation Specialist | OpenClaw AI Agent Development
Email: savelroly@gmail.com",,,
welcome@runmyaccounts.com,Run my Accounts AG,Switzerland,High,Receipt intake and client reminders at Run my Accounts,"Dear Run my Accounts team,

I noticed that Run my Accounts provides online bookkeeping as a service for Swiss SMEs from Stäfa.

Given the volume of client bookkeeping and invoicing a practice of this kind manages, there may be scope for an AI agent to handle document chasing, invoice data extraction and open-item reconciliation across bookkeeping clients, working within the systems already in use.

My name is Jacobs Roland and I am an AI automation specialist. I build OpenClaw-based AI agents that operate alongside existing accounting, ERP and billing systems, supporting invoice tracking, payment follow-ups, reconciliation and financial reporting.

Would you be willing to have a short call in the coming weeks to consider whether this might be of value to Run my Accounts?

If this is not relevant to you, please let me know and I will not contact you again.

Kind regards,

Jacobs Roland
AI Automation Specialist | OpenClaw AI Agent Development
Email: savelroly@gmail.com",,,
info@truvag.ch,Truvag Treuhand AG,Switzerland,High,Truvag Kundenportal and missing-document reminders,"Dear Truvag Treuhand team,

I see that Truvag offers a client portal (Kundenportal) and Rechnungswesen services from Sursee, Luzern, Willisau and Reiden.

With a broad portfolio of client administrations to keep current, there may be scope for an AI agent to handle missing-document reminders and client reports around the Truvag Kundenportal, working within the systems already in use.

I am Jacobs Roland, an AI automation specialist who designs and builds OpenClaw-based AI agents. These agents work alongside existing accounting, ERP and billing systems to handle invoice tracking, payment follow-ups, reconciliation and financial reporting.

If it would be of interest, I would welcome a brief 20-minute conversation to explore whether this could support Truvag Treuhand.

If this is not relevant to you, please let me know and I will not contact you again.

Kind regards,

Jacobs Roland
AI Automation Specialist | OpenClaw AI Agent Development
Email: savelroly@gmail.com",,,
kontakt@axept.ch,Axept Business Software AG,Switzerland,High,Abacus project add-ons for Axept clients,"Dear Axept Business Software team,

I noticed that Axept is an Abacus ERP partner that publishes an online magazine with Abacus how-to content.

Within the ERP environments Axept Business Software works with, there may be scope for an AI agent to handle receivables follow-ups and finance reporting for Abacus clients as an implementation add-on, working within the systems already in use.

My name is Jacobs Roland and I am an AI automation specialist. I build OpenClaw-based AI agents that operate alongside existing accounting, ERP and billing systems, supporting invoice tracking, payment follow-ups, reconciliation and financial reporting.

Would you be open to a brief 20-minute call in the coming weeks to explore whether this could be useful for Axept Business Software?

If this is not relevant to you, please let me know and I will not contact you again.

Kind regards,

Jacobs Roland
AI Automation Specialist | OpenClaw AI Agent Development
Email: savelroly@gmail.com",,,
info@braintec.com,braintec AG,Switzerland,High,Odoo invoicing follow-ups for braintec clients,"Dear braintec team,

I see that braintec is an Odoo partner with offices in Zurich, Basel, Brig and Germany, and publishes Odoo release notes.

For businesses whose finance processes run on the ERP systems braintec supports, there may be scope for an AI agent to handle Odoo AR follow-ups, invoice queries and weekly finance reports for braintec clients, working within the systems already in use.

I am Jacobs Roland, an AI automation specialist who designs and builds OpenClaw-based AI agents. These agents work alongside existing accounting, ERP and billing systems to handle invoice tracking, payment follow-ups, reconciliation and financial reporting.

Would you be willing to have a short call in the coming weeks to consider whether this might be of value to braintec?

If this is not relevant to you, please let me know and I will not contact you again.

Kind regards,

Jacobs Roland
AI Automation Specialist | OpenClaw AI Agent Development
Email: savelroly@gmail.com",,,
support@accountable.eu,Accountable,Belgium,Medium,Tax-prep summaries for Accountable freelancers,"Dear Accountable team,

I read Accountable's comparison with Billit for Belgian self-employed users.

There may be scope to automate invoice reminders and tax-preparation summaries for freelancers using Accountable.

I am Jacobs Roland, an AI automation specialist. I design and build OpenClaw-based AI agents that work alongside existing accounting, ERP and billing systems to handle invoice tracking, payment follow-ups, reconciliation and financial reporting.

Would you be willing to have a short 20-minute conversation in the coming weeks to consider whether this might be of value to Accountable?

If this is not relevant to you, please let me know and I will not contact you again.

Kind regards,

Jacobs Roland
AI Automation Specialist | OpenClaw AI Agent Development
Email: savelroly@gmail.com",,,
support@billtobox.com,Billtobox,Belgium,Medium,Document chasing for Billtobox accountants,"Dear Billtobox team,

I noted that Billtobox positions itself as the digital link between entrepreneurs and accountants.

There may be scope to automate document chasing and invoice exception alerts for accountants.

I am Jacobs Roland, an AI automation specialist. I build OpenClaw-based AI agents that operate alongside existing accounting, ERP and billing systems, taking care of invoice tracking, payment follow-ups, reconciliation and financial reporting.

If it would be helpful, I would welcome a brief 20-minute call at a time that suits you to discuss whether this could be useful for Billtobox.

If this is not relevant to you, please let me know and I will not contact you again.

Kind regards,

Jacobs Roland
AI Automation Specialist | OpenClaw AI Agent Development
Email: savelroly@gmail.com",,,
info@clearfacts.be,Clearfacts,Belgium,Medium,Invoice exception alerts for Clearfacts accounting firms,"Dear Clearfacts team,

I noted that Clearfacts positions itself as the digital highway between accountants and entrepreneurs.

There may be scope to automate document chasing and invoice exception alerts for accounting firms on Clearfacts.

My name is Jacobs Roland, and I am an AI automation specialist. I design OpenClaw-based AI agents that work with existing accounting, ERP and billing systems to support invoice tracking, payment follow-ups, reconciliation and financial reporting.

Might you be open to a short call of around 20 minutes in the coming weeks to assess whether this could support Clearfacts?

If this is not relevant to you, please let me know and I will not contact you again.

Kind regards,

Jacobs Roland
AI Automation Specialist | OpenClaw AI Agent Development
Email: savelroly@gmail.com",,,
info@horussoftware.be,Horus Software,Belgium,Medium,Weekly reporting for accounting firms on Horus,"Dear Horus team,

I understand that Horus is a Belgian accounting program supported by a dedicated phone line.

There may be scope to automate invoice data entry checks and weekly reporting for accounting firms on Horus.

I am Jacobs Roland, an AI automation specialist. I design and build OpenClaw-based AI agents that work alongside existing accounting, ERP and billing systems to handle invoice tracking, payment follow-ups, reconciliation and financial reporting.

Would you be open to a brief 20-minute call in the coming weeks to explore whether this could be useful for Horus?

If this is not relevant to you, please let me know and I will not contact you again.

Kind regards,

Jacobs Roland
AI Automation Specialist | OpenClaw AI Agent Development
Email: savelroly@gmail.com",,,
info@mercator.eu,Mercator,Belgium,Medium,Invoice reminders for Mercator software users,"Dear Mercator team,

I understand that Mercator provides accounting and ERP software for businesses.

There may be scope to automate invoice reminders and reporting for Mercator users.

I am Jacobs Roland, an AI automation specialist. I build OpenClaw-based AI agents that operate alongside existing accounting, ERP and billing systems, taking care of invoice tracking, payment follow-ups, reconciliation and financial reporting.

Would you be willing to have a short 20-minute conversation in the coming weeks to consider whether this might be of value to Mercator?

If this is not relevant to you, please let me know and I will not contact you again.

Kind regards,

Jacobs Roland
AI Automation Specialist | OpenClaw AI Agent Development
Email: savelroly@gmail.com",,,
info@octopus.be,Octopus,Belgium,Medium,Unpaid invoice follow-ups for Octopus users,"Dear Octopus team,

I noted that Octopus offers online accounting software for entrepreneurs and accountants, with a client portal.

There may be scope to automate unpaid invoice follow-ups and client portal reminders.

My name is Jacobs Roland, and I am an AI automation specialist. I design OpenClaw-based AI agents that work with existing accounting, ERP and billing systems to support invoice tracking, payment follow-ups, reconciliation and financial reporting.

If it would be helpful, I would welcome a brief 20-minute call at a time that suits you to discuss whether this could be useful for Octopus.

If this is not relevant to you, please let me know and I will not contact you again.

Kind regards,

Jacobs Roland
AI Automation Specialist | OpenClaw AI Agent Development
Email: savelroly@gmail.com",,,
info@robaws.com,Robaws,Belgium,Medium,Invoice sync checks between Robaws and Yuki,"Dear Robaws team,

I noted that Robaws, based in Zwevegem, provides ERP for contractors and integrates with Yuki.

There may be scope to automate invoice sync checks between Robaws and Yuki, together with overdue reminders.

I am Jacobs Roland, an AI automation specialist. I build OpenClaw-based AI agents that operate alongside existing accounting, ERP and billing systems, taking care of invoice tracking, payment follow-ups, reconciliation and financial reporting.

Would you be open to a brief 20-minute call in the coming weeks to explore whether this could be useful for Robaws?

If this is not relevant to you, please let me know and I will not contact you again.

Kind regards,

Jacobs Roland
AI Automation Specialist | OpenClaw AI Agent Development
Email: savelroly@gmail.com",,,
info@babelway.com,Babelway,Belgium,Medium,Failed invoice message handling for Babelway,"Dear Babelway team,

I noted that Babelway offers B2B integration, including email-based integration straight from ERP systems.

There may be scope to automate exception handling and partner notifications for failed invoice messages.

My name is Jacobs Roland, and I am an AI automation specialist. I design OpenClaw-based AI agents that work with existing accounting, ERP and billing systems to support invoice tracking, payment follow-ups, reconciliation and financial reporting.

Would you be willing to have a short 20-minute conversation in the coming weeks to consider whether this might be of value to Babelway?

If this is not relevant to you, please let me know and I will not contact you again.

Kind regards,

Jacobs Roland
AI Automation Specialist | OpenClaw AI Agent Development
Email: savelroly@gmail.com",,,
welcome@banqup.com,Banqup (Unifiedpost),Belgium,Medium,Delivery-channel follow-ups on the Banqup Network,"Dear Banqup team,

I understand that Banqup operates the Banqup Network and lets users add delivery channels for their customers.

There may be scope to automate delivery-channel follow-ups and payment status reports.

I am Jacobs Roland, an AI automation specialist. I design and build OpenClaw-based AI agents that work alongside existing accounting, ERP and billing systems to handle invoice tracking, payment follow-ups, reconciliation and financial reporting.

If it would be helpful, I would welcome a brief 20-minute call at a time that suits you to discuss whether this could be useful for Banqup.

If this is not relevant to you, please let me know and I will not contact you again.

Kind regards,

Jacobs Roland
AI Automation Specialist | OpenClaw AI Agent Development
Email: savelroly@gmail.com",,,
accountants@doccle.be,Doccle,Belgium,Medium,Accountant notifications for Doccle documents,"Dear Doccle team,

I noted that Doccle has a dedicated FAQ and mailbox for accountants and handles Peppol registration.

There may be scope to automate document delivery checks and accountant notifications.

I am Jacobs Roland, an AI automation specialist. I build OpenClaw-based AI agents that operate alongside existing accounting, ERP and billing systems, taking care of invoice tracking, payment follow-ups, reconciliation and financial reporting.

Might you be open to a short call of around 20 minutes in the coming weeks to assess whether this could support Doccle?

If this is not relevant to you, please let me know and I will not contact you again.

Kind regards,

Jacobs Roland
AI Automation Specialist | OpenClaw AI Agent Development
Email: savelroly@gmail.com",,,
info@dokapi.io,Dokapi,Belgium,Medium,Document status monitoring across Dokapi routes,"Dear Dokapi team,

I noted that Dokapi is active in more than 30 European countries and has launched a Germany e-invoicing API.

There may be scope to automate document status monitoring and client notifications across those routes.

My name is Jacobs Roland, and I am an AI automation specialist. I design OpenClaw-based AI agents that work with existing accounting, ERP and billing systems to support invoice tracking, payment follow-ups, reconciliation and financial reporting.

Would you be open to a brief 20-minute call in the coming weeks to explore whether this could be useful for Dokapi?

If this is not relevant to you, please let me know and I will not contact you again.

Kind regards,

Jacobs Roland
AI Automation Specialist | OpenClaw AI Agent Development
Email: savelroly@gmail.com",,,
support@peppyrus.be,Peppyrus,Belgium,Medium,Onboarding follow-ups for Peppyrus access point users,"Dear Peppyrus team,

I noted that Peppyrus, based in Zaventem, positions itself as 'your free Peppol Access Point'.

With small firms joining a free access point, there may be scope to automate onboarding follow-ups and status alerts.

I am Jacobs Roland, an AI automation specialist. I design and build OpenClaw-based AI agents that work alongside existing accounting, ERP and billing systems to handle invoice tracking, payment follow-ups, reconciliation and financial reporting.

Would you be willing to have a short 20-minute conversation in the coming weeks to consider whether this might be of value to Peppyrus?

If this is not relevant to you, please let me know and I will not contact you again.

Kind regards,

Jacobs Roland
AI Automation Specialist | OpenClaw AI Agent Development
Email: savelroly@gmail.com",,,
helpdesk@codabox.com,Codabox,Belgium,Medium,Invoice flow exception alerts for Codabox accountants,"Dear Codabox team,

I noted that Codabox runs VOILA and MyCodabox for managing services and companies, including client email verification.

There may be scope to automate client verification follow-ups and invoice flow exception alerts for accountants.

I am Jacobs Roland, an AI automation specialist. I design and build OpenClaw-based AI agents that work alongside existing accounting, ERP and billing systems to handle invoice tracking, payment follow-ups, reconciliation and financial reporting.

Would you be open to a brief 20-minute call in the coming weeks to explore whether this could be useful for Codabox?

If this is not relevant to you, please let me know and I will not contact you again.

Kind regards,

Jacobs Roland
AI Automation Specialist | OpenClaw AI Agent Development
Email: savelroly@gmail.com",,,
support@onfact.be,onFact,Belgium,Medium,Payment reminders for onFact invoicing users,"Dear onFact team,

I noted that onFact connects its invoicing program with the Billtobox accounting platform.

There may be scope to automate payment reminders and the handover of documents to accountants.

I am Jacobs Roland, an AI automation specialist. I build OpenClaw-based AI agents that operate alongside existing accounting, ERP and billing systems, taking care of invoice tracking, payment follow-ups, reconciliation and financial reporting.

Would you be willing to have a short 20-minute conversation in the coming weeks to consider whether this might be of value to onFact?

If this is not relevant to you, please let me know and I will not contact you again.

Kind regards,

Jacobs Roland
AI Automation Specialist | OpenClaw AI Agent Development
Email: savelroly@gmail.com",,,
support@digiteal.eu,Digiteal,Belgium,Medium,Payment matching on Digiteal invoices,"Dear Digiteal team,

I understand that Digiteal combines e-invoicing and payments and publishes an API for its platform.

There may be scope to build payment matching and reminder workflows on top of Digiteal invoices.

My name is Jacobs Roland, and I am an AI automation specialist. I design OpenClaw-based AI agents that work with existing accounting, ERP and billing systems to support invoice tracking, payment follow-ups, reconciliation and financial reporting.

If it would be helpful, I would welcome a brief 20-minute call at a time that suits you to discuss whether this could be useful for Digiteal.

If this is not relevant to you, please let me know and I will not contact you again.

Kind regards,

Jacobs Roland
AI Automation Specialist | OpenClaw AI Agent Development
Email: savelroly@gmail.com",,,
info@bogholderiet.dk,Bogholderiet.dk,Denmark,Medium,Bank reconciliation exceptions at Bogholderiet.dk,"Dear Bogholderiet.dk team,

I understand that Bogholderiet.dk provides bookkeeping, VAT accounting and bank reconciliation.

There may be scope to automate the handling of bank reconciliation exceptions and VAT-period reminders.

I am Jacobs Roland, an AI automation specialist. I design and build OpenClaw-based AI agents that work alongside existing accounting, ERP and billing systems to handle invoice tracking, payment follow-ups, reconciliation and financial reporting.

Might you be open to a short call of around 20 minutes in the coming weeks to assess whether this could support Bogholderiet.dk?

If this is not relevant to you, please let me know and I will not contact you again.

Kind regards,

Jacobs Roland
AI Automation Specialist | OpenClaw AI Agent Development
Email: savelroly@gmail.com",,,
hello@meneto.dk,Meneto,Denmark,Medium,Bookkeeper status reports for Meneto clients,"Dear Meneto team,

I noted that Meneto bundles a fixed accountant, bookkeeper and accounting software with invoicing and quotes.

There may be scope to automate client invoice follow-ups and bookkeeper status reports.

I am Jacobs Roland, an AI automation specialist. I build OpenClaw-based AI agents that operate alongside existing accounting, ERP and billing systems, taking care of invoice tracking, payment follow-ups, reconciliation and financial reporting.

Would you be open to a brief 20-minute call in the coming weeks to explore whether this could be useful for Meneto?

If this is not relevant to you, please let me know and I will not contact you again.

Kind regards,

Jacobs Roland
AI Automation Specialist | OpenClaw AI Agent Development
Email: savelroly@gmail.com",,,
info@smartaccounts.eu,SmartAccounts,Estonia,Medium,E-invoice activation follow-ups for SmartAccounts,"Dear SmartAccounts team,

I read SmartAccounts' tips on creating sales invoices and its guidance on activating e-invoice sending.

There may be scope to automate e-invoice activation follow-ups and sales invoice reminder reports.

I am Jacobs Roland, an AI automation specialist. I build OpenClaw-based AI agents that operate alongside existing accounting, ERP and billing systems, taking care of invoice tracking, payment follow-ups, reconciliation and financial reporting.

Would you be willing to have a short 20-minute conversation in the coming weeks to consider whether this might be of value to SmartAccounts?

If this is not relevant to you, please let me know and I will not contact you again.

Kind regards,

Jacobs Roland
AI Automation Specialist | OpenClaw AI Agent Development
Email: savelroly@gmail.com",,,
helpdesk@administer.fi,Administer,Finland,Medium,Sales-invoice exceptions across Administer offices,"Dear Administer team,

I noted that Administer, founded in 1985, runs bookkeeping and sales and purchase invoice processing from offices across Finland.

There may be scope to automate sales-invoice processing exceptions and client reporting across those offices.

I am Jacobs Roland, an AI automation specialist. I design and build OpenClaw-based AI agents that work alongside existing accounting, ERP and billing systems to handle invoice tracking, payment follow-ups, reconciliation and financial reporting.

If it would be helpful, I would welcome a brief 20-minute call at a time that suits you to discuss whether this could be useful for Administer.

If this is not relevant to you, please let me know and I will not contact you again.

Kind regards,

Jacobs Roland
AI Automation Specialist | OpenClaw AI Agent Development
Email: savelroly@gmail.com",,,
sales@rantalainen.fi,Rantalainen,Finland,Medium,Monthly reporting packs for Rantalainen clients,"Dear Rantalainen team,

I understand that Rantalainen offers accounting, tax reporting and tax advice to entrepreneurs and international companies.

There may be scope to automate client document requests and monthly reporting packs.

I am Jacobs Roland, an AI automation specialist. I build OpenClaw-based AI agents that operate alongside existing accounting, ERP and billing systems, taking care of invoice tracking, payment follow-ups, reconciliation and financial reporting.

Might you be open to a short call of around 20 minutes in the coming weeks to assess whether this could support Rantalainen?

If this is not relevant to you, please let me know and I will not contact you again.

Kind regards,

Jacobs Roland
AI Automation Specialist | OpenClaw AI Agent Development
Email: savelroly@gmail.com",,,
myynti@fennoa.com,Fennoa,Finland,Medium,Receivables reports via the Fennoa sales invoice API,"Dear Fennoa team,

I noted that Fennoa exposes customer and sales invoice APIs and integrates with Flow Invoicing.

There may be scope to automate monitoring through the sales-invoice API and the related receivables reports.

My name is Jacobs Roland, and I am an AI automation specialist. I design OpenClaw-based AI agents that work with existing accounting, ERP and billing systems to support invoice tracking, payment follow-ups, reconciliation and financial reporting.

Would you be open to a brief 20-minute call in the coming weeks to explore whether this could be useful for Fennoa?

If this is not relevant to you, please let me know and I will not contact you again.

Kind regards,

Jacobs Roland
AI Automation Specialist | OpenClaw AI Agent Development
Email: savelroly@gmail.com",,,
asiakaspalvelu@procountor.com,Procountor,Finland,Medium,E-invoice error handling for Procountor users,"Dear Procountor team,

I noticed that Procountor documents e-invoicing, contract invoicing and invoice-channel handling in detail in its help centre.

For a platform that many businesses rely on for invoicing and accounting, there may be scope for an AI agent to handle e-invoice error follow-ups and contract invoicing status reports, working within the systems already in use.

I am Jacobs Roland, an AI automation specialist. I design and build OpenClaw-based AI agents that work alongside existing accounting, ERP and billing systems to handle invoice tracking, payment follow-ups, reconciliation and financial reporting.

Would you be open to a brief 20-minute call in the coming weeks to explore whether this could be useful for Procountor?

If this is not relevant to you, please let me know and I will not contact you again.

Kind regards,

Jacobs Roland
AI Automation Specialist | OpenClaw AI Agent Development
Email: savelroly@gmail.com",,,
taloushallinto@lemonsoft.fi,Lemonsoft,Finland,Medium,ERP invoice follow-ups for Lemonsoft customers,"Dear Lemonsoft team,

I noticed that Lemonsoft offers its ERP with integrated invoicing and dedicated customer support services.

Within the invoicing and finance features of business software such as Lemonsoft, there may be scope for an AI agent to handle ERP invoice follow-ups and finance reports for SME customers, working within the systems already in use.

I am Jacobs Roland, an AI automation specialist who designs and builds OpenClaw-based AI agents. These agents work alongside existing accounting, ERP and billing systems to handle invoice tracking, payment follow-ups, reconciliation and financial reporting.

If it would be of interest, I would welcome a brief 20-minute conversation to explore whether this could support Lemonsoft.

If this is not relevant to you, please let me know and I will not contact you again.

Kind regards,

Jacobs Roland
AI Automation Specialist | OpenClaw AI Agent Development
Email: savelroly@gmail.com",,,
startti.kevytyrittajat@eezy.fi,Eezy Kevytyrittäjät,Finland,Medium,EezyPay payment status for light entrepreneurs,"Dear Eezy Kevytyrittäjät team,

I noticed that Eezy's light entrepreneur service allows users to invoice without a business ID and to send EezyPay payment pages.

Given the invoicing and administration work handled on behalf of clients, there may be scope for an AI agent to handle invoice and EezyPay payment status updates for light entrepreneurs, working within the systems already in use.

My name is Jacobs Roland and I am an AI automation specialist. I build OpenClaw-based AI agents that operate alongside existing accounting, ERP and billing systems, supporting invoice tracking, payment follow-ups, reconciliation and financial reporting.

Would you be open to a brief 20-minute call in the coming weeks to explore whether this could be useful for Eezy Kevytyrittäjät?

If this is not relevant to you, please let me know and I will not contact you again.

Kind regards,

Jacobs Roland
AI Automation Specialist | OpenClaw AI Agent Development
Email: savelroly@gmail.com",,,
info@laskuhari.fi,Laskuhari,Finland,Medium,WooCommerce invoice checks for Laskuhari shops,"Dear Laskuhari team,

I see that Laskuhari offers a straightforward invoicing program together with a WooCommerce invoicing plugin.

Around the invoicing workflows Laskuhari supports for its users, there may be scope for an AI agent to handle WooCommerce order-to-invoice checks and overdue reminder digests, working within the systems already in use.

I am Jacobs Roland, an AI automation specialist who designs and builds OpenClaw-based AI agents. These agents work alongside existing accounting, ERP and billing systems to handle invoice tracking, payment follow-ups, reconciliation and financial reporting.

Would you be willing to have a short call in the coming weeks to consider whether this might be of value to Laskuhari?

If this is not relevant to you, please let me know and I will not contact you again.

Kind regards,

Jacobs Roland
AI Automation Specialist | OpenClaw AI Agent Development
Email: savelroly@gmail.com",,,
asiakaspalvelu@ukko.fi,UKKO.fi,Finland,Medium,Light entrepreneur invoice status questions at UKKO,"Dear UKKO.fi team,

I noticed that UKKO.fi allows light entrepreneurs to invoice without their own company, and also offers bookkeeping and invoicing for limited companies.

As invoices issued through UKKO.fi move from sending to payment, there may be scope for an AI agent to handle customer payment follow-ups and invoice status questions from light entrepreneurs, working within the systems already in use.

I am Jacobs Roland, an AI automation specialist. I design and build OpenClaw-based AI agents that work alongside existing accounting, ERP and billing systems to handle invoice tracking, payment follow-ups, reconciliation and financial reporting.

If it would be of interest, I would welcome a brief 20-minute conversation to explore whether this could support UKKO.fi.

If this is not relevant to you, please let me know and I will not contact you again.

Kind regards,

Jacobs Roland
AI Automation Specialist | OpenClaw AI Agent Development
Email: savelroly@gmail.com",,,
contact@clementine.fr,Clementine,France,Medium,Invoice follow-ups for Clementine accounting clients,"Dear Clementine team,

I noticed that Clementine offers a free, fully online invoicing tool and publishes guidance on preparing for e-invoicing.

With a broad portfolio of client administrations to keep current, there may be scope for an AI agent to handle client invoice follow-ups and document chasing for the accounting team, working within the systems already in use.

My name is Jacobs Roland and I am an AI automation specialist. I build OpenClaw-based AI agents that operate alongside existing accounting, ERP and billing systems, supporting invoice tracking, payment follow-ups, reconciliation and financial reporting.

If it would be of interest, I would welcome a brief 20-minute conversation to explore whether this could support Clementine.

If this is not relevant to you, please let me know and I will not contact you again.

Kind regards,

Jacobs Roland
AI Automation Specialist | OpenClaw AI Agent Development
Email: savelroly@gmail.com",,,
contact@keobiz.fr,Keobiz,France,Medium,Client document chasing across Keobiz offices,"Dear Keobiz team,

I noticed that Keobiz combines online chartered accounting with a network of offices in Rouen, Paris, Perpignan and other cities.

Given the volume of client bookkeeping and invoicing a practice of this kind manages, there may be scope for an AI agent to handle client invoice collection, reminder emails and monthly reporting across Keobiz offices, working within the systems already in use.

My name is Jacobs Roland and I am an AI automation specialist. I build OpenClaw-based AI agents that operate alongside existing accounting, ERP and billing systems, supporting invoice tracking, payment follow-ups, reconciliation and financial reporting.

Would you be willing to have a short call in the coming weeks to consider whether this might be of value to Keobiz?

If this is not relevant to you, please let me know and I will not contact you again.

Kind regards,

Jacobs Roland
AI Automation Specialist | OpenClaw AI Agent Development
Email: savelroly@gmail.com",,,
contact@l-expert-comptable.com,L-Expert-Comptable.com,France,Medium,Client invoice reminders at L-Expert-Comptable.com,"Dear L-Expert-Comptable.com team,

I see that L-Expert-Comptable.com offers online chartered accounting from 39 EUR per month, run from its Paris office.

With a broad portfolio of client administrations to keep current, there may be scope for an AI agent to handle collection of client invoices and receipts plus monthly reminders for missing documents across its portfolio, working within the systems already in use.

I am Jacobs Roland, an AI automation specialist who designs and builds OpenClaw-based AI agents. These agents work alongside existing accounting, ERP and billing systems to handle invoice tracking, payment follow-ups, reconciliation and financial reporting.

If it would be of interest, I would welcome a brief 20-minute conversation to explore whether this could support L-Expert-Comptable.com.

If this is not relevant to you, please let me know and I will not contact you again.

Kind regards,

Jacobs Roland
AI Automation Specialist | OpenClaw AI Agent Development
Email: savelroly@gmail.com",,,
hello@cacomptepourmoi.fr,Ça Compte Pour Moi,France,Medium,Missing-receipt reminders for Ça Compte Pour Moi clients,"Dear Ça Compte Pour Moi team,

I noticed that Ça Compte Pour Moi runs its online accounting service from Ramonville-Saint-Agne, near Toulouse.

Given the volume of client bookkeeping and invoicing a practice of this kind manages, there may be scope for an AI agent to handle reminders to clients for missing invoices and bank justifications, plus weekly bookkeeping status reports, working within the systems already in use.

I am Jacobs Roland, an AI automation specialist. I design and build OpenClaw-based AI agents that work alongside existing accounting, ERP and billing systems to handle invoice tracking, payment follow-ups, reconciliation and financial reporting.

Would a short introductory call in the coming weeks be convenient, to assess whether this could be relevant for Ça Compte Pour Moi?

If this is not relevant to you, please let me know and I will not contact you again.

Kind regards,

Jacobs Roland
AI Automation Specialist | OpenClaw AI Agent Development
Email: savelroly@gmail.com",,,
cogilog@cogilog.com,Cogilog,France,Medium,Mac-based invoicing follow-ups for Cogilog Gestion,"Dear Cogilog team,

I see that Cogilog publishes accounting, gestion commerciale and payroll software for both Mac and PC.

For a platform that many businesses rely on for invoicing and accounting, there may be scope for an AI agent to handle overdue invoice detection from Cogilog Gestion data and send weekly receivables summaries, working within the systems already in use.

I am Jacobs Roland, an AI automation specialist. I design and build OpenClaw-based AI agents that work alongside existing accounting, ERP and billing systems to handle invoice tracking, payment follow-ups, reconciliation and financial reporting.

If it would be of interest, I would welcome a brief 20-minute conversation to explore whether this could support Cogilog.

If this is not relevant to you, please let me know and I will not contact you again.

Kind regards,

Jacobs Roland
AI Automation Specialist | OpenClaw AI Agent Development
Email: savelroly@gmail.com",,,
hello@inqom.com,Inqom,France,Medium,Invoice reminders within the Inqom invoicing module,"Dear Inqom team,

I see that Inqom, part of Visma, offers an invoicing module alongside its accounting production software.

Around the invoicing and accounting workflows Inqom supports, there may be scope for an AI agent to handle invoice data checks and client reminder workflows for accounting firms on Inqom, working within the systems already in use.

I am Jacobs Roland, an AI automation specialist. I design and build OpenClaw-based AI agents that work alongside existing accounting, ERP and billing systems to handle invoice tracking, payment follow-ups, reconciliation and financial reporting.

Would you be willing to have a short call in the coming weeks to consider whether this might be of value to Inqom?

If this is not relevant to you, please let me know and I will not contact you again.

Kind regards,

Jacobs Roland
AI Automation Specialist | OpenClaw AI Agent Development
Email: savelroly@gmail.com",,,
commercial@myunisoft.fr,MyUnisoft,France,Medium,Client follow-ups on the MyUnisoft collaborative platform,"Dear MyUnisoft team,

I noticed that MyUnisoft offers a collaborative client platform for accounting firms alongside its accounting software.

For a platform that many businesses rely on for invoicing and accounting, there may be scope for an AI agent to handle client document requests and invoice follow-ups for firms using MyUnisoft, working within the systems already in use.

I am Jacobs Roland, an AI automation specialist. I design and build OpenClaw-based AI agents that work alongside existing accounting, ERP and billing systems to handle invoice tracking, payment follow-ups, reconciliation and financial reporting.

Would you be open to a brief 20-minute call in the coming weeks to explore whether this could be useful for MyUnisoft?

If this is not relevant to you, please let me know and I will not contact you again.

Kind regards,

Jacobs Roland
AI Automation Specialist | OpenClaw AI Agent Development
Email: savelroly@gmail.com",,,
contact@pennylane.com,Pennylane,France,Medium,E-invoice receipt checks for Pennylane accounting firms,"Dear Pennylane team,

I see that Pennylane helps customers locate their Pennylane PA e-invoicing address as part of its e-invoicing offer.

Around the invoicing and accounting workflows Pennylane supports, there may be scope for an AI agent to handle e-invoice receipt checks and client follow-ups for accounting firms working in Pennylane, working within the systems already in use.

My name is Jacobs Roland and I am an AI automation specialist. I build OpenClaw-based AI agents that operate alongside existing accounting, ERP and billing systems, supporting invoice tracking, payment follow-ups, reconciliation and financial reporting.

Would you be willing to have a short call in the coming weeks to consider whether this might be of value to Pennylane?

If this is not relevant to you, please let me know and I will not contact you again.

Kind regards,

Jacobs Roland
AI Automation Specialist | OpenClaw AI Agent Development
Email: savelroly@gmail.com",,,
contact@tiime.fr,Tiime Apps,France,Medium,Invoice status alerts for Tiime users,"Dear Maxime,

I see that Tiime builds invoicing and accounting apps for entrepreneurs and accountants that integrate with the Sellsy suite.

Around the invoicing and accounting workflows Tiime supports, there may be scope for an AI agent to handle document collection reminders and invoice follow-ups between entrepreneurs and their accountants, working within the systems already in use.

I am Jacobs Roland, an AI automation specialist. I design and build OpenClaw-based AI agents that work alongside existing accounting, ERP and billing systems to handle invoice tracking, payment follow-ups, reconciliation and financial reporting.

Would a short introductory call in the coming weeks be convenient, to assess whether this could be relevant for Tiime?

If this is not relevant to you, please let me know and I will not contact you again.

Kind regards,

Jacobs Roland
AI Automation Specialist | OpenClaw AI Agent Development
Email: savelroly@gmail.com",,,
support@libeo.io,Libeo,France,Medium,Supplier payment follow-ups around Libeo,"Dear Libeo team,

I noticed that Libeo provides a supplier invoice payment platform and documents its connection with Pennylane.

Around supplier invoice approval and payment, there may be scope for an AI agent to handle payment status notifications and reconciliation checks between Libeo and Pennylane, working within the systems already in use.

My name is Jacobs Roland and I am an AI automation specialist. I build OpenClaw-based AI agents that operate alongside existing accounting, ERP and billing systems, supporting invoice tracking, payment follow-ups, reconciliation and financial reporting.

Would you be open to a brief 20-minute call in the coming weeks to explore whether this could be useful for Libeo?

If this is not relevant to you, please let me know and I will not contact you again.

Kind regards,

Jacobs Roland
AI Automation Specialist | OpenClaw AI Agent Development
Email: savelroly@gmail.com",,,
support@slimpay.com,SlimPay,France,Medium,Failed direct debit follow-ups for SlimPay merchants,"Dear SlimPay team,

I read the SlimPay help article on the options available when a direct debit payment is rejected.

Around recurring billing and direct debit collections, there may be scope for an AI agent to handle customer follow-ups on rejected SEPA debits and daily recurring revenue reports, working within the systems already in use.

My name is Jacobs Roland and I am an AI automation specialist. I build OpenClaw-based AI agents that operate alongside existing accounting, ERP and billing systems, supporting invoice tracking, payment follow-ups, reconciliation and financial reporting.

If it would be of interest, I would welcome a brief 20-minute conversation to explore whether this could support SlimPay.

If this is not relevant to you, please let me know and I will not contact you again.

Kind regards,

Jacobs Roland
AI Automation Specialist | OpenClaw AI Agent Development
Email: savelroly@gmail.com",,,
hello@axonaut.com,Axonaut,France,Medium,Payment reminders and CRM alerts in Axonaut,"Dear Axonaut team,

I noticed that Axonaut lets users send emails and postal mail directly from within its business management software.

Around the invoicing workflows Axonaut supports for its users, there may be scope for an AI agent to handle payment reminders and CRM-to-invoice status alerts for Axonaut users, working within the systems already in use.

I am Jacobs Roland, an AI automation specialist who designs and builds OpenClaw-based AI agents. These agents work alongside existing accounting, ERP and billing systems to handle invoice tracking, payment follow-ups, reconciliation and financial reporting.

Would a short introductory call in the coming weeks be convenient, to assess whether this could be relevant for Axonaut?

If this is not relevant to you, please let me know and I will not contact you again.

Kind regards,

Jacobs Roland
AI Automation Specialist | OpenClaw AI Agent Development
Email: savelroly@gmail.com",,,
infos.fr@ebp.com,EBP,France,Medium,Receivables alerts for EBP Gestion Commerciale users,"Dear EBP team,

I read the EBP guide to choosing e-invoicing compliant invoicing software, alongside the Activ, Pro and Elite gestion commerciale range.

Within the invoicing and finance features of business software such as EBP, there may be scope to add AI agents for EBP resellers and customers that chase overdue invoices and push weekly AR reports, working within the systems already in use.

I am Jacobs Roland, an AI automation specialist. I design and build OpenClaw-based AI agents that work alongside existing accounting, ERP and billing systems to handle invoice tracking, payment follow-ups, reconciliation and financial reporting.

Would you be open to a brief 20-minute call in the coming weeks to explore whether this could be useful for EBP?

If this is not relevant to you, please let me know and I will not contact you again.

Kind regards,

Jacobs Roland
AI Automation Specialist | OpenClaw AI Agent Development
Email: savelroly@gmail.com",,,
info@fizen.fr,Fizen,France,Medium,Cash reporting for Fizen entrepreneurs,"Dear Fizen team,

I see that Fizen offers a financial management tool designed for entrepreneurs.

Around the invoicing workflows Fizen supports for its users, there may be scope for an AI agent to handle unpaid invoice alerts and weekly cash summaries for Fizen users, working within the systems already in use.

My name is Jacobs Roland and I am an AI automation specialist. I build OpenClaw-based AI agents that operate alongside existing accounting, ERP and billing systems, supporting invoice tracking, payment follow-ups, reconciliation and financial reporting.

Would you be willing to have a short call in the coming weeks to consider whether this might be of value to Fizen?

If this is not relevant to you, please let me know and I will not contact you again.

Kind regards,

Jacobs Roland
AI Automation Specialist | OpenClaw AI Agent Development
Email: savelroly@gmail.com",,,
contact@sellsy.com,Sellsy,France,Medium,Overdue invoice follow-ups for Sellsy users,"Dear Sellsy team,

I see that Sellsy offers a CRM suite with invoicing and pre-accounting, and integrates with Tiime.

Within the invoicing and finance features of business software such as Sellsy, there may be scope for an AI agent to handle overdue invoice follow-ups and CRM-to-accounting sync alerts for Sellsy users, working within the systems already in use.

I am Jacobs Roland, an AI automation specialist. I design and build OpenClaw-based AI agents that work alongside existing accounting, ERP and billing systems to handle invoice tracking, payment follow-ups, reconciliation and financial reporting.

If it would be of interest, I would welcome a brief 20-minute conversation to explore whether this could support Sellsy.

If this is not relevant to you, please let me know and I will not contact you again.

Kind regards,

Jacobs Roland
AI Automation Specialist | OpenClaw AI Agent Development
Email: savelroly@gmail.com",,,
hello@abby.fr,Abby,France,Medium,E-invoice status follow-ups for Abby freelancers,"Dear Abby team,

I see that Abby offers free e-invoicing compliant with the 2026 French reform for freelancers, SARL and SAS.

Around the invoicing workflows Abby supports for its users, there may be scope for an AI agent to handle invoice follow-ups and e-invoicing compliance alerts for Abby users, working within the systems already in use.

I am Jacobs Roland, an AI automation specialist. I design and build OpenClaw-based AI agents that work alongside existing accounting, ERP and billing systems to handle invoice tracking, payment follow-ups, reconciliation and financial reporting.

Would a short introductory call in the coming weeks be convenient, to assess whether this could be relevant for Abby?

If this is not relevant to you, please let me know and I will not contact you again.

Kind regards,

Jacobs Roland
AI Automation Specialist | OpenClaw AI Agent Development
Email: savelroly@gmail.com",,,
support@freebe.me,Freebe,France,Medium,Late-payment follow-ups for Freebe freelancers,"Dear Freebe team,

I see that Freebe provides invoicing and accounting software designed for freelancers.

As invoices issued through Freebe move from sending to payment, there may be scope for an AI agent to handle late-payment follow-ups and client reminders for freelancers, working within the systems already in use.

My name is Jacobs Roland and I am an AI automation specialist. I build OpenClaw-based AI agents that operate alongside existing accounting, ERP and billing systems, supporting invoice tracking, payment follow-ups, reconciliation and financial reporting.

If it would be of interest, I would welcome a brief 20-minute conversation to explore whether this could support Freebe.

If this is not relevant to you, please let me know and I will not contact you again.

Kind regards,

Jacobs Roland
AI Automation Specialist | OpenClaw AI Agent Development
Email: savelroly@gmail.com",,,
info@henrri.com,Henrri,France,Medium,Unpaid invoice reminders for Henrri users,"Dear Henrri team,

I see that Henrri offers free invoicing software for small businesses.

As invoices issued through Henrri move from sending to payment, there may be scope for an AI agent to handle payment reminders and monthly revenue summaries for small businesses using Henrri, working within the systems already in use.

I am Jacobs Roland, an AI automation specialist. I design and build OpenClaw-based AI agents that work alongside existing accounting, ERP and billing systems to handle invoice tracking, payment follow-ups, reconciliation and financial reporting.

Would you be open to a brief 20-minute call in the coming weeks to explore whether this could be useful for Henrri?

If this is not relevant to you, please let me know and I will not contact you again.

Kind regards,

Jacobs Roland
AI Automation Specialist | OpenClaw AI Agent Development
Email: savelroly@gmail.com",,,
support@obat.fr,Obat,France,Medium,Payment follow-ups for Obat construction businesses,"Dear Obat team,

I noticed that Obat provides quotes and invoicing software for construction businesses from Nantes.

Around the invoicing workflows Obat supports for its users, there may be scope for an AI agent to handle overdue invoice follow-ups and progress-billing reminders for construction customers, working within the systems already in use.

My name is Jacobs Roland and I am an AI automation specialist. I build OpenClaw-based AI agents that operate alongside existing accounting, ERP and billing systems, supporting invoice tracking, payment follow-ups, reconciliation and financial reporting.

Would you be willing to have a short call in the coming weeks to consider whether this might be of value to Obat?

If this is not relevant to you, please let me know and I will not contact you again.

Kind regards,

Jacobs Roland
AI Automation Specialist | OpenClaw AI Agent Development
Email: savelroly@gmail.com",,,
support@tolteck.com,Tolteck,France,Medium,Quote and invoice follow-ups for Tolteck builders,"Dear Paul,

I see that Tolteck provides quotes and invoicing software for builders from Courbevoie.

As invoices issued through Tolteck move from sending to payment, there may be scope for an AI agent to handle payment reminders on construction invoices and weekly receivables reports for tradespeople, working within the systems already in use.

I am Jacobs Roland, an AI automation specialist who designs and builds OpenClaw-based AI agents. These agents work alongside existing accounting, ERP and billing systems to handle invoice tracking, payment follow-ups, reconciliation and financial reporting.

If it would be of interest, I would welcome a brief 20-minute conversation to explore whether this could support Tolteck.

If this is not relevant to you, please let me know and I will not contact you again.

Kind regards,

Jacobs Roland
AI Automation Specialist | OpenClaw AI Agent Development
Email: savelroly@gmail.com",,,
hello@fygr.io,Fygr,France,Medium,Receivables inputs for Fygr cash forecasts,"Dear Fygr team,

I see that Fygr offers cash flow forecasting software for businesses.

Around the payment flows Fygr supports for its customers, there may be scope for an AI agent to handle overdue receivables alerts feeding Fygr cash forecasts, working within the systems already in use.

I am Jacobs Roland, an AI automation specialist. I design and build OpenClaw-based AI agents that work alongside existing accounting, ERP and billing systems to handle invoice tracking, payment follow-ups, reconciliation and financial reporting.

If it would be of interest, I would welcome a brief 20-minute conversation to explore whether this could support Fygr.

If this is not relevant to you, please let me know and I will not contact you again.

Kind regards,

Jacobs Roland
AI Automation Specialist | OpenClaw AI Agent Development
Email: savelroly@gmail.com",,,
helpdesk@unimaze.com,Unimaze,Iceland,Medium,Business Central e-invoice follow-ups with Unimaze,"Dear Unimaze team,

I noticed that Unimaze publishes e-invoicing country guides for Norway, Ireland, the Netherlands, Singapore and Australia, as well as a Business Central integration.

Around the e-invoicing flows Unimaze handles for its customers, there may be scope for an AI agent to handle Business Central e-invoice exception handling and payment follow-ups for Unimaze customers, working within the systems already in use.

I am Jacobs Roland, an AI automation specialist who designs and builds OpenClaw-based AI agents. These agents work alongside existing accounting, ERP and billing systems to handle invoice tracking, payment follow-ups, reconciliation and financial reporting.

Would a short introductory call in the coming weeks be convenient, to assess whether this could be relevant for Unimaze?

If this is not relevant to you, please let me know and I will not contact you again.

Kind regards,

Jacobs Roland
AI Automation Specialist | OpenClaw AI Agent Development
Email: savelroly@gmail.com",,,
info@effatta.it,EFFATTA,Italy,Medium,Triage for SDI verification reports at EFFATTA,"Dear EFFATTA team,

I see that EFFATTA offers free e-invoicing for up to 200 invoices and maintains dedicated support for SDI verification issues.

Where e-invoices pass between senders, receivers and networks, there may be scope for an AI agent to handle SDI verification issue handling and payment reminders for app users, working within the systems already in use.

I am Jacobs Roland, an AI automation specialist. I design and build OpenClaw-based AI agents that work alongside existing accounting, ERP and billing systems to handle invoice tracking, payment follow-ups, reconciliation and financial reporting.

Would you be open to a brief 20-minute call in the coming weeks to explore whether this could be useful for EFFATTA?

If this is not relevant to you, please let me know and I will not contact you again.

Kind regards,

Jacobs Roland
AI Automation Specialist | OpenClaw AI Agent Development
Email: savelroly@gmail.com",,,
info@invoicetronic.com,Invoicetronic,Italy,Medium,Turning Invoicetronic SDI receipts into payment follow-ups,"Dear Invoicetronic team,

I noticed that Invoicetronic publishes language quickstarts, such as a Java quickstart, for its SDI invoicing API.

Around the e-invoicing flows Invoicetronic handles for its customers, there may be scope for an AI agent to handle monitoring of SDI receipts and send customer-facing status updates and overdue reminders from API events, working within the systems already in use.

My name is Jacobs Roland and I am an AI automation specialist. I build OpenClaw-based AI agents that operate alongside existing accounting, ERP and billing systems, supporting invoice tracking, payment follow-ups, reconciliation and financial reporting.

Would you be willing to have a short call in the coming weeks to consider whether this might be of value to Invoicetronic?

If this is not relevant to you, please let me know and I will not contact you again.

Kind regards,

Jacobs Roland
AI Automation Specialist | OpenClaw AI Agent Development
Email: savelroly@gmail.com",,,
info@fattura24.com,Fattura24,Italy,Medium,SDI rejection alerts for PrestaShop merchants on Fattura24,"Dear Fattura24 team,

I noticed that Fattura24 offers API keys for creating e-invoices as well as a PrestaShop connector.

Around the invoicing workflows Fattura24 supports for its users, there may be scope for an AI agent to handle payment reminders and SDI rejection alerts for e-commerce merchants creating invoices via the Fattura24 API, working within the systems already in use.

I am Jacobs Roland, an AI automation specialist. I design and build OpenClaw-based AI agents that work alongside existing accounting, ERP and billing systems to handle invoice tracking, payment follow-ups, reconciliation and financial reporting.

Would a short introductory call in the coming weeks be convenient, to assess whether this could be relevant for Fattura24?

If this is not relevant to you, please let me know and I will not contact you again.

Kind regards,

Jacobs Roland
AI Automation Specialist | OpenClaw AI Agent Development
Email: savelroly@gmail.com",,,
info@aaff.nl,aaff,Netherlands,Medium,After the invoice: payment follow-ups for aaff clients,"Dear aaff team,

I see that aaff publishes practical guidance on invoice requirements for its clients in Tilburg and beyond.

With a broad portfolio of client administrations to keep current, there may be scope for an AI agent to handle payment reminders and receivables summaries for aaff clients, working within the systems already in use.

My name is Jacobs Roland and I am an AI automation specialist. I build OpenClaw-based AI agents that operate alongside existing accounting, ERP and billing systems, supporting invoice tracking, payment follow-ups, reconciliation and financial reporting.

Would you be open to a brief 20-minute call in the coming weeks to explore whether this could be useful for aaff?

If this is not relevant to you, please let me know and I will not contact you again.

Kind regards,

Jacobs Roland
AI Automation Specialist | OpenClaw AI Agent Development
Email: savelroly@gmail.com",,,
contact@bonsenreuling.nl,BonsenReuling,Netherlands,Medium,Achterhoek client receivables at BonsenReuling,"Dear BonsenReuling team,

I noticed that BonsenReuling serves clients from offices across the east of the Netherlands, including Doetinchem, Enschede and Apeldoorn.

Given the volume of client bookkeeping and invoicing a practice of this kind manages, there may be scope for an AI agent to handle receivables tracking and reminders for BonsenReuling clients, working within the systems already in use.

I am Jacobs Roland, an AI automation specialist who designs and builds OpenClaw-based AI agents. These agents work alongside existing accounting, ERP and billing systems to handle invoice tracking, payment follow-ups, reconciliation and financial reporting.

Would you be willing to have a short call in the coming weeks to consider whether this might be of value to BonsenReuling?

If this is not relevant to you, please let me know and I will not contact you again.

Kind regards,

Jacobs Roland
AI Automation Specialist | OpenClaw AI Agent Development
Email: savelroly@gmail.com",,,
zwolle@countus.nl,Countus,Netherlands,Medium,Debtor reports across Countus offices,"Dear Countus team,

I see that Countus serves SME and agricultural clients from its head office in Zwolle and offices across the north and east of the country.

With a broad portfolio of client administrations to keep current, there may be scope for an AI agent to handle document chasing and monthly debtor reports for Countus clients, working within the systems already in use.

I am Jacobs Roland, an AI automation specialist. I design and build OpenClaw-based AI agents that work alongside existing accounting, ERP and billing systems to handle invoice tracking, payment follow-ups, reconciliation and financial reporting.

If it would be of interest, I would welcome a brief 20-minute conversation to explore whether this could support Countus.

If this is not relevant to you, please let me know and I will not contact you again.

Kind regards,

Jacobs Roland
AI Automation Specialist | OpenClaw AI Agent Development
Email: savelroly@gmail.com",,,
utrecht@jonglaan.nl,De Jong & Laan,Netherlands,Medium,Payment follow-ups for De Jong & Laan's administration clients,"Dear De Jong & Laan team,

I noticed that De Jong & Laan provides accountancy, tax and administration services through branches from Utrecht to Groningen.

Given the volume of client bookkeeping and invoicing a practice of this kind manages, there may be scope for an AI agent to handle overdue invoice follow-ups and weekly cash updates for administration clients, working within the systems already in use.

My name is Jacobs Roland and I am an AI automation specialist. I build OpenClaw-based AI agents that operate alongside existing accounting, ERP and billing systems, supporting invoice tracking, payment follow-ups, reconciliation and financial reporting.

Would a short introductory call in the coming weeks be convenient, to assess whether this could be relevant for De Jong & Laan?

If this is not relevant to you, please let me know and I will not contact you again.

Kind regards,

Jacobs Roland
AI Automation Specialist | OpenClaw AI Agent Development
Email: savelroly@gmail.com",,,
website@govers.nl,Govers Accountants/Adviseurs,Netherlands,Medium,Debtor follow-ups for Govers clients in Brabant,"Dear Govers Accountants/Adviseurs team,

I understand that Govers Accountants/Adviseurs provides accountancy and advisory services from Eindhoven.

Given the volume of client bookkeeping and invoicing a practice of this kind manages, there may be scope for an AI agent to handle overdue reminders and receivables notes for Govers clients, working within the systems already in use.

I am Jacobs Roland, an AI automation specialist. I design and build OpenClaw-based AI agents that work alongside existing accounting, ERP and billing systems to handle invoice tracking, payment follow-ups, reconciliation and financial reporting.

Would you be willing to have a short call in the coming weeks to consider whether this might be of value to Govers Accountants/Adviseurs?

If this is not relevant to you, please let me know and I will not contact you again.

Kind regards,

Jacobs Roland
AI Automation Specialist | OpenClaw AI Agent Development
Email: savelroly@gmail.com",,,
info@hoekenblok.nl,Hoek en Blok,Netherlands,Medium,Hoek en Blok: reminders before legal steps,"Dear Hoek en Blok team,

I noticed that Hoek en Blok offers accountancy, tax and legal advice from Sliedrecht, Barendrecht and Amsterdam.

With a broad portfolio of client administrations to keep current, there may be scope for an AI agent to handle reminder sequences and documentation for Hoek en Blok clients, working within the systems already in use.

My name is Jacobs Roland and I am an AI automation specialist. I build OpenClaw-based AI agents that operate alongside existing accounting, ERP and billing systems, supporting invoice tracking, payment follow-ups, reconciliation and financial reporting.

If it would be of interest, I would welcome a brief 20-minute conversation to explore whether this could support Hoek en Blok.

If this is not relevant to you, please let me know and I will not contact you again.

Kind regards,

Jacobs Roland
AI Automation Specialist | OpenClaw AI Agent Development
Email: savelroly@gmail.com",,,
info@joanknecht.nl,Joanknecht,Netherlands,Medium,Cash visibility for Joanknecht's Eindhoven clients,"Dear Joanknecht team,

I understand that Joanknecht is an accountancy and advisory firm based in Eindhoven.

Given the volume of client bookkeeping and invoicing a practice of this kind manages, there may be scope for an AI agent to handle weekly receivables updates and reminders for Joanknecht clients, working within the systems already in use.

I am Jacobs Roland, an AI automation specialist who designs and builds OpenClaw-based AI agents. These agents work alongside existing accounting, ERP and billing systems to handle invoice tracking, payment follow-ups, reconciliation and financial reporting.

Would a short introductory call in the coming weeks be convenient, to assess whether this could be relevant for Joanknecht?

If this is not relevant to you, please let me know and I will not contact you again.

Kind regards,

Jacobs Roland
AI Automation Specialist | OpenClaw AI Agent Development
Email: savelroly@gmail.com",,,
info@koenenenco.nl,Koenen en Co,Netherlands,Medium,Next step after Koenen en Co's digital document exchange,"Dear Koenen en Co team,

I read the Koenen en Co article on improving the digital exchange of important documents with clients.

With a broad portfolio of client administrations to keep current, there may be scope for an AI agent to handle document chasing and debtor reminders for Koenen en Co clients, working within the systems already in use.

I am Jacobs Roland, an AI automation specialist. I design and build OpenClaw-based AI agents that work alongside existing accounting, ERP and billing systems to handle invoice tracking, payment follow-ups, reconciliation and financial reporting.

Would you be open to a brief 20-minute call in the coming weeks to explore whether this could be useful for Koenen en Co?

If this is not relevant to you, please let me know and I will not contact you again.

Kind regards,

Jacobs Roland
AI Automation Specialist | OpenClaw AI Agent Development
Email: savelroly@gmail.com",,,
rotterdam-havens@moore-drv.nl,Moore DRV,Netherlands,Medium,Port-sector receivables at Moore DRV Rotterdam,"Dear Moore DRV team,

I noticed that Moore DRV operates from Rotterdam and includes Janssen Accountants in Dongen.

With a broad portfolio of client administrations to keep current, there may be scope for an AI agent to handle receivables chasing and weekly reports for Moore DRV clients, working within the systems already in use.

I am Jacobs Roland, an AI automation specialist who designs and builds OpenClaw-based AI agents. These agents work alongside existing accounting, ERP and billing systems to handle invoice tracking, payment follow-ups, reconciliation and financial reporting.

If it would be of interest, I would welcome a brief 20-minute conversation to explore whether this could support Moore DRV.

If this is not relevant to you, please let me know and I will not contact you again.

Kind regards,

Jacobs Roland
AI Automation Specialist | OpenClaw AI Agent Development
Email: savelroly@gmail.com",,,
info@schipperaccountants.nl,Schipper Accountants,Netherlands,Medium,Schipper Accountants: overdue invoice lists for clients,"Dear Schipper Accountants team,

I see that Schipper Accountants serves clients from offices in Breda, Middelharnis, Rijen, Barendrecht, Terneuzen and Zierikzee.

Given the volume of client bookkeeping and invoicing a practice of this kind manages, there may be scope for an AI agent to handle overdue lists and reminders for Schipper Accountants clients, working within the systems already in use.

I am Jacobs Roland, an AI automation specialist. I design and build OpenClaw-based AI agents that work alongside existing accounting, ERP and billing systems to handle invoice tracking, payment follow-ups, reconciliation and financial reporting.

Would a short introductory call in the coming weeks be convenient, to assess whether this could be relevant for Schipper Accountants?

If this is not relevant to you, please let me know and I will not contact you again.

Kind regards,

Jacobs Roland
AI Automation Specialist | OpenClaw AI Agent Development
Email: savelroly@gmail.com",,,
info@tenkatehuizinga.nl,Ten Kate Huizinga,Netherlands,Medium,Twente client debtor reminders for Ten Kate Huizinga,"Dear Ten Kate Huizinga team,

I noticed that Ten Kate Huizinga works from its office in Enschede, with service points in Denekamp, Haaksbergen and Winterswijk.

With a broad portfolio of client administrations to keep current, there may be scope for an AI agent to handle debtor reminders and weekly overviews for Ten Kate Huizinga clients, working within the systems already in use.

My name is Jacobs Roland and I am an AI automation specialist. I build OpenClaw-based AI agents that operate alongside existing accounting, ERP and billing systems, supporting invoice tracking, payment follow-ups, reconciliation and financial reporting.

Would you be open to a brief 20-minute call in the coming weeks to explore whether this could be useful for Ten Kate Huizinga?

If this is not relevant to you, please let me know and I will not contact you again.

Kind regards,

Jacobs Roland
AI Automation Specialist | OpenClaw AI Agent Development
Email: savelroly@gmail.com",,,
mail@wijsaccountants.nl,Wijs Accountants,Netherlands,Medium,Maarssen client debtor updates from Wijs,"Dear Wijs Accountants team,

I understand that Wijs Accountants provides accountancy and advisory services from Maarssen.

Given the volume of client bookkeeping and invoicing a practice of this kind manages, there may be scope for an AI agent to handle debtor updates and reminders for Wijs Accountants clients, working within the systems already in use.

My name is Jacobs Roland and I am an AI automation specialist. I build OpenClaw-based AI agents that operate alongside existing accounting, ERP and billing systems, supporting invoice tracking, payment follow-ups, reconciliation and financial reporting.

Would a short introductory call in the coming weeks be convenient, to assess whether this could be relevant for Wijs Accountants?

If this is not relevant to you, please let me know and I will not contact you again.

Kind regards,

Jacobs Roland
AI Automation Specialist | OpenClaw AI Agent Development
Email: savelroly@gmail.com",,,
info@wvdb.nl,WVDB Adviseurs Accountants,Netherlands,Medium,Overdue invoice updates in the MijnW|VDB portal,"Dear WVDB Adviseurs Accountants team,

I noticed that WVDB Adviseurs Accountants offers its clients the MijnW|VDB client portal.

With a broad portfolio of client administrations to keep current, there may be scope for an AI agent to handle receivables updates and monthly finance notes for WVDB clients, working within the systems already in use.

I am Jacobs Roland, an AI automation specialist who designs and builds OpenClaw-based AI agents. These agents work alongside existing accounting, ERP and billing systems to handle invoice tracking, payment follow-ups, reconciliation and financial reporting.

Would you be open to a brief 20-minute call in the coming weeks to explore whether this could be useful for WVDB Adviseurs Accountants?

If this is not relevant to you, please let me know and I will not contact you again.

Kind regards,

Jacobs Roland
AI Automation Specialist | OpenClaw AI Agent Development
Email: savelroly@gmail.com",,,
info@asperion.nl,Asperion,Netherlands,Medium,UBL invoice status checks for Asperion customers,"Dear Asperion team,

I see that Asperion offers a Facturatie module with UBL e-invoicing alongside Asperion Financieel.

Around the invoicing and accounting workflows Asperion supports, there may be scope for an AI agent to handle UBL invoice tracking and payment reminders for Asperion users, working within the systems already in use.

I am Jacobs Roland, an AI automation specialist. I design and build OpenClaw-based AI agents that work alongside existing accounting, ERP and billing systems to handle invoice tracking, payment follow-ups, reconciliation and financial reporting.

Would you be willing to have a short call in the coming weeks to consider whether this might be of value to Asperion?

If this is not relevant to you, please let me know and I will not contact you again.

Kind regards,

Jacobs Roland
AI Automation Specialist | OpenClaw AI Agent Development
Email: savelroly@gmail.com",,,
info@e-boekhouden.nl,e-Boekhouden.nl,Netherlands,Medium,Reminder agents for e-Boekhouden.nl's invoicing users,"Dear e-Boekhouden.nl team,

I noticed that e-Boekhouden.nl combines online bookkeeping and invoicing with its Scan & Mail & Herken feature and a GetMyInvoices integration.

For a platform that many businesses rely on for invoicing and accounting, there may be scope for an AI agent to handle overdue invoice reminders and weekly open-debtor summaries for e-Boekhouden.nl users and their accountants, working within the systems already in use.

I am Jacobs Roland, an AI automation specialist. I design and build OpenClaw-based AI agents that work alongside existing accounting, ERP and billing systems to handle invoice tracking, payment follow-ups, reconciliation and financial reporting.

Would you be open to a brief 20-minute call in the coming weeks to explore whether this could be useful for e-Boekhouden.nl?

If this is not relevant to you, please let me know and I will not contact you again.

Kind regards,

Jacobs Roland
AI Automation Specialist | OpenClaw AI Agent Development
Email: savelroly@gmail.com",,,
info@informer.nl,Informer Online Nederland B.V.,Netherlands,Medium,Overdue invoice reminders for Informer users,"Dear Informer Online Nederland team,

I see that Informer offers online invoicing and bookkeeping software for Dutch entrepreneurs.

Around the invoicing and accounting workflows Informer Online Nederland supports, there may be scope for an AI agent to handle routing of helpdesk and administration emails and send payment-reminder summaries for invoicing customers, working within the systems already in use.

My name is Jacobs Roland and I am an AI automation specialist. I build OpenClaw-based AI agents that operate alongside existing accounting, ERP and billing systems, supporting invoice tracking, payment follow-ups, reconciliation and financial reporting.

Would you be willing to have a short call in the coming weeks to consider whether this might be of value to Informer Online Nederland?

If this is not relevant to you, please let me know and I will not contact you again.

Kind regards,

Jacobs Roland
AI Automation Specialist | OpenClaw AI Agent Development
Email: savelroly@gmail.com",,,
support@jortt.nl,Jortt,Netherlands,Medium,Unpaid invoice follow-ups for Jortt users,"Dear Jortt team,

I noticed that Jortt provides bookkeeping and invoicing software for freelancers and small businesses and publishes clear comparison pages.

For a platform that many businesses rely on for invoicing and accounting, there may be scope for an AI agent to handle overdue-invoice follow-ups and monthly cash summaries for small-business users, working within the systems already in use.

I am Jacobs Roland, an AI automation specialist who designs and builds OpenClaw-based AI agents. These agents work alongside existing accounting, ERP and billing systems to handle invoice tracking, payment follow-ups, reconciliation and financial reporting.

If it would be of interest, I would welcome a brief 20-minute conversation to explore whether this could support Jortt.

If this is not relevant to you, please let me know and I will not contact you again.

Kind regards,

Jacobs Roland
AI Automation Specialist | OpenClaw AI Agent Development
Email: savelroly@gmail.com",,,
info@minox.nl,Minox,Netherlands,Medium,Minox debtor follow-ups for entrepreneurs and their accountants,"Dear Minox team,

I see that Minox provides bookkeeping and invoicing for entrepreneurs and their accountants, including invoice email templates and electronic invoicing.

Around the invoicing and accounting workflows Minox supports, there may be scope for an AI agent to handle overdue reminders and accountant-facing debtor summaries for Minox users, working within the systems already in use.

I am Jacobs Roland, an AI automation specialist. I design and build OpenClaw-based AI agents that work alongside existing accounting, ERP and billing systems to handle invoice tracking, payment follow-ups, reconciliation and financial reporting.

Would a short introductory call in the coming weeks be convenient, to assess whether this could be relevant for Minox?

If this is not relevant to you, please let me know and I will not contact you again.

Kind regards,

Jacobs Roland
AI Automation Specialist | OpenClaw AI Agent Development
Email: savelroly@gmail.com",,,
support@moneybird.com,Moneybird,Netherlands,Medium,Incoming document checks for Moneybird users,"Dear Moneybird team,

I noticed that Moneybird lets users add incoming documents to their bookkeeping through a dedicated incoming email address.

For a platform that many businesses rely on for invoicing and accounting, there may be scope for an AI agent to handle triage of incoming invoice emails, overdue-invoice reminders and weekly receivables summaries for Moneybird users, working within the systems already in use.

My name is Jacobs Roland and I am an AI automation specialist. I build OpenClaw-based AI agents that operate alongside existing accounting, ERP and billing systems, supporting invoice tracking, payment follow-ups, reconciliation and financial reporting.

Would you be open to a brief 20-minute call in the coming weeks to explore whether this could be useful for Moneybird?

If this is not relevant to you, please let me know and I will not contact you again.

Kind regards,

Jacobs Roland
AI Automation Specialist | OpenClaw AI Agent Development
Email: savelroly@gmail.com",,,
support@moneymonk.nl,MoneyMonk,Netherlands,Medium,Unpaid invoice reminders for MoneyMonk users,"Dear MoneyMonk team,

I see that MoneyMonk can send invoices on behalf of users and reports email delivery notifications for sent invoices.

Around the invoicing and accounting workflows MoneyMonk supports, there may be scope for an AI agent to handle reminder sequences for unpaid invoices and delivery-failure alerts, working within the systems already in use.

I am Jacobs Roland, an AI automation specialist who designs and builds OpenClaw-based AI agents. These agents work alongside existing accounting, ERP and billing systems to handle invoice tracking, payment follow-ups, reconciliation and financial reporting.

Would you be willing to have a short call in the coming weeks to consider whether this might be of value to MoneyMonk?

If this is not relevant to you, please let me know and I will not contact you again.

Kind regards,

Jacobs Roland
AI Automation Specialist | OpenClaw AI Agent Development
Email: savelroly@gmail.com",,,
info@rompslomp.nl,Rompslomp.nl B.V.,Netherlands,Medium,Invoice reminders for Rompslomp zzp'ers,"Dear Rompslomp.nl team,

I noticed that Rompslomp offers online bookkeeping and invoicing for zzp'ers and recently renewed its customer and supplier contacts page.

For a platform that many businesses rely on for invoicing and accounting, there may be scope for an AI agent to handle payment reminders and customer/supplier record updates around Rompslomp invoices, working within the systems already in use.

I am Jacobs Roland, an AI automation specialist. I design and build OpenClaw-based AI agents that work alongside existing accounting, ERP and billing systems to handle invoice tracking, payment follow-ups, reconciliation and financial reporting.

If it would be of interest, I would welcome a brief 20-minute conversation to explore whether this could support Rompslomp.nl.

If this is not relevant to you, please let me know and I will not contact you again.

Kind regards,

Jacobs Roland
AI Automation Specialist | OpenClaw AI Agent Development
Email: savelroly@gmail.com",,,
verkoop@snelstart.nl,SnelStart,Netherlands,Medium,Building on the SnelStart BoekhoudAPI for payment follow-ups,"Dear SnelStart team,

I noticed that SnelStart offers a BoekhoudAPI and lets customers import purchase invoices via an inkopen-mailbox.

For a platform that many businesses rely on for invoicing and accounting, there may be scope for an AI agent to handle payment follow-ups and debtor reports for SnelStart customers via the BoekhoudAPI, working within the systems already in use.

I am Jacobs Roland, an AI automation specialist who designs and builds OpenClaw-based AI agents. These agents work alongside existing accounting, ERP and billing systems to handle invoice tracking, payment follow-ups, reconciliation and financial reporting.

Would you be open to a brief 20-minute call in the coming weeks to explore whether this could be useful for SnelStart?

If this is not relevant to you, please let me know and I will not contact you again.

Kind regards,

Jacobs Roland
AI Automation Specialist | OpenClaw AI Agent Development
Email: savelroly@gmail.com",,,
support@zenvoices.com,Zenvoices,Netherlands,Medium,Purchase invoice approval reminders at Zenvoices,"Dear Zenvoices team,

I see that Zenvoices processes purchase invoices and allows customers to connect their own email account for document intake.

Around supplier invoice approval and payment, there may be scope for an AI agent to handle supplier query handling and approval reminders around Zenvoices workflows, working within the systems already in use.

I am Jacobs Roland, an AI automation specialist who designs and builds OpenClaw-based AI agents. These agents work alongside existing accounting, ERP and billing systems to handle invoice tracking, payment follow-ups, reconciliation and financial reporting.

Would a short introductory call in the coming weeks be convenient, to assess whether this could be relevant for Zenvoices?

If this is not relevant to you, please let me know and I will not contact you again.

Kind regards,

Jacobs Roland
AI Automation Specialist | OpenClaw AI Agent Development
Email: savelroly@gmail.com",,,
info@aginpranger.nl,AGIN Pranger,Netherlands,Medium,Pre-handover reminders for AGIN Pranger clients,"Dear AGIN Pranger team,

I noticed that AGIN Pranger provides incasso and bailiff services from Assen, Heerenveen, Apeldoorn and Leeuwarden, including support for landlords with non-paying tenants.

Alongside the receivables and collection work AGIN Pranger supports, there may be scope for an AI agent to handle pre-collection reminders and file preparation for AGIN Pranger clients, working within the systems already in use.

I am Jacobs Roland, an AI automation specialist. I design and build OpenClaw-based AI agents that work alongside existing accounting, ERP and billing systems to handle invoice tracking, payment follow-ups, reconciliation and financial reporting.

Would you be open to a brief 20-minute call in the coming weeks to explore whether this could be useful for AGIN Pranger?

If this is not relevant to you, please let me know and I will not contact you again.

Kind regards,

Jacobs Roland
AI Automation Specialist | OpenClaw AI Agent Development
Email: savelroly@gmail.com",,,
info@flanderijn.nl,Flanderijn,Netherlands,Medium,Pre-incasso reminders for Flanderijn's opdrachtgevers,"Dear Flanderijn team,

I see that Flanderijn runs incasso and bailiff services from offices including Amsterdam, Groningen, Maastricht and Rotterdam.

Given the volume of debtor contact involved in collections, there may be scope for an AI agent to handle pre-collection reminders and status reports to opdrachtgevers, working within the systems already in use.

My name is Jacobs Roland and I am an AI automation specialist. I build OpenClaw-based AI agents that operate alongside existing accounting, ERP and billing systems, supporting invoice tracking, payment follow-ups, reconciliation and financial reporting.

Would you be willing to have a short call in the coming weeks to consider whether this might be of value to Flanderijn?

If this is not relevant to you, please let me know and I will not contact you again.

Kind regards,

Jacobs Roland
AI Automation Specialist | OpenClaw AI Agent Development
Email: savelroly@gmail.com",,,
info@klippa.com,Klippa,Netherlands,Medium,Acting on Klippa-extracted invoice data,"Dear Klippa team,

I see that Klippa offers DocHorizon document processing, invoice data extraction and purchase order automation.

Around the invoicing workflows Klippa supports for its users, there may be scope for an AI agent to handle post-extraction approval chasing and finance reporting on top of Klippa data, working within the systems already in use.

My name is Jacobs Roland and I am an AI automation specialist. I build OpenClaw-based AI agents that operate alongside existing accounting, ERP and billing systems, supporting invoice tracking, payment follow-ups, reconciliation and financial reporting.

Would a short introductory call in the coming weeks be convenient, to assess whether this could be relevant for Klippa?

If this is not relevant to you, please let me know and I will not contact you again.

Kind regards,

Jacobs Roland
AI Automation Specialist | OpenClaw AI Agent Development
Email: savelroly@gmail.com",,,
info@tradecloud1.com,Tradecloud,Netherlands,Medium,PO-to-invoice matching around Tradecloud One,"Dear Tradecloud team,

I see that Tradecloud runs Tradecloud One for purchase order management, with documented connectors such as Exact Globe.

Around the invoicing workflows Tradecloud supports for its users, there may be scope for an AI agent to handle PO-invoice matching alerts and supplier follow-ups for Tradecloud users, working within the systems already in use.

I am Jacobs Roland, an AI automation specialist. I design and build OpenClaw-based AI agents that work alongside existing accounting, ERP and billing systems to handle invoice tracking, payment follow-ups, reconciliation and financial reporting.

Would you be willing to have a short call in the coming weeks to consider whether this might be of value to Tradecloud?

If this is not relevant to you, please let me know and I will not contact you again.

Kind regards,

Jacobs Roland
AI Automation Specialist | OpenClaw AI Agent Development
Email: savelroly@gmail.com",,,
hello@invoicesharing.com,Cevinio (InvoiceSharing),Netherlands,Medium,Peppol delivery status checks for Cevinio clients,"Dear Cevinio team,

I noticed that InvoiceSharing forwards e-invoices to Dutch government agencies via Peppol on behalf of Yuki and now operates under the Cevinio brand.

Where e-invoices pass between senders, receivers and networks, there may be scope for an AI agent to handle e-invoice delivery monitoring and exception reports for partners and customers, working within the systems already in use.

My name is Jacobs Roland and I am an AI automation specialist. I build OpenClaw-based AI agents that operate alongside existing accounting, ERP and billing systems, supporting invoice tracking, payment follow-ups, reconciliation and financial reporting.

If it would be of interest, I would welcome a brief 20-minute conversation to explore whether this could support Cevinio.

If this is not relevant to you, please let me know and I will not contact you again.

Kind regards,

Jacobs Roland
AI Automation Specialist | OpenClaw AI Agent Development
Email: savelroly@gmail.com",,,
info@storecove.nl,Storecove,Netherlands,Medium,Peppol delivery exceptions for Storecove API users,"Dear Storecove team,

I see that Storecove runs a Peppol e-invoicing network and publishes guidance on sending e-invoices via Peppol.

Around the e-invoicing flows Storecove handles for its customers, there may be scope for an AI agent to handle delivery-failure alerts and invoice status reports for e-invoices sent through Peppol, working within the systems already in use.

I am Jacobs Roland, an AI automation specialist who designs and builds OpenClaw-based AI agents. These agents work alongside existing accounting, ERP and billing systems to handle invoice tracking, payment follow-ups, reconciliation and financial reporting.

Would a short introductory call in the coming weeks be convenient, to assess whether this could be relevant for Storecove?

If this is not relevant to you, please let me know and I will not contact you again.

Kind regards,

Jacobs Roland
AI Automation Specialist | OpenClaw AI Agent Development
Email: savelroly@gmail.com",,,
info@4ps.nl,4PS,Netherlands,Medium,Termijnfactuur follow-ups in 4PS Construct,"Dear 4PS team,

I noticed that 4PS provides construction ERP built on Microsoft Dynamics 365 Business Central.

Within the ERP environments 4PS works with, there may be scope for an AI agent to handle instalment invoice follow-ups and project cash reports for 4PS users, working within the systems already in use.

I am Jacobs Roland, an AI automation specialist who designs and builds OpenClaw-based AI agents. These agents work alongside existing accounting, ERP and billing systems to handle invoice tracking, payment follow-ups, reconciliation and financial reporting.

If it would be of interest, I would welcome a brief 20-minute conversation to explore whether this could support 4PS.

If this is not relevant to you, please let me know and I will not contact you again.

Kind regards,

Jacobs Roland
AI Automation Specialist | OpenClaw AI Agent Development
Email: savelroly@gmail.com",,,
info@mprise.nl,Axelio (formerly Mprise),Netherlands,Medium,Dynamics finance alerts for Axelio customers,"Dear Axelio team,

I see that Mprise now operates as Axelio, covering Dynamics 365 implementation, a service broker for data exchange and mobile applications.

For businesses whose finance processes run on the ERP systems Axelio supports, there may be scope for an AI agent to handle overdue invoice alerts and finance summaries for Axelio's Dynamics customers, working within the systems already in use.

I am Jacobs Roland, an AI automation specialist. I design and build OpenClaw-based AI agents that work alongside existing accounting, ERP and billing systems to handle invoice tracking, payment follow-ups, reconciliation and financial reporting.

Would a short introductory call in the coming weeks be convenient, to assess whether this could be relevant for Axelio?

If this is not relevant to you, please let me know and I will not contact you again.

Kind regards,

Jacobs Roland
AI Automation Specialist | OpenClaw AI Agent Development
Email: savelroly@gmail.com",,,
sales@boltrics.nl,Boltrics,Netherlands,Medium,Freight invoice disputes in 365 for Transportation,"Dear Boltrics team,

I noticed that Boltrics offers 365 for Transportation and 3PL Dynamics on Microsoft Dynamics 365 Business Central.

Within the ERP environments Boltrics works with, there may be scope for an AI agent to handle freight invoice follow-ups and customer-level AR reports for Boltrics users, working within the systems already in use.

My name is Jacobs Roland and I am an AI automation specialist. I build OpenClaw-based AI agents that operate alongside existing accounting, ERP and billing systems, supporting invoice tracking, payment follow-ups, reconciliation and financial reporting.

Would you be open to a brief 20-minute call in the coming weeks to explore whether this could be useful for Boltrics?

If this is not relevant to you, please let me know and I will not contact you again.

Kind regards,

Jacobs Roland
AI Automation Specialist | OpenClaw AI Agent Development
Email: savelroly@gmail.com",,,
info@syntess.nl,Syntess Software,Netherlands,Medium,Work-order invoice chasing for Syntess Atrium users,"Dear Syntess Software team,

I see that Syntess provides the Atrium software for installation and technical service companies.

Within the ERP environments Syntess Software works with, there may be scope for an AI agent to handle work-order invoice reminders for Syntess Atrium users, working within the systems already in use.

I am Jacobs Roland, an AI automation specialist who designs and builds OpenClaw-based AI agents. These agents work alongside existing accounting, ERP and billing systems to handle invoice tracking, payment follow-ups, reconciliation and financial reporting.

Would you be open to a brief 20-minute call in the coming weeks to explore whether this could be useful for Syntess Software?

If this is not relevant to you, please let me know and I will not contact you again.

Kind regards,

Jacobs Roland
AI Automation Specialist | OpenClaw AI Agent Development
Email: savelroly@gmail.com",,,
info@therp.nl,Therp,Netherlands,Medium,Odoo invoice follow-up agents for Therp clients,"Dear Therp team,

I noticed that Therp implements Odoo (formerly OpenERP) and runs a helpdesk for its clients.

For businesses whose finance processes run on the ERP systems Therp supports, there may be scope for an AI agent to handle AR follow-ups and finance reporting for Therp's Odoo clients, working within the systems already in use.

I am Jacobs Roland, an AI automation specialist. I design and build OpenClaw-based AI agents that work alongside existing accounting, ERP and billing systems to handle invoice tracking, payment follow-ups, reconciliation and financial reporting.

Would you be willing to have a short call in the coming weeks to consider whether this might be of value to Therp?

If this is not relevant to you, please let me know and I will not contact you again.

Kind regards,

Jacobs Roland
AI Automation Specialist | OpenClaw AI Agent Development
Email: savelroly@gmail.com",,,
support@firm24.com,Firm24,Netherlands,Medium,Bookkeeping follow-ups for Firm24's new BVs,"Dear Firm24 team,

I see that Firm24 offers online BV formation, notarial services and online bookkeeping, as well as Firm24 Professional for bookkeepers and accountants.

Given the invoicing and administration work handled on behalf of clients, there may be scope for an AI agent to handle invoice reminders and monthly snapshots for Firm24 bookkeeping clients, working within the systems already in use.

My name is Jacobs Roland and I am an AI automation specialist. I build OpenClaw-based AI agents that operate alongside existing accounting, ERP and billing systems, supporting invoice tracking, payment follow-ups, reconciliation and financial reporting.

If it would be of interest, I would welcome a brief 20-minute conversation to explore whether this could support Firm24.

If this is not relevant to you, please let me know and I will not contact you again.

Kind regards,

Jacobs Roland
AI Automation Specialist | OpenClaw AI Agent Development
Email: savelroly@gmail.com",,,
support@bizcuit.nl,Bizcuit,Netherlands,Medium,Unpaid invoice nudges inside Bizcuit,"Dear Bizcuit team,

I noticed that Bizcuit integrates with accounting tools such as OPplus and offers Bizcuit Payments.

Given the link between payments, invoices and reconciliation in this area, there may be scope for an AI agent to handle unpaid-invoice reminders and weekly cash summaries for Bizcuit users, working within the systems already in use.

I am Jacobs Roland, an AI automation specialist. I design and build OpenClaw-based AI agents that work alongside existing accounting, ERP and billing systems to handle invoice tracking, payment follow-ups, reconciliation and financial reporting.

Would a short introductory call in the coming weeks be convenient, to assess whether this could be relevant for Bizcuit?

If this is not relevant to you, please let me know and I will not contact you again.

Kind regards,

Jacobs Roland
AI Automation Specialist | OpenClaw AI Agent Development
Email: savelroly@gmail.com",,,
info@bluem.nl,Bluem,Netherlands,Medium,Following up failed direct debits via Bluem,"Dear Bluem team,

I see that Bluem offers ePayments and digital direct debit mandates (eMandates).

Around the payment flows Bluem supports for its customers, there may be scope for an AI agent to handle failed-collection follow-ups and payment request reminders for Bluem clients, working within the systems already in use.

My name is Jacobs Roland and I am an AI automation specialist. I build OpenClaw-based AI agents that operate alongside existing accounting, ERP and billing systems, supporting invoice tracking, payment follow-ups, reconciliation and financial reporting.

Would you be open to a brief 20-minute call in the coming weeks to explore whether this could be useful for Bluem?

If this is not relevant to you, please let me know and I will not contact you again.

Kind regards,

Jacobs Roland
AI Automation Specialist | OpenClaw AI Agent Development
Email: savelroly@gmail.com",,,
info@finqle.com,Finqle,Netherlands,Medium,Freelancer invoice status updates at Finqle,"Dear Finqle team,

I noticed that Finqle runs a payment and invoicing platform for freelancers and staffing companies.

Given the link between payments, invoices and reconciliation in this area, there may be scope for an AI agent to handle invoice status answers and late-payment alerts on the Finqle platform, working within the systems already in use.

My name is Jacobs Roland and I am an AI automation specialist. I build OpenClaw-based AI agents that operate alongside existing accounting, ERP and billing systems, supporting invoice tracking, payment follow-ups, reconciliation and financial reporting.

Would a short introductory call in the coming weeks be convenient, to assess whether this could be relevant for Finqle?

If this is not relevant to you, please let me know and I will not contact you again.

Kind regards,

Jacobs Roland
AI Automation Specialist | OpenClaw AI Agent Development
Email: savelroly@gmail.com",,,
post@aider.no,Aider,Norway,Medium,PowerOffice reporting for Aider clients,"Dear Aider team,

I read Aider's client story on moving from binders to PowerOffice.

Given the volume of client bookkeeping and invoicing a practice of this kind manages, there may be scope for an AI agent to handle client invoice follow-ups and monthly finance reporting in PowerOffice, working within the systems already in use.

My name is Jacobs Roland and I am an AI automation specialist. I build OpenClaw-based AI agents that operate alongside existing accounting, ERP and billing systems, supporting invoice tracking, payment follow-ups, reconciliation and financial reporting.

Would you be willing to have a short call in the coming weeks to consider whether this might be of value to Aider?

If this is not relevant to you, please let me know and I will not contact you again.

Kind regards,

Jacobs Roland
AI Automation Specialist | OpenClaw AI Agent Development
Email: savelroly@gmail.com",,,
info@ecit.com,ECIT,Norway,Medium,ECPay collection reporting at ECIT,"Dear ECIT team,

I noticed that ECIT's ECPay delivers invoicing and collection services, while ECIT Digital automates incoming invoices with machine learning.

With a broad portfolio of client administrations to keep current, there may be scope for an AI agent to handle collection status reporting and client finance alerts across ECIT units, working within the systems already in use.

I am Jacobs Roland, an AI automation specialist who designs and builds OpenClaw-based AI agents. These agents work alongside existing accounting, ERP and billing systems to handle invoice tracking, payment follow-ups, reconciliation and financial reporting.

If it would be of interest, I would welcome a brief 20-minute conversation to explore whether this could support ECIT.

If this is not relevant to you, please let me know and I will not contact you again.

Kind regards,

Jacobs Roland
AI Automation Specialist | OpenClaw AI Agent Development
Email: savelroly@gmail.com",,,
support@daldata.no,Duett,Norway,Medium,ELMA and EHF exception handling for Duett,"Dear Duett team,

I noticed that Duett checks ELMA registration for e-invoice customers and offers PDF-to-EHF interpretation for incoming invoices.

For a platform that many businesses rely on for invoicing and accounting, there may be scope for an AI agent to handle PDF-to-EHF exceptions and overdue receivables follow-ups for Duett users, working within the systems already in use.

My name is Jacobs Roland and I am an AI automation specialist. I build OpenClaw-based AI agents that operate alongside existing accounting, ERP and billing systems, supporting invoice tracking, payment follow-ups, reconciliation and financial reporting.

Would you be open to a brief 20-minute call in the coming weeks to explore whether this could be useful for Duett?

If this is not relevant to you, please let me know and I will not contact you again.

Kind regards,

Jacobs Roland
AI Automation Specialist | OpenClaw AI Agent Development
Email: savelroly@gmail.com",,,
partner@fiken.no,Fiken,Norway,Medium,Overdue-invoice digests for Fiken partner accountants,"Dear Fiken team,

I see that Fiken runs a dedicated programme and help pages for accountants through Fiken for regnskapsførere.

Around the invoicing and accounting workflows Fiken supports, there may be scope for an AI agent to handle client bookkeeping status reports and overdue-invoice digests for partner accountants, working within the systems already in use.

I am Jacobs Roland, an AI automation specialist who designs and builds OpenClaw-based AI agents. These agents work alongside existing accounting, ERP and billing systems to handle invoice tracking, payment follow-ups, reconciliation and financial reporting.

Would you be willing to have a short call in the coming weeks to consider whether this might be of value to Fiken?

If this is not relevant to you, please let me know and I will not contact you again.

Kind regards,

Jacobs Roland
AI Automation Specialist | OpenClaw AI Agent Development
Email: savelroly@gmail.com",,,
mail@xledger.co.uk,Xledger,Norway,Medium,Supplier-invoice exceptions behind Xledger's AP capture,"Dear Xledger team,

I noticed that Xledger lets suppliers email invoices that become AP journal entries automatically.

Around the invoicing and accounting workflows Xledger supports, there may be scope for an AI agent to handle invoice exception summaries and project billing alerts, working within the systems already in use.

I am Jacobs Roland, an AI automation specialist. I design and build OpenClaw-based AI agents that work alongside existing accounting, ERP and billing systems to handle invoice tracking, payment follow-ups, reconciliation and financial reporting.

Would you be willing to have a short call in the coming weeks to consider whether this might be of value to Xledger?

If this is not relevant to you, please let me know and I will not contact you again.

Kind regards,

Jacobs Roland
AI Automation Specialist | OpenClaw AI Agent Development
Email: savelroly@gmail.com",,,
support@24sevenoffice.com,24SevenOffice,Norway,Medium,OCR invoice inbox checks at 24SevenOffice,"Dear 24SevenOffice team,

I noticed that 24SevenOffice provides an email address for scanned documents, which then appear as OCR-readable files in the system.

Around the invoicing workflows 24SevenOffice supports for its users, there may be scope for an AI agent to handle invoice inbox validation and month-end finance reports, working within the systems already in use.

I am Jacobs Roland, an AI automation specialist who designs and builds OpenClaw-based AI agents. These agents work alongside existing accounting, ERP and billing systems to handle invoice tracking, payment follow-ups, reconciliation and financial reporting.

Would a short introductory call in the coming weeks be convenient, to assess whether this could be relevant for 24SevenOffice?

If this is not relevant to you, please let me know and I will not contact you again.

Kind regards,

Jacobs Roland
AI Automation Specialist | OpenClaw AI Agent Development
Email: savelroly@gmail.com",,,
hjelp@sendregning.no,SendRegning,Norway,Medium,KID payment matching for SendRegning users,"Dear SendRegning team,

I see that SendRegning lets businesses send invoices via EHF, email or paper with KID numbers and accounting integration.

As invoices issued through SendRegning move from sending to payment, there may be scope for an AI agent to handle KID payment matching reports and invoice reminder digests, working within the systems already in use.

I am Jacobs Roland, an AI automation specialist. I design and build OpenClaw-based AI agents that work alongside existing accounting, ERP and billing systems to handle invoice tracking, payment follow-ups, reconciliation and financial reporting.

Would you be open to a brief 20-minute call in the coming weeks to explore whether this could be useful for SendRegning?

If this is not relevant to you, please let me know and I will not contact you again.

Kind regards,

Jacobs Roland
AI Automation Specialist | OpenClaw AI Agent Development
Email: savelroly@gmail.com",,,
bok@ifirma.pl,ifirma,Poland,Medium,Reminder escalation inside ifirma's windykacja module,"Dear ifirma team,

I see that ifirma includes payment reminder notices and a debt collection module within its invoicing system.

For a platform that many businesses rely on for invoicing and accounting, there may be scope for an AI agent to handle reminder escalation reports and debtor follow-ups, working within the systems already in use.

I am Jacobs Roland, an AI automation specialist who designs and builds OpenClaw-based AI agents. These agents work alongside existing accounting, ERP and billing systems to handle invoice tracking, payment follow-ups, reconciliation and financial reporting.

If it would be of interest, I would welcome a brief 20-minute conversation to explore whether this could support ifirma.

If this is not relevant to you, please let me know and I will not contact you again.

Kind regards,

Jacobs Roland
AI Automation Specialist | OpenClaw AI Agent Development
Email: savelroly@gmail.com",,,
info@fakturownia.pl,Fakturownia,Poland,Medium,DKIM-sent invoices and payment chasing at Fakturownia,"Dear Fakturownia team,

I noticed that Fakturownia supports sending invoices by email from the user's own domain (DKIM) and offers an API.

Around the invoicing workflows Fakturownia supports for its users, there may be scope for an AI agent to handle KSeF/e-invoice status checks and overdue invoice follow-ups, working within the systems already in use.

I am Jacobs Roland, an AI automation specialist. I design and build OpenClaw-based AI agents that work alongside existing accounting, ERP and billing systems to handle invoice tracking, payment follow-ups, reconciliation and financial reporting.

Would you be willing to have a short call in the coming weeks to consider whether this might be of value to Fakturownia?

If this is not relevant to you, please let me know and I will not contact you again.

Kind regards,

Jacobs Roland
AI Automation Specialist | OpenClaw AI Agent Development
Email: savelroly@gmail.com",,,
contacto@cuentica.com,Cuéntica,Spain,Medium,After-hours invoice questions for Cuéntica,"Dear Cuéntica team,

I see that Cuéntica offers 'Verifactu Very Fácil' certified invoicing alongside its asesoría services.

For a platform that many businesses rely on for invoicing and accounting, there may be scope for an AI agent to handle overdue invoice follow-ups and monthly cash summaries for freelancers using Cuéntica invoicing, working within the systems already in use.

My name is Jacobs Roland and I am an AI automation specialist. I build OpenClaw-based AI agents that operate alongside existing accounting, ERP and billing systems, supporting invoice tracking, payment follow-ups, reconciliation and financial reporting.

Would you be open to a brief 20-minute call in the coming weeks to explore whether this could be useful for Cuéntica?

If this is not relevant to you, please let me know and I will not contact you again.

Kind regards,

Jacobs Roland
AI Automation Specialist | OpenClaw AI Agent Development
Email: savelroly@gmail.com",,,
info@stelorder.com,STEL Order,Spain,Medium,Daily receivables summaries for STEL Order SMEs,"Dear STEL Order team,

I noticed that STEL Order runs a Punto de Información Verifactu and offers a free Verifactu invoice creator.

Around the invoicing workflows STEL Order supports for its users, there may be scope for an AI agent to handle payment reminders and daily receivables reports for trade and service SMEs using STEL Order, working within the systems already in use.

My name is Jacobs Roland and I am an AI automation specialist. I build OpenClaw-based AI agents that operate alongside existing accounting, ERP and billing systems, supporting invoice tracking, payment follow-ups, reconciliation and financial reporting.

Would a short introductory call in the coming weeks be convenient, to assess whether this could be relevant for STEL Order?

If this is not relevant to you, please let me know and I will not contact you again.

Kind regards,

Jacobs Roland
AI Automation Specialist | OpenClaw AI Agent Development
Email: savelroly@gmail.com",,,
info@invopop.com,Invopop,Spain,Medium,Tracking Peppol email-fallback deliveries at Invopop,"Dear Invopop team,

I see that Invopop documents a Peppol app with an email fallback that sends invoices by email when Peppol delivery fails.

Where e-invoices pass between senders, receivers and networks, there may be scope for an AI agent to handle monitoring of Peppol delivery failures and email-fallback cases for API customers, with daily exception reports, working within the systems already in use.

My name is Jacobs Roland and I am an AI automation specialist. I build OpenClaw-based AI agents that operate alongside existing accounting, ERP and billing systems, supporting invoice tracking, payment follow-ups, reconciliation and financial reporting.

If it would be of interest, I would welcome a brief 20-minute conversation to explore whether this could support Invopop.

If this is not relevant to you, please let me know and I will not contact you again.

Kind regards,

Jacobs Roland
AI Automation Specialist | OpenClaw AI Agent Development
Email: savelroly@gmail.com",,,
info@billin.eu,Billin (TS Facturas),Spain,Medium,WhatsApp-friendly payment chasing for Billin gestorías,"Dear Billin team,

I see that Billin offers invoicing software for asesorías and gestorías, sending invoices by email, secure link or WhatsApp.

As invoices issued through Billin move from sending to payment, there may be scope for an AI agent to handle invoice tracking and payment reminders for accounting-office (gestoría) clients on Billin, working within the systems already in use.

I am Jacobs Roland, an AI automation specialist. I design and build OpenClaw-based AI agents that work alongside existing accounting, ERP and billing systems to handle invoice tracking, payment follow-ups, reconciliation and financial reporting.

Would you be open to a brief 20-minute call in the coming weeks to explore whether this could be useful for Billin?

If this is not relevant to you, please let me know and I will not contact you again.

Kind regards,

Jacobs Roland
AI Automation Specialist | OpenClaw AI Agent Development
Email: savelroly@gmail.com",,,
info@facturadirecta.com,FacturaDirecta,Spain,Medium,Unpaid invoice follow-ups in FacturaDirecta,"Dear FacturaDirecta team,

I noticed that FacturaDirecta offers online invoicing with automatic numbering, email sending, a developer API and a reseller programme.

Around the invoicing workflows FacturaDirecta supports for its users, there may be scope for an AI agent to handle unpaid invoice follow-ups and client invoice reports, working within the systems already in use.

My name is Jacobs Roland and I am an AI automation specialist. I build OpenClaw-based AI agents that operate alongside existing accounting, ERP and billing systems, supporting invoice tracking, payment follow-ups, reconciliation and financial reporting.

Would you be willing to have a short call in the coming weeks to consider whether this might be of value to FacturaDirecta?

If this is not relevant to you, please let me know and I will not contact you again.

Kind regards,

Jacobs Roland
AI Automation Specialist | OpenClaw AI Agent Development
Email: savelroly@gmail.com",,,
kundsupport@aspia.se,Aspia,Sweden,Medium,MyBusiness reporting alerts for Aspia clients,"Dear Aspia team,

I noticed that Aspia offers MyBusiness, its digital financial management tool, to its accounting clients.

Given the volume of client bookkeeping and invoicing a practice of this kind manages, there may be scope for an AI agent to handle client document chasing and MyBusiness reporting alerts, working within the systems already in use.

I am Jacobs Roland, an AI automation specialist who designs and builds OpenClaw-based AI agents. These agents work alongside existing accounting, ERP and billing systems to handle invoice tracking, payment follow-ups, reconciliation and financial reporting.

Would you be willing to have a short call in the coming weeks to consider whether this might be of value to Aspia?

If this is not relevant to you, please let me know and I will not contact you again.

Kind regards,

Jacobs Roland
AI Automation Specialist | OpenClaw AI Agent Development
Email: savelroly@gmail.com",,,
ekonomi.se@bjornlunden.com,Björn Lundén,Sweden,Medium,Supplier invoice registration in Björn Lundén,"Dear Björn Lundén team,

I noticed that Björn Lundén runs a developer platform and support guides such as registering supplier invoices.

Around the invoicing and accounting workflows Björn Lundén supports, there may be scope for an AI agent to handle supplier-invoice registration checks and finance status reports, working within the systems already in use.

My name is Jacobs Roland and I am an AI automation specialist. I build OpenClaw-based AI agents that operate alongside existing accounting, ERP and billing systems, supporting invoice tracking, payment follow-ups, reconciliation and financial reporting.

Would a short introductory call in the coming weeks be convenient, to assess whether this could be relevant for Björn Lundén?

If this is not relevant to you, please let me know and I will not contact you again.

Kind regards,

Jacobs Roland
AI Automation Specialist | OpenClaw AI Agent Development
Email: savelroly@gmail.com",,,
support@bokio.se,Bokio,Sweden,Medium,E-faktura delivery checks for Bokio users,"Dear Bokio team,

I see that Bokio's help centre covers e-invoicing questions and lists integrations such as Stripe Bookkeeping by Integrati.

For a platform that many businesses rely on for invoicing and accounting, there may be scope for an AI agent to handle e-invoice delivery checks and payment matching summaries for small business users, working within the systems already in use.

I am Jacobs Roland, an AI automation specialist who designs and builds OpenClaw-based AI agents. These agents work alongside existing accounting, ERP and billing systems to handle invoice tracking, payment follow-ups, reconciliation and financial reporting.

Would you be open to a brief 20-minute call in the coming weeks to explore whether this could be useful for Bokio?

If this is not relevant to you, please let me know and I will not contact you again.

Kind regards,

Jacobs Roland
AI Automation Specialist | OpenClaw AI Agent Development
Email: savelroly@gmail.com",,,
hej@dooer.com,Dooer,Sweden,Medium,Billing run checks in Dooer v4,"Dear Dooer team,

I noticed that Dooer's help centre documents the billing and customer register features of its v4 platform.

Around the invoicing and accounting workflows Dooer supports, there may be scope for an AI agent to handle billing run checks and overdue customer reminders, working within the systems already in use.

I am Jacobs Roland, an AI automation specialist. I design and build OpenClaw-based AI agents that work alongside existing accounting, ERP and billing systems to handle invoice tracking, payment follow-ups, reconciliation and financial reporting.

Would you be willing to have a short call in the coming weeks to consider whether this might be of value to Dooer?

If this is not relevant to you, please let me know and I will not contact you again.

Kind regards,

Jacobs Roland
AI Automation Specialist | OpenClaw AI Agent Development
Email: savelroly@gmail.com",,,
support@kleer.se,Kleer,Sweden,Medium,Receivables reports from Kleer's API,"Dear Kleer team,

I see that Kleer offers an invoicing program, an accounting system and public API documentation.

For a platform that many businesses rely on for invoicing and accounting, there may be scope for an AI agent to handle invoice reminders and API-based receivables reports, working within the systems already in use.

My name is Jacobs Roland and I am an AI automation specialist. I build OpenClaw-based AI agents that operate alongside existing accounting, ERP and billing systems, supporting invoice tracking, payment follow-ups, reconciliation and financial reporting.

If it would be of interest, I would welcome a brief 20-minute conversation to explore whether this could support Kleer.

If this is not relevant to you, please let me know and I will not contact you again.

Kind regards,

Jacobs Roland
AI Automation Specialist | OpenClaw AI Agent Development
Email: savelroly@gmail.com",,,
ekonomi@speedledger.se,SpeedLedger,Sweden,Medium,Contract and invoice questions at SpeedLedger,"Dear SpeedLedger team,

I noticed that SpeedLedger offers free bookkeeping advice and support alongside its e-bokföring software, including a Swedbank channel.

Around the invoicing and accounting workflows SpeedLedger supports, there may be scope for an AI agent to handle invoice and contract query handling and customer billing reports, working within the systems already in use.

I am Jacobs Roland, an AI automation specialist who designs and builds OpenClaw-based AI agents. These agents work alongside existing accounting, ERP and billing systems to handle invoice tracking, payment follow-ups, reconciliation and financial reporting.

Would a short introductory call in the coming weeks be convenient, to assess whether this could be relevant for SpeedLedger?

If this is not relevant to you, please let me know and I will not contact you again.

Kind regards,

Jacobs Roland
AI Automation Specialist | OpenClaw AI Agent Development
Email: savelroly@gmail.com",,,
support@inyett.se,Inyett,Sweden,Medium,Flagged supplier payment alerts for Inyett customers,"Dear Inyett team,

I see that Inyett provides a payment-control service used by finance teams to verify payments and suppliers.

Given the link between payments, invoices and reconciliation in this area, there may be scope for an AI agent to handle supplier-payment exception reports and finance alerts for flagged payments, working within the systems already in use.

My name is Jacobs Roland and I am an AI automation specialist. I build OpenClaw-based AI agents that operate alongside existing accounting, ERP and billing systems, supporting invoice tracking, payment follow-ups, reconciliation and financial reporting.

Would a short introductory call in the coming weeks be convenient, to assess whether this could be relevant for Inyett?

If this is not relevant to you, please let me know and I will not contact you again.

Kind regards,

Jacobs Roland
AI Automation Specialist | OpenClaw AI Agent Development
Email: savelroly@gmail.com",,,
contact@apt-treuhand.com,APT AG Treuhand + Beratung,Switzerland,Medium,E-commerce bookkeeping intake at APT Treuhand,"Dear APT AG Treuhand + Beratung team,

I noticed that APT AG Treuhand in Suhr offers startup and e-commerce advisory and is listed as a Banana Accounting partner.

With a broad portfolio of client administrations to keep current, there may be scope for an AI agent to handle marketplace payout reconciliation and client document chasing for e-commerce bookkeeping, working within the systems already in use.

I am Jacobs Roland, an AI automation specialist who designs and builds OpenClaw-based AI agents. These agents work alongside existing accounting, ERP and billing systems to handle invoice tracking, payment follow-ups, reconciliation and financial reporting.

Would you be open to a brief 20-minute call in the coming weeks to explore whether this could be useful for APT AG Treuhand + Beratung?

If this is not relevant to you, please let me know and I will not contact you again.

Kind regards,

Jacobs Roland
AI Automation Specialist | OpenClaw AI Agent Development
Email: savelroly@gmail.com",,,
info@zahlenfux.ch,Zahlenfux GmbH,Switzerland,Medium,Bookkeeping routines at Zahlenfux in Bern and Solothurn,"Dear Zahlenfux team,

I noticed that Zahlenfux serves bookkeeping clients in Bern and Solothurn and is listed as a Banana Accounting partner.

Given the volume of client bookkeeping and invoicing a practice of this kind manages, there may be scope for an AI agent to handle receipt collection, missing-document reminders and monthly client reports for a small fiduciary office, working within the systems already in use.

I am Jacobs Roland, an AI automation specialist. I design and build OpenClaw-based AI agents that work alongside existing accounting, ERP and billing systems to handle invoice tracking, payment follow-ups, reconciliation and financial reporting.

Would a short introductory call in the coming weeks be convenient, to assess whether this could be relevant for Zahlenfux?

If this is not relevant to you, please let me know and I will not contact you again.

Kind regards,

Jacobs Roland
AI Automation Specialist | OpenClaw AI Agent Development
Email: savelroly@gmail.com",,,
info@topal.ch,Topal Solutions AG,Switzerland,Medium,Debtor reminders and reports for Topal customers,"Dear Topal Solutions team,

I noticed that Topal Solutions offers Swiss accounting and payroll software, supported by a distribution partner network.

Around the invoicing and accounting workflows Topal Solutions supports, there may be scope for an AI agent to handle debtor reminders and monthly management reports for Topal accounting users, working within the systems already in use.

My name is Jacobs Roland and I am an AI automation specialist. I build OpenClaw-based AI agents that operate alongside existing accounting, ERP and billing systems, supporting invoice tracking, payment follow-ups, reconciliation and financial reporting.

Would a short introductory call in the coming weeks be convenient, to assess whether this could be relevant for Topal Solutions?

If this is not relevant to you, please let me know and I will not contact you again.

Kind regards,

Jacobs Roland
AI Automation Specialist | OpenClaw AI Agent Development
Email: savelroly@gmail.com",,,
sales@parashift.io,Parashift AG,Switzerland,Medium,After extraction: AP follow-through for Parashift users,"Dear Parashift team,

I read the Parashift blog on capturing cash discounts on AP invoices through faster throughput times.

Alongside the receivables and collection work Parashift supports, there may be scope for an AI agent to handle approval routing, supplier queries and AP status reports after document extraction, working within the systems already in use.

I am Jacobs Roland, an AI automation specialist who designs and builds OpenClaw-based AI agents. These agents work alongside existing accounting, ERP and billing systems to handle invoice tracking, payment follow-ups, reconciliation and financial reporting.

Would you be open to a brief 20-minute call in the coming weeks to explore whether this could be useful for Parashift?

If this is not relevant to you, please let me know and I will not contact you again.

Kind regards,

Jacobs Roland
AI Automation Specialist | OpenClaw AI Agent Development
Email: savelroly@gmail.com",,,
info@klara.ch,KLARA (ePost Service AG),Switzerland,Medium,Payment reminder agents alongside KLARA invoicing,"Dear KLARA team,

I see that KLARA, run by ePost Service AG in Lucerne, offers cloud accounting, invoicing and payroll for Swiss SMEs.

Around the invoicing workflows KLARA supports for its users, there may be scope for an AI agent to handle overdue invoice follow-ups, QR-bill payment matching and weekly cash summaries for KLARA SME users, working within the systems already in use.

I am Jacobs Roland, an AI automation specialist who designs and builds OpenClaw-based AI agents. These agents work alongside existing accounting, ERP and billing systems to handle invoice tracking, payment follow-ups, reconciliation and financial reporting.

Would a short introductory call in the coming weeks be convenient, to assess whether this could be relevant for KLARA?

If this is not relevant to you, please let me know and I will not contact you again.

Kind regards,

Jacobs Roland
AI Automation Specialist | OpenClaw AI Agent Development
Email: savelroly@gmail.com",,,
info@proffix.ch,Proffix (Forterro Schweiz Proffix AG),Switzerland,Medium,Order-to-cash follow-up on Proffix Px5,"Dear Proffix team,

I see that Proffix Px5, now part of Forterro, is a Swiss ERP covering address management, accounting and invoicing.

Around the invoicing workflows Proffix supports for its users, there may be scope for an AI agent to handle overdue tracking, payment reminders and cash reports for Proffix Px5 customers, working within the systems already in use.

My name is Jacobs Roland and I am an AI automation specialist. I build OpenClaw-based AI agents that operate alongside existing accounting, ERP and billing systems, supporting invoice tracking, payment follow-ups, reconciliation and financial reporting.

Would you be willing to have a short call in the coming weeks to consider whether this might be of value to Proffix?

If this is not relevant to you, please let me know and I will not contact you again.

Kind regards,

Jacobs Roland
AI Automation Specialist | OpenClaw AI Agent Development
Email: savelroly@gmail.com",,,
support@swiss21.org,Swiss21.org AG,Switzerland,Medium,Beyond Mahnwesen settings in Swiss21,"Dear Swiss21.org team,

I noticed that Swiss21 offers a free ERP for founders, with a help article on configuring Mahnwesen (dunning).

Within the invoicing and finance features of business software such as Swiss21.org, there may be scope for an AI agent to handle reminder follow-through, partial payment checks and weekly cash summaries for Swiss21 users, working within the systems already in use.

I am Jacobs Roland, an AI automation specialist who designs and builds OpenClaw-based AI agents. These agents work alongside existing accounting, ERP and billing systems to handle invoice tracking, payment follow-ups, reconciliation and financial reporting.

If it would be of interest, I would welcome a brief 20-minute conversation to explore whether this could support Swiss21.org.

If this is not relevant to you, please let me know and I will not contact you again.

Kind regards,

Jacobs Roland
AI Automation Specialist | OpenClaw AI Agent Development
Email: savelroly@gmail.com",,,
info@mint-system.ch,Mint System GmbH,Switzerland,Medium,Finance admin agents for Mint System's Odoo users,"Dear Mint System team,

I noticed that Mint System runs Odoo projects and maintains a public wiki with contract templates.

Within the ERP environments Mint System works with, there may be scope for an AI agent to handle payment follow-ups and reconciliation checks for Odoo clients of Mint System, working within the systems already in use.

I am Jacobs Roland, an AI automation specialist. I design and build OpenClaw-based AI agents that work alongside existing accounting, ERP and billing systems to handle invoice tracking, payment follow-ups, reconciliation and financial reporting.

If it would be of interest, I would welcome a brief 20-minute conversation to explore whether this could support Mint System.

If this is not relevant to you, please let me know and I will not contact you again.

Kind regards,

Jacobs Roland
AI Automation Specialist | OpenClaw AI Agent Development
Email: savelroly@gmail.com",,,
info@mfgroup.ch,MF Group AG,Switzerland,Medium,Merchant-side invoice tracking for MF Group factoring,"Dear MF Group team,

I noticed that MF Group in St. Gallen offers purchase on invoice, factoring and instalment payments.

Around the payment flows MF Group supports for its customers, there may be scope for an AI agent to handle payout reconciliation and invoice status reporting for factoring merchants, working within the systems already in use.

I am Jacobs Roland, an AI automation specialist who designs and builds OpenClaw-based AI agents. These agents work alongside existing accounting, ERP and billing systems to handle invoice tracking, payment follow-ups, reconciliation and financial reporting.

Would you be open to a brief 20-minute call in the coming weeks to explore whether this could be useful for MF Group?

If this is not relevant to you, please let me know and I will not contact you again.

Kind regards,

Jacobs Roland
AI Automation Specialist | OpenClaw AI Agent Development
Email: savelroly@gmail.com",,,
service@graydon.nl,Graydon Nederland,Netherlands,Low,Credit-risk-aware reminders using Graydon data,"Dear Graydon Nederland team,

I read Graydon's article on its partnership with Payt for an effective, automated debtor policy.

Alongside the receivables and collection work Graydon Nederland supports, there may be scope for an AI agent to handle risk-based collection prioritisation using Graydon APIs, working within the systems already in use.

I am Jacobs Roland, an AI automation specialist who designs and builds OpenClaw-based AI agents. These agents work alongside existing accounting, ERP and billing systems to handle invoice tracking, payment follow-ups, reconciliation and financial reporting.

If it would be of interest, I would welcome a brief 20-minute conversation to explore whether this could support Graydon Nederland.

If this is not relevant to you, please let me know and I will not contact you again.

Kind regards,

Jacobs Roland
AI Automation Specialist | OpenClaw AI Agent Development
Email: savelroly@gmail.com",,,
info-nl@hso.com,HSO,Netherlands,Low,AR agents for HSO's Dynamics 365 clients,"Dear HSO team,

I see that HSO implements Microsoft Dynamics 365 and offers First Line Support by HSO.

For businesses whose finance processes run on the ERP systems HSO supports, there may be scope for an AI agent to handle AR follow-ups and invoice queries for HSO's Dynamics 365 clients, working within the systems already in use.

I am Jacobs Roland, an AI automation specialist who designs and builds OpenClaw-based AI agents. These agents work alongside existing accounting, ERP and billing systems to handle invoice tracking, payment follow-ups, reconciliation and financial reporting.

Would you be willing to have a short call in the coming weeks to consider whether this might be of value to HSO?

If this is not relevant to you, please let me know and I will not contact you again.

Kind regards,

Jacobs Roland
AI Automation Specialist | OpenClaw AI Agent Development
Email: savelroly@gmail.com",,,
info@fiscount.nl,Fiscount,Netherlands,Low,Finance admin agents for Fiscount member firms,"Dear Fiscount team,

I noticed that Fiscount supports accountancy firms with the Fiscofoon helpdesk, a model library and the FKS quality system.

Given the invoicing and administration work handled on behalf of clients, there may be scope for an AI agent to handle debtor follow-ups and reporting for Fiscount member firms, working within the systems already in use.

I am Jacobs Roland, an AI automation specialist who designs and builds OpenClaw-based AI agents. These agents work alongside existing accounting, ERP and billing systems to handle invoice tracking, payment follow-ups, reconciliation and financial reporting.

Would a short introductory call in the coming weeks be convenient, to assess whether this could be relevant for Fiscount?

If this is not relevant to you, please let me know and I will not contact you again.

Kind regards,

Jacobs Roland
AI Automation Specialist | OpenClaw AI Agent Development
Email: savelroly@gmail.com",,,
contact@floryn.com,Floryn,Netherlands,Low,Cash forecasts for Floryn's SME borrowers,"Dear Floryn team,

I see that Floryn, formerly InvoiceFinance, offers business financing together with a partner programme.

Around the payment flows Floryn supports for its customers, there may be scope for an AI agent to handle receivables follow-up and cash reports for Floryn's SME customers, working within the systems already in use.

I am Jacobs Roland, an AI automation specialist who designs and builds OpenClaw-based AI agents. These agents work alongside existing accounting, ERP and billing systems to handle invoice tracking, payment follow-ups, reconciliation and financial reporting.

Would you be open to a brief 20-minute call in the coming weeks to explore whether this could be useful for Floryn?

If this is not relevant to you, please let me know and I will not contact you again.

Kind regards,

Jacobs Roland
AI Automation Specialist | OpenClaw AI Agent Development
Email: savelroly@gmail.com",,,
info@multisafepay.com,MultiSafepay,Netherlands,Low,Reconciling MultiSafepay settlements with invoices,"Dear MultiSafepay team,

I understand that MultiSafepay operates an online payments platform from its head office in Amsterdam.

Given the link between payments, invoices and reconciliation in this area, there may be scope for an AI agent to handle settlement reconciliation and unpaid-order follow-ups for MultiSafepay merchants, working within the systems already in use.

I am Jacobs Roland, an AI automation specialist. I design and build OpenClaw-based AI agents that work alongside existing accounting, ERP and billing systems to handle invoice tracking, payment follow-ups, reconciliation and financial reporting.

Would you be willing to have a short call in the coming weeks to consider whether this might be of value to MultiSafepay?

If this is not relevant to you, please let me know and I will not contact you again.

Kind regards,

Jacobs Roland
AI Automation Specialist | OpenClaw AI Agent Development
Email: savelroly@gmail.com",,,
support@pay.nl,Pay.,Netherlands,Low,Matching Pay. payouts to open invoices,"Dear Pay. team,

I noticed that Pay. offers payment methods such as Klarna and a merchant admin panel for its customers.

Around the payment flows Pay. supports for its customers, there may be scope for an AI agent to handle payout-to-invoice reconciliation for Pay. merchants, working within the systems already in use.

My name is Jacobs Roland and I am an AI automation specialist. I build OpenClaw-based AI agents that operate alongside existing accounting, ERP and billing systems, supporting invoice tracking, payment follow-ups, reconciliation and financial reporting.

If it would be of interest, I would welcome a brief 20-minute conversation to explore whether this could support Pay..

If this is not relevant to you, please let me know and I will not contact you again.

Kind regards,

Jacobs Roland
AI Automation Specialist | OpenClaw AI Agent Development
Email: savelroly@gmail.com",,,
support@unikum.net,Unikum,Sweden,Low,Order-to-invoice status reports for Unikum,"Dear Unikum team,

I see that Unikum offers business and accounting software to Swedish companies, with demos available on request.

Around the invoicing workflows Unikum supports for its users, there may be scope for an AI agent to handle invoice and order status reports for Unikum users, working within the systems already in use.

I am Jacobs Roland, an AI automation specialist. I design and build OpenClaw-based AI agents that work alongside existing accounting, ERP and billing systems to handle invoice tracking, payment follow-ups, reconciliation and financial reporting.

Would a short introductory call in the coming weeks be convenient, to assess whether this could be relevant for Unikum?

If this is not relevant to you, please let me know and I will not contact you again.

Kind regards,

Jacobs Roland
AI Automation Specialist | OpenClaw AI Agent Development
Email: savelroly@gmail.com",,,
welcome@opacc.ch,Opacc Software AG,Switzerland,Low,Receivables alerts alongside OpaccOne,"Dear Opacc Software team,

I noticed that Opacc Software builds the OpaccOne ERP for Swiss companies from Rothenburg.

Within the invoicing and finance features of business software such as Opacc Software, there may be scope for an AI agent to handle overdue alerts and management cash reporting for OpaccOne customers, working within the systems already in use.

I am Jacobs Roland, an AI automation specialist. I design and build OpenClaw-based AI agents that work alongside existing accounting, ERP and billing systems to handle invoice tracking, payment follow-ups, reconciliation and financial reporting.

Would you be open to a brief 20-minute call in the coming weeks to explore whether this could be useful for Opacc Software?

If this is not relevant to you, please let me know and I will not contact you again.

Kind regards,

Jacobs Roland
AI Automation Specialist | OpenClaw AI Agent Development
Email: savelroly@gmail.com",,,
dortmund@audalis.de,audalis Kohler Punge & Partner mbB,Germany,Medium,Client document reminders at audalis,"Dear audalis team,

I noted that audalis Kohler Punge & Partner provides tax, audit and accounting services from Dortmund.

In that context, there may be scope to use an AI agent to send client document reminders and prepare month-end status reports.

I am Jacobs Roland, an AI automation specialist, and I design and build OpenClaw-based AI agents that operate alongside existing accounting, ERP and billing systems, covering invoice tracking, payment follow-ups, reconciliation and financial reporting.

Might you have 20 minutes in the coming weeks for a short call to assess whether this would be useful for audalis?

If this is not relevant to you, please let me know and I will not contact you again.

Kind regards,

Jacobs Roland
AI Automation Specialist | OpenClaw AI Agent Development
Email: savelroly@gmail.com",,,
info@bansbach-gmbh.de,BANSBACH GmbH,Germany,Medium,Recurring finance reports at BANSBACH,"Dear BANSBACH team,

I noted that BANSBACH offers sustainability (ESG) reporting alongside tax and audit from Stuttgart.

I believe there may be scope for an AI agent to handle client data requests and prepare recurring finance reports, while your existing processes remain in place.

My name is Jacobs Roland and I am an AI automation specialist. I build OpenClaw-based AI agents that sit alongside existing accounting, ERP and billing systems and take on invoice tracking, payment follow-ups, reconciliation and financial reporting.

Might you have 20 minutes in the coming weeks for a short call to assess whether this would be useful for BANSBACH?

If this is not relevant to you, please let me know and I will not contact you again.

Kind regards,

Jacobs Roland
AI Automation Specialist | OpenClaw AI Agent Development
Email: savelroly@gmail.com",,,
info@BRL.de,BRL Boege Rohde Luebbehuesen,Germany,Medium,Cross-office status reporting at BRL,"Dear BRL team,

I noted that BRL provides tax, audit and accounting services from multiple offices across Germany.

With that in mind, there may be scope for an AI agent to send client document reminders and prepare cross-office finance status reports, working within the tools your team already uses.

I am Jacobs Roland, an AI automation specialist. I design and build OpenClaw-based AI agents that work alongside existing accounting, ERP and billing systems to handle invoice tracking, payment follow-ups, reconciliation and financial reporting.

Would you be open to a brief 20-minute call in the coming weeks to explore whether this could be useful for BRL?

If this is not relevant to you, please let me know and I will not contact you again.

Kind regards,

Jacobs Roland
AI Automation Specialist | OpenClaw AI Agent Development
Email: savelroly@gmail.com",,,
info@dhpg.de,dhpg,Germany,Medium,Client document chasing at dhpg,"Dear dhpg team,

I noted that dhpg's newsletter recently discussed when an email counts as received.

There may be scope for an AI agent to chase client documents and prepare recurring bookkeeping status reports, giving your team more time for higher-value work.

I am Jacobs Roland, an AI automation specialist, and I design and build OpenClaw-based AI agents that operate alongside existing accounting, ERP and billing systems, covering invoice tracking, payment follow-ups, reconciliation and financial reporting.

Would you be open to a brief 20-minute call in the coming weeks to explore whether this could be useful for dhpg?

If this is not relevant to you, please let me know and I will not contact you again.

Kind regards,

Jacobs Roland
AI Automation Specialist | OpenClaw AI Agent Development
Email: savelroly@gmail.com",,,
hamburg@dierkes-partner.de,Dierkes Partner,Germany,Medium,Receipt reminders for Dierkes Partner clients,"Dear Dierkes Partner team,

I noted that Dierkes Partner provides tax, audit and accounting services, including from its Hamburg office.

In that context, there may be scope to use an AI agent to send client receipt reminders and prepare monthly bookkeeping status reports.

My name is Jacobs Roland and I am an AI automation specialist. I build OpenClaw-based AI agents that sit alongside existing accounting, ERP and billing systems and take on invoice tracking, payment follow-ups, reconciliation and financial reporting.

Would you be open to a brief 20-minute call in the coming weeks to explore whether this could be useful for Dierkes Partner?

If this is not relevant to you, please let me know and I will not contact you again.

Kind regards,

Jacobs Roland
AI Automation Specialist | OpenClaw AI Agent Development
Email: savelroly@gmail.com",,,
sozialversicherung@dornbach.de,DORNBACH,Germany,Medium,Bookkeeping status reports at DORNBACH,"Dear DORNBACH team,

I noted that DORNBACH publishes a dedicated social insurance newsletter from Koblenz.

I believe there may be scope for an AI agent to send client data reminders and prepare monthly bookkeeping status reports, while your existing processes remain in place.

I am Jacobs Roland, an AI automation specialist. I design and build OpenClaw-based AI agents that work alongside existing accounting, ERP and billing systems to handle invoice tracking, payment follow-ups, reconciliation and financial reporting.

Would you be willing to have a short 20-minute conversation in the coming weeks to consider whether this might be of value to DORNBACH?

If this is not relevant to you, please let me know and I will not contact you again.

Kind regards,

Jacobs Roland
AI Automation Specialist | OpenClaw AI Agent Development
Email: savelroly@gmail.com",,,
muenchen@crowe-kleeberg.de,Dr. Kleeberg & Partner GmbH,Germany,Medium,Monthly status reporting for Kleeberg accounting teams,"Dear Kleeberg team,

I noted that Kleeberg is a Munich-based audit and tax firm in the Crowe network.

With that in mind, there may be scope for an AI agent to send client reminders and prepare monthly status reports for your accounting teams, working within the tools your team already uses.

I am Jacobs Roland, an AI automation specialist, and I design and build OpenClaw-based AI agents that operate alongside existing accounting, ERP and billing systems, covering invoice tracking, payment follow-ups, reconciliation and financial reporting.

Would you be willing to have a short 20-minute conversation in the coming weeks to consider whether this might be of value to Kleeberg?

If this is not relevant to you, please let me know and I will not contact you again.

Kind regards,

Jacobs Roland
AI Automation Specialist | OpenClaw AI Agent Development
Email: savelroly@gmail.com",,,
info@juhn.com,JUHN Partner,Germany,High,DATEV client document collection at JUHN Partner,"Dear Christoph,

I noted that JUHN Partner carries the DATEV Digitale Kanzlei label and publishes on digital tax advisory, with offices from Cologne to Dubai.

There may be scope for an AI agent to collect client documents, follow up on payments and prepare monthly status reports around your DATEV workflows, giving your team more time for higher-value work.

My name is Jacobs Roland and I am an AI automation specialist. I build OpenClaw-based AI agents that sit alongside existing accounting, ERP and billing systems and take on invoice tracking, payment follow-ups, reconciliation and financial reporting.

Would you be willing to have a short 20-minute conversation in the coming weeks to consider whether this might be of value to JUHN Partner?

If this is not relevant to you, please let me know and I will not contact you again.

Kind regards,

Jacobs Roland
AI Automation Specialist | OpenClaw AI Agent Development
Email: savelroly@gmail.com",,,
holding@lkc.de,LKC Gruppe,Germany,Medium,Cross-office bookkeeping reports at LKC,"Dear LKC Gruppe team,

I noted that LKC operates a group of offices, including AWP Wirtschaftstreuhand and partners in Traunstein.

In that context, there may be scope to use an AI agent to send client reminders and prepare cross-office bookkeeping status reports.

I am Jacobs Roland, an AI automation specialist. I design and build OpenClaw-based AI agents that work alongside existing accounting, ERP and billing systems to handle invoice tracking, payment follow-ups, reconciliation and financial reporting.

If it would be helpful, I would welcome a brief 20-minute call at a convenient time to discuss whether this could suit LKC Gruppe.

If this is not relevant to you, please let me know and I will not contact you again.

Kind regards,

Jacobs Roland
AI Automation Specialist | OpenClaw AI Agent Development
Email: savelroly@gmail.com",,,
kontakt@nexia.de,Nexia GmbH,Germany,Medium,Client document requests at Nexia,"Dear Nexia team,

I noted that Nexia publishes client information, such as its 2026 brochure on the Künstlersozialabgabe.

I believe there may be scope for an AI agent to handle client document requests and prepare monthly status reports, while your existing processes remain in place.

I am Jacobs Roland, an AI automation specialist, and I design and build OpenClaw-based AI agents that operate alongside existing accounting, ERP and billing systems, covering invoice tracking, payment follow-ups, reconciliation and financial reporting.

If it would be helpful, I would welcome a brief 20-minute call at a convenient time to discuss whether this could suit Nexia.

If this is not relevant to you, please let me know and I will not contact you again.

Kind regards,

Jacobs Roland
AI Automation Specialist | OpenClaw AI Agent Development
Email: savelroly@gmail.com",,,
psp@psp.eu,"Peters, Schönberger & Partner",Germany,Medium,Open-item tracking for PSP NPO clients,"Dear PSP team,

I noted that PSP publishes a regular newsletter as well as its NPO Impuls newsletter for foundations and associations.

With that in mind, there may be scope for an AI agent to track open items and prepare recurring finance reports for your bookkeeping and NPO clients, working within the tools your team already uses.

My name is Jacobs Roland and I am an AI automation specialist. I build OpenClaw-based AI agents that sit alongside existing accounting, ERP and billing systems and take on invoice tracking, payment follow-ups, reconciliation and financial reporting.

If it would be helpful, I would welcome a brief 20-minute call at a convenient time to discuss whether this could suit PSP.

If this is not relevant to you, please let me know and I will not contact you again.

Kind regards,

Jacobs Roland
AI Automation Specialist | OpenClaw AI Agent Development
Email: savelroly@gmail.com",,,
info@pkf-fasselt.de,PKF Fasselt Partnerschaft mbB,Germany,Medium,Client data reminders for PKF Fasselt teams,"Dear PKF Fasselt team,

I noted that PKF Fasselt is currently recruiting a payroll accountant at its EUREF-Campus office in Berlin.

There may be scope for an AI agent to send client data reminders and prepare monthly status reports for your accounting teams, giving your team more time for higher-value work.

I am Jacobs Roland, an AI automation specialist. I design and build OpenClaw-based AI agents that work alongside existing accounting, ERP and billing systems to handle invoice tracking, payment follow-ups, reconciliation and financial reporting.

Might you have 20 minutes in the coming weeks for a short call to assess whether this would be useful for PKF Fasselt?

If this is not relevant to you, please let me know and I will not contact you again.

Kind regards,

Jacobs Roland
AI Automation Specialist | OpenClaw AI Agent Development
Email: savelroly@gmail.com",,,
info@rinke.eu,RINKE TREUHAND GmbH,Germany,Medium,Receipt reminders at RINKE TREUHAND,"Dear RINKE TREUHAND team,

I noted that RINKE TREUHAND provides tax, audit and accounting services from Wuppertal.

In that context, there may be scope to use an AI agent to send client receipt reminders and prepare monthly status reports.

I am Jacobs Roland, an AI automation specialist, and I design and build OpenClaw-based AI agents that operate alongside existing accounting, ERP and billing systems, covering invoice tracking, payment follow-ups, reconciliation and financial reporting.

Might you have 20 minutes in the coming weeks for a short call to assess whether this would be useful for RINKE TREUHAND?

If this is not relevant to you, please let me know and I will not contact you again.

Kind regards,

Jacobs Roland
AI Automation Specialist | OpenClaw AI Agent Development
Email: savelroly@gmail.com",,,
info@schomerus.de,SCHOMERUS & PARTNER,Germany,Medium,Open invoice follow-ups at SCHOMERUS,"Dear SCHOMERUS & PARTNER team,

I noted that SCHOMERUS publishes content on electronic archives and e-commerce law from Hamburg.

I believe there may be scope for an AI agent to follow up on open invoices and prepare client finance reports for your accounting teams, while your existing processes remain in place.

My name is Jacobs Roland and I am an AI automation specialist. I build OpenClaw-based AI agents that sit alongside existing accounting, ERP and billing systems and take on invoice tracking, payment follow-ups, reconciliation and financial reporting.

Might you have 20 minutes in the coming weeks for a short call to assess whether this would be useful for SCHOMERUS & PARTNER?

If this is not relevant to you, please let me know and I will not contact you again.

Kind regards,

Jacobs Roland
AI Automation Specialist | OpenClaw AI Agent Development
Email: savelroly@gmail.com",,,
koeln@solidaris.de,Solidaris Unternehmensgruppe,Germany,Medium,Invoice tracking for Solidaris non-profit clients,"Dear Solidaris team,

I noted that Solidaris advises non-profit and social organisations from locations including Würzburg and Freiburg, and runs Solidatax.

With that in mind, there may be scope for an AI agent to track invoices and prepare finance reports for your non-profit clients, working within the tools your team already uses.

I am Jacobs Roland, an AI automation specialist. I design and build OpenClaw-based AI agents that work alongside existing accounting, ERP and billing systems to handle invoice tracking, payment follow-ups, reconciliation and financial reporting.

Would you be open to a brief 20-minute call in the coming weeks to explore whether this could be useful for Solidaris?

If this is not relevant to you, please let me know and I will not contact you again.

Kind regards,

Jacobs Roland
AI Automation Specialist | OpenClaw AI Agent Development
Email: savelroly@gmail.com",,,
info@steuerberaten.de,steuerberaten.de Steuerberatungsgesellschaft mbH,Germany,High,Document reminders across steuerberaten.de locations,"Dear steuerberaten.de team,

I noted that steuerberaten.de has offered online tax advice since 2009, with locations in Hamburg, Berlin, Bremen and elsewhere.

There may be scope for an AI agent to send client document reminders and prepare bookkeeping status reports across your locations, giving your team more time for higher-value work.

I am Jacobs Roland, an AI automation specialist, and I design and build OpenClaw-based AI agents that operate alongside existing accounting, ERP and billing systems, covering invoice tracking, payment follow-ups, reconciliation and financial reporting.

Would you be open to a brief 20-minute call in the coming weeks to explore whether this could be useful for steuerberaten.de?

If this is not relevant to you, please let me know and I will not contact you again.

Kind regards,

Jacobs Roland
AI Automation Specialist | OpenClaw AI Agent Development
Email: savelroly@gmail.com",,,
info@Steuerkanzlei-Keller.de,Steuerkanzlei Keller,Germany,High,Missing document reminders for Keller DATEV clients,"Dear Steuerkanzlei Keller team,

I noted that Steuerkanzlei Keller publishes client guides for DATEV Unternehmen online and the MyDATEV portal.

In that context, there may be scope to use an AI agent to chase client receipts, send missing-document reminders and prepare monthly bookkeeping status reports.

My name is Jacobs Roland and I am an AI automation specialist. I build OpenClaw-based AI agents that sit alongside existing accounting, ERP and billing systems and take on invoice tracking, payment follow-ups, reconciliation and financial reporting.

Would you be open to a brief 20-minute call in the coming weeks to explore whether this could be useful for Steuerkanzlei Keller?

If this is not relevant to you, please let me know and I will not contact you again.

Kind regards,

Jacobs Roland
AI Automation Specialist | OpenClaw AI Agent Development
Email: savelroly@gmail.com",,,
info@steuerberater-tabak.com,TABAK Steuerberatung,Germany,High,Digital bookkeeping status reports at TABAK,"Dear TABAK Steuerberatung team,

I noted that TABAK Steuerberatung in Mannheim publishes content on the digital practice and digitalisation topics.

I believe there may be scope for an AI agent to send client receipt reminders and prepare monthly status reports for your bookkeeping clients, while your existing processes remain in place.

I am Jacobs Roland, an AI automation specialist. I design and build OpenClaw-based AI agents that work alongside existing accounting, ERP and billing systems to handle invoice tracking, payment follow-ups, reconciliation and financial reporting.

Would you be willing to have a short 20-minute conversation in the coming weeks to consider whether this might be of value to TABAK Steuerberatung?

If this is not relevant to you, please let me know and I will not contact you again.

Kind regards,

Jacobs Roland
AI Automation Specialist | OpenClaw AI Agent Development
Email: savelroly@gmail.com",,,
zentrale@treuenfels.com,Treuenfels,Germany,Medium,Client document chasing at Treuenfels,"Dear Treuenfels team,

I noted that Treuenfels publishes its 'Treuenfels-Spielregeln' on its careers site.

With that in mind, there may be scope for an AI agent to chase client documents and prepare monthly status reports, working within the tools your team already uses.

I am Jacobs Roland, an AI automation specialist, and I design and build OpenClaw-based AI agents that operate alongside existing accounting, ERP and billing systems, covering invoice tracking, payment follow-ups, reconciliation and financial reporting.

Would you be willing to have a short 20-minute conversation in the coming weeks to consider whether this might be of value to Treuenfels?

If this is not relevant to you, please let me know and I will not contact you again.

Kind regards,

Jacobs Roland
AI Automation Specialist | OpenClaw AI Agent Development
Email: savelroly@gmail.com",,,
info-mg@wws-gruppe.de,WWS Gruppe,Germany,High,Incoming e-invoice checks for WWS clients,"Dear WWS Gruppe team,

I noted that WWS Gruppe has published pieces on handling incoming digital invoices with care.

There may be scope for an AI agent to check incoming e-invoices, send payment reminders and prepare monthly reports for WWS clients, giving your team more time for higher-value work.

My name is Jacobs Roland and I am an AI automation specialist. I build OpenClaw-based AI agents that sit alongside existing accounting, ERP and billing systems and take on invoice tracking, payment follow-ups, reconciliation and financial reporting.

Would you be willing to have a short 20-minute conversation in the coming weeks to consider whether this might be of value to WWS Gruppe?

If this is not relevant to you, please let me know and I will not contact you again.

Kind regards,

Jacobs Roland
AI Automation Specialist | OpenClaw AI Agent Development
Email: savelroly@gmail.com",,,
administration@buchhaltungsbutler.de,BuchhaltungsButler GmbH,Germany,Medium,Open-items reporting for BuchhaltungsButler clients,"Dear Maxin,

I noted that BuchhaltungsButler supports invoice sending from customers' own email addresses as part of its AI-assisted bookkeeping.

I believe there may be scope for an AI agent to manage receipt-to-booking exception queues and prepare weekly open-items reports for SME clients, while your existing processes remain in place.

I am Jacobs Roland, an AI automation specialist, and I design and build OpenClaw-based AI agents that operate alongside existing accounting, ERP and billing systems, covering invoice tracking, payment follow-ups, reconciliation and financial reporting.

If it would be helpful, I would welcome a brief 20-minute call at a convenient time to discuss whether this could suit BuchhaltungsButler.

If this is not relevant to you, please let me know and I will not contact you again.

Kind regards,

Jacobs Roland
AI Automation Specialist | OpenClaw AI Agent Development
Email: savelroly@gmail.com",,,
impressum@buhl-data.com,Buhl Data Service GmbH,Germany,Low,Invoice reminders for MeinBüro and invoiz users,"Dear Buhl Data Service team,

I noted that Buhl Data Service runs several finance products, including WISO MeinBüro, finanzblick and invoiz.

With that in mind, there may be scope for an AI agent to send invoice reminders and prepare finance digests for MeinBüro and invoiz users, working within the tools your team already uses.

My name is Jacobs Roland and I am an AI automation specialist. I build OpenClaw-based AI agents that sit alongside existing accounting, ERP and billing systems and take on invoice tracking, payment follow-ups, reconciliation and financial reporting.

If it would be helpful, I would welcome a brief 20-minute call at a convenient time to discuss whether this could suit Buhl Data Service.

If this is not relevant to you, please let me know and I will not contact you again.

Kind regards,

Jacobs Roland
AI Automation Specialist | OpenClaw AI Agent Development
Email: savelroly@gmail.com",,,
info@eurodata.de,eurodata AG,Germany,Medium,Finance reporting on eurodata cloud services,"Dear eurodata team,

I noted that eurodata AG in Saarbrücken provides cloud software for tax advisers and businesses.

In that context, there may be scope to use an AI agent to handle client document requests and prepare finance reports on top of eurodata data.

I am Jacobs Roland, an AI automation specialist, and I design and build OpenClaw-based AI agents that operate alongside existing accounting, ERP and billing systems, covering invoice tracking, payment follow-ups, reconciliation and financial reporting.

Might you have 20 minutes in the coming weeks for a short call to assess whether this would be useful for eurodata?

If this is not relevant to you, please let me know and I will not contact you again.

Kind regards,

Jacobs Roland
AI Automation Specialist | OpenClaw AI Agent Development
Email: savelroly@gmail.com",,,
info@fastdocs.de,Fastdocs.de GmbH,Germany,Medium,Missing receipt reminders for fastdocs firms,"Dear fastdocs team,

I noted that fastdocs provides digital workflows for tax advisory firms and their clients.

I believe there may be scope for an AI agent to send client reminders for missing receipts and prepare recurring status reports for tax firms using fastdocs, while your existing processes remain in place.

My name is Jacobs Roland and I am an AI automation specialist. I build OpenClaw-based AI agents that sit alongside existing accounting, ERP and billing systems and take on invoice tracking, payment follow-ups, reconciliation and financial reporting.

Might you have 20 minutes in the coming weeks for a short call to assess whether this would be useful for fastdocs?

If this is not relevant to you, please let me know and I will not contact you again.

Kind regards,

Jacobs Roland
AI Automation Specialist | OpenClaw AI Agent Development
Email: savelroly@gmail.com",,,
info@hmd-software.com,hmd-software AG,Germany,Medium,Open-item reports for hmd users,"Dear hmd-software team,

I noted that hmd-software AG in Andechs makes accounting software for tax advisers and companies.

With that in mind, there may be scope for an AI agent to send document reminders and prepare open-item reports for hmd users, working within the tools your team already uses.

I am Jacobs Roland, an AI automation specialist. I design and build OpenClaw-based AI agents that work alongside existing accounting, ERP and billing systems to handle invoice tracking, payment follow-ups, reconciliation and financial reporting.

Would you be open to a brief 20-minute call in the coming weeks to explore whether this could be useful for hmd-software?

If this is not relevant to you, please let me know and I will not contact you again.

Kind regards,

Jacobs Roland
AI Automation Specialist | OpenClaw AI Agent Development
Email: savelroly@gmail.com",,,
info@hamburger-software.de,HS - Hamburger Software GmbH & Co. KG,Germany,Medium,Open-item reminders from HS Finanzwesen data,"Dear Hamburger Software team,

I noted that Hamburger Software provides accounting and payroll software for mid-sized businesses.

There may be scope for an AI agent to send open-item reminders and prepare periodic finance reports from HS Finanzwesen data, giving your team more time for higher-value work.

I am Jacobs Roland, an AI automation specialist, and I design and build OpenClaw-based AI agents that operate alongside existing accounting, ERP and billing systems, covering invoice tracking, payment follow-ups, reconciliation and financial reporting.

Would you be open to a brief 20-minute call in the coming weeks to explore whether this could be useful for Hamburger Software?

If this is not relevant to you, please let me know and I will not contact you again.

Kind regards,

Jacobs Roland
AI Automation Specialist | OpenClaw AI Agent Development
Email: savelroly@gmail.com",,,
info@kontolino.de,Kontolino! (objektfabrik GmbH),Germany,Medium,Payment checks for Kontolino users,"Dear Kontolino team,

I noted that Kontolino is a cloud invoicing and bookkeeping tool from objektfabrik GmbH in Ludwigsburg.

I believe there may be scope for an AI agent to check payments and send reminders for Kontolino users, while your existing processes remain in place.

I am Jacobs Roland, an AI automation specialist. I design and build OpenClaw-based AI agents that work alongside existing accounting, ERP and billing systems to handle invoice tracking, payment follow-ups, reconciliation and financial reporting.

Would you be willing to have a short 20-minute conversation in the coming weeks to consider whether this might be of value to Kontolino?

If this is not relevant to you, please let me know and I will not contact you again.

Kind regards,

Jacobs Roland
AI Automation Specialist | OpenClaw AI Agent Development
Email: savelroly@gmail.com",,,
info@lucanet.com,LucaNet AG,Germany,Low,Variance alerts feeding Lucanet planning,"Dear Lucanet team,

I noted that Lucanet promotes xP&A as a way to create value for CFOs beyond the finance function.

With that in mind, there may be scope for an AI agent to prepare recurring finance reports and raise variance alerts that feed into Lucanet, working within the tools your team already uses.

I am Jacobs Roland, an AI automation specialist, and I design and build OpenClaw-based AI agents that operate alongside existing accounting, ERP and billing systems, covering invoice tracking, payment follow-ups, reconciliation and financial reporting.

Would you be willing to have a short 20-minute conversation in the coming weeks to consider whether this might be of value to Lucanet?

If this is not relevant to you, please let me know and I will not contact you again.

Kind regards,

Jacobs Roland
AI Automation Specialist | OpenClaw AI Agent Development
Email: savelroly@gmail.com",,,
support@norman.finance,Norman Finance,Germany,Medium,Unpaid invoice reminders for Norman freelancers,"Dear Norman Finance team,

I noted that Norman Finance offers bookkeeping, invoicing and tax filing for freelancers.

There may be scope for an AI agent to send unpaid-invoice reminders and prepare monthly finance summaries for your users, giving your team more time for higher-value work.

My name is Jacobs Roland and I am an AI automation specialist. I build OpenClaw-based AI agents that sit alongside existing accounting, ERP and billing systems and take on invoice tracking, payment follow-ups, reconciliation and financial reporting.

Would you be willing to have a short 20-minute conversation in the coming weeks to consider whether this might be of value to Norman Finance?

If this is not relevant to you, please let me know and I will not contact you again.

Kind regards,

Jacobs Roland
AI Automation Specialist | OpenClaw AI Agent Development
Email: savelroly@gmail.com",,,
info@papierkram.de,odacer finanzsoftware GmbH (Papierkram),Germany,Medium,Customer portal payment follow-ups for Papierkram,"Dear Papierkram team,

I noted that Papierkram lets users send invoices by email or through a customer portal, and has published an E-Rechnung 2025 page.

In that context, there may be scope to use an AI agent to follow up on portal payments and prepare weekly receivables digests for freelancers.

I am Jacobs Roland, an AI automation specialist. I design and build OpenClaw-based AI agents that work alongside existing accounting, ERP and billing systems to handle invoice tracking, payment follow-ups, reconciliation and financial reporting.

If it would be helpful, I would welcome a brief 20-minute call at a convenient time to discuss whether this could suit Papierkram.

If this is not relevant to you, please let me know and I will not contact you again.

Kind regards,

Jacobs Roland
AI Automation Specialist | OpenClaw AI Agent Development
Email: savelroly@gmail.com",,,
support@sevdesk.com,sevdesk GmbH,Germany,Medium,E-invoice validation feedback for sevdesk users,"Dear sevdesk team,

I noted that sevdesk markets its E-Rechnung software, with help documentation on sending e-invoices for freelancers and SMEs.

I believe there may be scope for an AI agent to provide e-invoice validation feedback, send overdue-invoice reminders and prepare weekly AR reports for SME users and internal finance operations, while your existing processes remain in place.

I am Jacobs Roland, an AI automation specialist, and I design and build OpenClaw-based AI agents that operate alongside existing accounting, ERP and billing systems, covering invoice tracking, payment follow-ups, reconciliation and financial reporting.

If it would be helpful, I would welcome a brief 20-minute call at a convenient time to discuss whether this could suit sevdesk.

If this is not relevant to you, please let me know and I will not contact you again.

Kind regards,

Jacobs Roland
AI Automation Specialist | OpenClaw AI Agent Development
Email: savelroly@gmail.com",,,
info@simba.de,Simba Computer Systeme GmbH,Germany,Medium,Monthly finance reports for Simba users,"Dear Simba team,

I noted that Simba in Ostfildern sells accounting, cashbook and client-management software, including a line for the church and social sector.

With that in mind, there may be scope for an AI agent to send open-item reminders and prepare monthly finance reports for Simba users, working within the tools your team already uses.

My name is Jacobs Roland and I am an AI automation specialist. I build OpenClaw-based AI agents that sit alongside existing accounting, ERP and billing systems and take on invoice tracking, payment follow-ups, reconciliation and financial reporting.

If it would be helpful, I would welcome a brief 20-minute call at a convenient time to discuss whether this could suit Simba.

If this is not relevant to you, please let me know and I will not contact you again.

Kind regards,

Jacobs Roland
AI Automation Specialist | OpenClaw AI Agent Development
Email: savelroly@gmail.com",,,
info@taxy.io,Taxy.io GmbH,Germany,Medium,Client document reminders for Taxy.io tax firms,"Dear Taxy.io team,

I noted that Taxy.io builds AI software for tax advisers from Aachen.

There may be scope for an AI agent to send client document reminders and prepare status reports for tax firms using Taxy.io, giving your team more time for higher-value work.

I am Jacobs Roland, an AI automation specialist. I design and build OpenClaw-based AI agents that work alongside existing accounting, ERP and billing systems to handle invoice tracking, payment follow-ups, reconciliation and financial reporting.

Might you have 20 minutes in the coming weeks for a short call to assess whether this would be useful for Taxy.io?

If this is not relevant to you, please let me know and I will not contact you again.

Kind regards,

Jacobs Roland
AI Automation Specialist | OpenClaw AI Agent Development
Email: savelroly@gmail.com",,,
info@atriga.com,atriga GmbH,Germany,Medium,Dispute triage within atriga dunning workflows,"Dear atriga team,

I noted that atriga in Langen offers digital receivables management with customer-centred dunning processes.

In that context, there may be scope to use an AI agent to prepare client reports and triage disputes within your dunning workflows.

I am Jacobs Roland, an AI automation specialist, and I design and build OpenClaw-based AI agents that operate alongside existing accounting, ERP and billing systems, covering invoice tracking, payment follow-ups, reconciliation and financial reporting.

Might you have 20 minutes in the coming weeks for a short call to assess whether this would be useful for atriga?

If this is not relevant to you, please let me know and I will not contact you again.

Kind regards,

Jacobs Roland
AI Automation Specialist | OpenClaw AI Agent Development
Email: savelroly@gmail.com",,,
info@bilendo.de,Bilendo GmbH,Germany,High,Weekly DSO summaries for Bilendo customers,"Dear Bilendo team,

I noted that Bilendo in Munich offers open-items management, dunning templates and an Inkasso hand-off with Adebio.

I believe there may be scope for an AI agent to prioritise collector tasks and prepare weekly DSO summaries for Bilendo customers, while your existing processes remain in place.

My name is Jacobs Roland and I am an AI automation specialist. I build OpenClaw-based AI agents that sit alongside existing accounting, ERP and billing systems and take on invoice tracking, payment follow-ups, reconciliation and financial reporting.

Might you have 20 minutes in the coming weeks for a short call to assess whether this would be useful for Bilendo?

If this is not relevant to you, please let me know and I will not contact you again.

Kind regards,

Jacobs Roland
AI Automation Specialist | OpenClaw AI Agent Development
Email: savelroly@gmail.com",,,
info@collenda.com,COLLENDA GmbH,Germany,Medium,Escalation alerts across Collenda dunning stages,"Dear Collenda team,

I noted that Collenda in Meerbusch publishes material on automating receivables management and customer service as part of Aryza.

In that context, there may be scope to use an AI agent to prepare case-status summaries and raise escalation alerts across dunning stages.

My name is Jacobs Roland and I am an AI automation specialist. I build OpenClaw-based AI agents that sit alongside existing accounting, ERP and billing systems and take on invoice tracking, payment follow-ups, reconciliation and financial reporting.

Would you be open to a brief 20-minute call in the coming weeks to explore whether this could be useful for Collenda?

If this is not relevant to you, please let me know and I will not contact you again.

Kind regards,

Jacobs Roland
AI Automation Specialist | OpenClaw AI Agent Development
Email: savelroly@gmail.com",,,
info@mediafinanz.de,mediaFinanz GmbH,Germany,Medium,Claim intake checks for mediaFinanz clients,"Dear mediaFinanz team,

I noted that mediaFinanz runs an online Inkasso portal and has partnered with 1&1 on online retail payment security.

There may be scope for an AI agent to check claim intake and prepare client status reports, giving your team more time for higher-value work.

My name is Jacobs Roland and I am an AI automation specialist. I build OpenClaw-based AI agents that sit alongside existing accounting, ERP and billing systems and take on invoice tracking, payment follow-ups, reconciliation and financial reporting.

Would you be willing to have a short 20-minute conversation in the coming weeks to consider whether this might be of value to mediaFinanz?

If this is not relevant to you, please let me know and I will not contact you again.

Kind regards,

Jacobs Roland
AI Automation Specialist | OpenClaw AI Agent Development
Email: savelroly@gmail.com",,,
kundenservice@pairfinance.de,PAIR Finance GmbH,Germany,Medium,Recovered payment reconciliation for PAIR Finance,"Dear PAIR Finance team,

I noted that PAIR Finance operates in Germany, France, Spain and Portugal, with clients such as Douglas and Bayer 04 Leverkusen.

In that context, there may be scope to use an AI agent to report collection status to clients and reconcile recovered payments.

I am Jacobs Roland, an AI automation specialist. I design and build OpenClaw-based AI agents that work alongside existing accounting, ERP and billing systems to handle invoice tracking, payment follow-ups, reconciliation and financial reporting.

If it would be helpful, I would welcome a brief 20-minute call at a convenient time to discuss whether this could suit PAIR Finance.

If this is not relevant to you, please let me know and I will not contact you again.

Kind regards,

Jacobs Roland
AI Automation Specialist | OpenClaw AI Agent Development
Email: savelroly@gmail.com",,,
kontakt@paywise.de,paywise GmbH,Germany,High,Overdue invoice hand-offs for paywise clients,"Dear paywise team,

I noted that paywise offers online receivables management and a Mahnwesen service from Gräfelfing near Munich.

I believe there may be scope for an AI agent to hand off overdue invoices from client accounting systems and report status back, while your existing processes remain in place.

I am Jacobs Roland, an AI automation specialist, and I design and build OpenClaw-based AI agents that operate alongside existing accounting, ERP and billing systems, covering invoice tracking, payment follow-ups, reconciliation and financial reporting.

If it would be helpful, I would welcome a brief 20-minute call at a convenient time to discuss whether this could suit paywise.

If this is not relevant to you, please let me know and I will not contact you again.

Kind regards,

Jacobs Roland
AI Automation Specialist | OpenClaw AI Agent Development
Email: savelroly@gmail.com",,,
info@123erfasst.de,123erfasst.de GmbH,Germany,Medium,Invoice follow-ups from 123erfasst site data,"Dear 123erfasst team,

I came across the 'digitale Baustelle' site that 123erfasst runs for its construction software.

As construction customers capture time and site data in 123erfasst, there may be scope to have an AI agent prepare invoice follow-ups and job cost reports from that data.

I am Jacobs Roland, an AI automation specialist. I design and build OpenClaw-based AI agents that work alongside existing accounting, ERP and billing systems to handle invoice tracking, payment follow-ups, reconciliation and financial reporting.

Would you be open to a brief 20-minute call in the coming weeks to explore whether this could be useful for 123erfasst?

If this is not relevant to you, please let me know and I will not contact you again.

Kind regards,

Jacobs Roland
AI Automation Specialist | OpenClaw AI Agent Development
Email: savelroly@gmail.com",,,
info@5point.de,5 POINT AG (projectfacts),Germany,Medium,Billing follow-ups for projectfacts customers,"Dear projectfacts team,

I understand that projectfacts, published by 5 POINT AG in Darmstadt, combines project management, time tracking and invoicing.

There may be scope to support projectfacts customers with an AI agent that handles overdue follow-ups and recurring billing reports.

I am Jacobs Roland, an AI automation specialist. I build OpenClaw-based AI agents that operate alongside existing accounting, ERP and billing systems, taking care of invoice tracking, payment follow-ups, reconciliation and financial reporting.

Would you be willing to have a short 20-minute conversation in the coming weeks to consider whether this might be of value to projectfacts?

If this is not relevant to you, please let me know and I will not contact you again.

Kind regards,

Jacobs Roland
AI Automation Specialist | OpenClaw AI Agent Development
Email: savelroly@gmail.com",,,
info@afterbuy.de,Afterbuy (ViA-Online GmbH),Germany,Medium,Payout reconciliation for Afterbuy sellers,"Dear Afterbuy team,

I have been reading the Afterbuy changelog and partner news, including the guest posts from Zentrada.

Since Afterbuy sellers manage orders and invoicing in one place, there may be scope to automate payout reconciliation and daily sales-finance reports for them.

My name is Jacobs Roland, and I am an AI automation specialist. I design OpenClaw-based AI agents that work with existing accounting, ERP and billing systems to support invoice tracking, payment follow-ups, reconciliation and financial reporting.

If it would be helpful, I would welcome a brief 20-minute call at a time that suits you to discuss whether this could be useful for Afterbuy.

If this is not relevant to you, please let me know and I will not contact you again.

Kind regards,

Jacobs Roland
AI Automation Specialist | OpenClaw AI Agent Development
Email: savelroly@gmail.com",,,
info@ams-erp.com,ams.Solution AG,Germany,Medium,Milestone invoicing support for ams.erp customers,"Dear ams.Solution team,

I noticed that ams.erp focuses on make-to-order manufacturers with lot size 1+, with references such as Draenert and Baljer & Zembrod.

Make-to-order projects often bill in milestones, so there may be scope to automate milestone invoice tracking and payment reminders for ams.erp customers.

I am Jacobs Roland, an AI automation specialist. I build OpenClaw-based AI agents that operate alongside existing accounting, ERP and billing systems, taking care of invoice tracking, payment follow-ups, reconciliation and financial reporting.

Would you be open to a brief 20-minute call in the coming weeks to explore whether this could be useful for ams.Solution?

If this is not relevant to you, please let me know and I will not contact you again.

Kind regards,

Jacobs Roland
AI Automation Specialist | OpenClaw AI Agent Development
Email: savelroly@gmail.com",,,
info@d-velop.de,d.velop AG,Germany,Low,Approval reminders around d.velop invoice workflows,"Dear d.velop team,

I understand that d.velop provides invoice processing and document management as part of its ECM suite.

There may be scope to support d.velop users with an AI agent that answers invoice-status queries and sends approval reminders.

My name is Jacobs Roland, and I am an AI automation specialist. I design OpenClaw-based AI agents that work with existing accounting, ERP and billing systems to support invoice tracking, payment follow-ups, reconciliation and financial reporting.

Would you be open to a brief 20-minute call in the coming weeks to explore whether this could be useful for d.velop?

If this is not relevant to you, please let me know and I will not contact you again.

Kind regards,

Jacobs Roland
AI Automation Specialist | OpenClaw AI Agent Development
Email: savelroly@gmail.com",,,
docuware@docuware.com,DocuWare GmbH,Germany,Low,Payment follow-ups on DocuWare invoice workflows,"Dear DocuWare team,

I read the DocuWare blog article on staying up to date with automatic notifications.

In the same spirit, there may be scope to add payment follow-ups and finance reports on top of DocuWare invoice workflows.

I am Jacobs Roland, an AI automation specialist. I design and build OpenClaw-based AI agents that work alongside existing accounting, ERP and billing systems to handle invoice tracking, payment follow-ups, reconciliation and financial reporting.

Would you be willing to have a short 20-minute conversation in the coming weeks to consider whether this might be of value to DocuWare?

If this is not relevant to you, please let me know and I will not contact you again.

Kind regards,

Jacobs Roland
AI Automation Specialist | OpenClaw AI Agent Development
Email: savelroly@gmail.com",,,
info@e-vendo.de,e-vendo AG,Germany,Medium,Finance reporting for e-vendo bike retailers,"Dear e-vendo team,

I noticed that e-vendo offers a SaaS contract for its Bike FLEX solution for the bicycle trade.

For bike retailers on e-vendo ERP, there may be scope to automate invoice follow-ups and daily finance reports.

I am Jacobs Roland, an AI automation specialist. I build OpenClaw-based AI agents that operate alongside existing accounting, ERP and billing systems, taking care of invoice tracking, payment follow-ups, reconciliation and financial reporting.

If it would be helpful, I would welcome a brief 20-minute call at a time that suits you to discuss whether this could be useful for e-vendo.

If this is not relevant to you, please let me know and I will not contact you again.

Kind regards,

Jacobs Roland
AI Automation Specialist | OpenClaw AI Agent Development
Email: savelroly@gmail.com",,,
sales@ecodms.de,ecoDMS GmbH,Germany,Medium,Invoice retrieval assistant for ecoDMS archives,"Dear ecoDMS team,

I understand that ecoDMS in Aachen sells affordable archiving software for invoices and documents through a reseller network.

There may be scope to offer an AI assistant that searches for and retrieves invoices from the ecoDMS archive on request.

My name is Jacobs Roland, and I am an AI automation specialist. I design OpenClaw-based AI agents that work with existing accounting, ERP and billing systems to support invoice tracking, payment follow-ups, reconciliation and financial reporting.

Might you be open to a short call of around 20 minutes in the coming weeks to assess whether this could support ecoDMS?

If this is not relevant to you, please let me know and I will not contact you again.

Kind regards,

Jacobs Roland
AI Automation Specialist | OpenClaw AI Agent Development
Email: savelroly@gmail.com",,,
hello@fileee.com,fileee GmbH,Germany,Medium,Due-date alerts for invoices stored in fileee,"Dear fileee team,

I saw that fileee, which provides digital document management for small businesses, is currently hiring a Business Analyst.

For invoices already stored in fileee, there may be scope to automate due-date alerts and payment reminders.

I am Jacobs Roland, an AI automation specialist. I design and build OpenClaw-based AI agents that work alongside existing accounting, ERP and billing systems to handle invoice tracking, payment follow-ups, reconciliation and financial reporting.

Would you be open to a brief 20-minute call in the coming weeks to explore whether this could be useful for fileee?

If this is not relevant to you, please let me know and I will not contact you again.

Kind regards,

Jacobs Roland
AI Automation Specialist | OpenClaw AI Agent Development
Email: savelroly@gmail.com",,,
info@gdi.de,GDI Software GmbH,Germany,Medium,Scheduled finance reports for GDI Software users,"Dear GDI Software team,

I noted that GDI Software in Landau offers KPI dashboards, POS with TSE and payroll alongside its accounting and invoicing software.

There may be scope to complement those dashboards with automated overdue alerts and scheduled finance reports for GDI users.

I am Jacobs Roland, an AI automation specialist. I build OpenClaw-based AI agents that operate alongside existing accounting, ERP and billing systems, taking care of invoice tracking, payment follow-ups, reconciliation and financial reporting.

Would you be willing to have a short 20-minute conversation in the coming weeks to consider whether this might be of value to GDI Software?

If this is not relevant to you, please let me know and I will not contact you again.

Kind regards,

Jacobs Roland
AI Automation Specialist | OpenClaw AI Agent Development
Email: savelroly@gmail.com",,,
info@konfuzio.com,Helm & Nagel GmbH (Konfuzio),Germany,Medium,Acting on invoice data extracted by Konfuzio,"Dear Konfuzio team,

I came across Konfuzio's practical guides, such as how to open EML files, and its document AI platform for extracting data from invoices.

Once Konfuzio has extracted invoice data, there may be scope for an AI agent to use it for invoice tracking, overdue reminders and finance reports.

My name is Jacobs Roland, and I am an AI automation specialist. I design OpenClaw-based AI agents that work with existing accounting, ERP and billing systems to support invoice tracking, payment follow-ups, reconciliation and financial reporting.

If it would be helpful, I would welcome a brief 20-minute call at a time that suits you to discuss whether this could be useful for Konfuzio.

If this is not relevant to you, please let me know and I will not contact you again.

Kind regards,

Jacobs Roland
AI Automation Specialist | OpenClaw AI Agent Development
Email: savelroly@gmail.com",,,
kontakt@infoniqa.com,Infoniqa,Germany,Low,Finance alerts for Infoniqa business software customers,"Dear Infoniqa team,

I understand that Infoniqa provides HR, payroll and business software in Austria and Germany, with a German entity in Böblingen.

There may be scope to offer Infoniqa customers automated finance alerts and recurring reports drawn from their existing data.

I am Jacobs Roland, an AI automation specialist. I design and build OpenClaw-based AI agents that work alongside existing accounting, ERP and billing systems to handle invoice tracking, payment follow-ups, reconciliation and financial reporting.

Might you be open to a short call of around 20 minutes in the coming weeks to assess whether this could support Infoniqa?

If this is not relevant to you, please let me know and I will not contact you again.

Kind regards,

Jacobs Roland
AI Automation Specialist | OpenClaw AI Agent Development
Email: savelroly@gmail.com",,,
sales@jobrouter.com,JobRouter GmbH,Germany,Medium,Overdue reminders on JobRouter invoice workflows,"Dear JobRouter team,

I noticed that JobRouter runs a marketplace with partners such as Nösse Consulting and Förde Digital.

On top of JobRouter invoice workflows, there may be scope to automate overdue reminders and finance summaries.

I am Jacobs Roland, an AI automation specialist. I build OpenClaw-based AI agents that operate alongside existing accounting, ERP and billing systems, taking care of invoice tracking, payment follow-ups, reconciliation and financial reporting.

Would you be open to a brief 20-minute call in the coming weeks to explore whether this could be useful for JobRouter?

If this is not relevant to you, please let me know and I will not contact you again.

Kind regards,

Jacobs Roland
AI Automation Specialist | OpenClaw AI Agent Development
Email: savelroly@gmail.com",,,
anfrage@microtech.de,microtech GmbH,Germany,Medium,Overdue-invoice reminders for microtech büro+ users,"Dear microtech team,

I read in microtech's help centre how büro+ supports email features such as CC/BCC and HTML emails directly from the ERP.

Building on that email capability, there may be scope to automate overdue-invoice reminders and finance reports for microtech ERP users.

My name is Jacobs Roland, and I am an AI automation specialist. I design OpenClaw-based AI agents that work with existing accounting, ERP and billing systems to support invoice tracking, payment follow-ups, reconciliation and financial reporting.

Would you be willing to have a short 20-minute conversation in the coming weeks to consider whether this might be of value to microtech?

If this is not relevant to you, please let me know and I will not contact you again.

Kind regards,

Jacobs Roland
AI Automation Specialist | OpenClaw AI Agent Development
Email: savelroly@gmail.com",,,
info@moser.de,Moser Software GmbH,Germany,Medium,Finance summaries for MOSER trade software customers,"Dear MOSER Software team,

I noted that MOSER Software publishes an online manual for its business software for trades, including an FAQ on contact and support.

For trade businesses using MOSER, there may be scope to automate overdue reminders and finance summaries.

I am Jacobs Roland, an AI automation specialist. I design and build OpenClaw-based AI agents that work alongside existing accounting, ERP and billing systems to handle invoice tracking, payment follow-ups, reconciliation and financial reporting.

If it would be helpful, I would welcome a brief 20-minute call at a time that suits you to discuss whether this could be useful for MOSER Software.

If this is not relevant to you, please let me know and I will not contact you again.

Kind regards,

Jacobs Roland
AI Automation Specialist | OpenClaw AI Agent Development
Email: savelroly@gmail.com",,,
info@myfactory.com,myfactory (Forterro Deutschland GmbH),Germany,Medium,Cash reporting for myfactory cloud ERP customers,"Dear myfactory team,

I understand that myfactory is a cloud ERP from Munich, now part of Forterro, with a partner solutions catalogue.

There may be scope to add an AI agent for payment chasing and cash reporting that sits alongside myfactory.

I am Jacobs Roland, an AI automation specialist. I build OpenClaw-based AI agents that operate alongside existing accounting, ERP and billing systems, taking care of invoice tracking, payment follow-ups, reconciliation and financial reporting.

Might you be open to a short call of around 20 minutes in the coming weeks to assess whether this could support myfactory?

If this is not relevant to you, please let me know and I will not contact you again.

Kind regards,

Jacobs Roland
AI Automation Specialist | OpenClaw AI Agent Development
Email: savelroly@gmail.com",,,
info@nissen-velten.de,Nissen & Velten Software GmbH,Germany,Medium,Credit alerts for wholesalers running eNVenta,"Dear Nissen & Velten team,

I read your newsletter feature on eNVenta eGate and its OCI and IDS-connect interfaces.

For wholesalers running eNVenta, there may be scope to automate overdue follow-ups and credit alerts.

My name is Jacobs Roland, and I am an AI automation specialist. I design OpenClaw-based AI agents that work with existing accounting, ERP and billing systems to support invoice tracking, payment follow-ups, reconciliation and financial reporting.

Would you be open to a brief 20-minute call in the coming weeks to explore whether this could be useful for Nissen & Velten?

If this is not relevant to you, please let me know and I will not contact you again.

Kind regards,

Jacobs Roland
AI Automation Specialist | OpenClaw AI Agent Development
Email: savelroly@gmail.com",,,
kontakt@optimal-systems.de,OPTIMAL SYSTEMS GmbH,Germany,Medium,Invoice status checks for enaio users,"Dear OPTIMAL SYSTEMS team,

I noticed that OPTIMAL SYSTEMS blogs about combining ECM with DocuSign and operates locations including Hannover and Munich.

For invoices archived in enaio, there may be scope to automate status checks, overdue reminders and finance summaries.

I am Jacobs Roland, an AI automation specialist. I design and build OpenClaw-based AI agents that work alongside existing accounting, ERP and billing systems to handle invoice tracking, payment follow-ups, reconciliation and financial reporting.

Would you be willing to have a short 20-minute conversation in the coming weeks to consider whether this might be of value to OPTIMAL SYSTEMS?

If this is not relevant to you, please let me know and I will not contact you again.

Kind regards,

Jacobs Roland
AI Automation Specialist | OpenClaw AI Agent Development
Email: savelroly@gmail.com",,,
info@pds.de,pds GmbH,Germany,Medium,Partial-invoice tracking for pds customers,"Dear pds team,

I understand that pds provides business software for construction and trades and is currently hiring.

Construction projects often involve partial invoices, so there may be scope to automate their tracking and the related payment reminders for pds customers.

My name is Jacobs Roland, and I am an AI automation specialist. I design OpenClaw-based AI agents that work with existing accounting, ERP and billing systems to support invoice tracking, payment follow-ups, reconciliation and financial reporting.

Might you be open to a short call of around 20 minutes in the coming weeks to assess whether this could support pds?

If this is not relevant to you, please let me know and I will not contact you again.

Kind regards,

Jacobs Roland
AI Automation Specialist | OpenClaw AI Agent Development
Email: savelroly@gmail.com",,,
info@proalpha.com,Proalpha GmbH,Germany,Low,Receivables follow-ups for Proalpha ERP customers,"Dear Proalpha team,

I noted that Proalpha runs the Proalpha Academy for its ERP customers in the Mittelstand.

There may be scope to support those customers with AI agents for receivables follow-ups and finance reports.

I am Jacobs Roland, an AI automation specialist. I design and build OpenClaw-based AI agents that work alongside existing accounting, ERP and billing systems to handle invoice tracking, payment follow-ups, reconciliation and financial reporting.

Would you be open to a brief 20-minute call in the coming weeks to explore whether this could be useful for Proalpha?

If this is not relevant to you, please let me know and I will not contact you again.

Kind regards,

Jacobs Roland
AI Automation Specialist | OpenClaw AI Agent Development
Email: savelroly@gmail.com",,,
info@projektron.de,Projektron GmbH,Germany,Medium,Project finance reports for Projektron BCS users,"Dear Projektron team,

I understand that Projektron develops Projektron BCS in Berlin, combining project management with invoicing.

There may be scope to automate overdue reminders and project finance reports for Projektron BCS users.

I am Jacobs Roland, an AI automation specialist. I build OpenClaw-based AI agents that operate alongside existing accounting, ERP and billing systems, taking care of invoice tracking, payment follow-ups, reconciliation and financial reporting.

Would you be willing to have a short 20-minute conversation in the coming weeks to consider whether this might be of value to Projektron?

If this is not relevant to you, please let me know and I will not contact you again.

Kind regards,

Jacobs Roland
AI Automation Specialist | OpenClaw AI Agent Development
Email: savelroly@gmail.com",,,
info@scopevisio.com,Scopevisio AG,Germany,Medium,Receivables follow-ups from Scopevisio CRM data,"Dear Jörg,

I noted that Scopevisio in Bonn combines cloud accounting and invoicing with integrated CRM e-mail sending.

There may be scope to use Scopevisio CRM and accounting data to drive AI agents for receivables follow-ups and finance alerts.

My name is Jacobs Roland, and I am an AI automation specialist. I design OpenClaw-based AI agents that work with existing accounting, ERP and billing systems to support invoice tracking, payment follow-ups, reconciliation and financial reporting.

If it would be helpful, I would welcome a brief 20-minute call at a time that suits you to discuss whether this could be useful for Scopevisio.

If this is not relevant to you, please let me know and I will not contact you again.

Kind regards,

Jacobs Roland
AI Automation Specialist | OpenClaw AI Agent Development
Email: savelroly@gmail.com",,,
info@selectline.de,SelectLine Software GmbH,Germany,Medium,Receivable follow-ups from SelectLine data,"Dear SelectLine team,

I understand that SelectLine in Magdeburg offers Warenwirtschaft, accounting and a CRM journal through a partner network.

There may be scope to automate overdue-receivable follow-ups and finance alerts from SelectLine data.

I am Jacobs Roland, an AI automation specialist. I design and build OpenClaw-based AI agents that work alongside existing accounting, ERP and billing systems to handle invoice tracking, payment follow-ups, reconciliation and financial reporting.

Might you be open to a short call of around 20 minutes in the coming weeks to assess whether this could support SelectLine?

If this is not relevant to you, please let me know and I will not contact you again.

Kind regards,

Jacobs Roland
AI Automation Specialist | OpenClaw AI Agent Development
Email: savelroly@gmail.com",,,
info@softengine.de,SoftENGINE (Softengine Holding GmbH),Germany,Medium,Dunning follow-ups for SoftENGINE ERP users,"Dear SoftENGINE team,

I noticed that SoftENGINE sells its ERP through a network of Fachhandelspartner such as RMB Software and ADHOC Computer.

For the end users of SoftENGINE ERP, there may be scope to automate dunning follow-ups and finance reports, possibly offered through those partners.

I am Jacobs Roland, an AI automation specialist. I build OpenClaw-based AI agents that operate alongside existing accounting, ERP and billing systems, taking care of invoice tracking, payment follow-ups, reconciliation and financial reporting.

Would you be open to a brief 20-minute call in the coming weeks to explore whether this could be useful for SoftENGINE?

If this is not relevant to you, please let me know and I will not contact you again.

Kind regards,

Jacobs Roland
AI Automation Specialist | OpenClaw AI Agent Development
Email: savelroly@gmail.com",,,
info@starke.de,Starke + Reichert GmbH & Co. KG (Starke-DMS),Germany,Medium,Due-date tracking for Starke-DMS invoices,"Dear Starke-DMS team,

I understand that Starke-DMS, which includes invoice processing, is supported by a hotline and documentation portal in Kassel.

There may be scope to automate due-date tracking and payment reminders for Starke-DMS customers.

My name is Jacobs Roland, and I am an AI automation specialist. I design OpenClaw-based AI agents that work with existing accounting, ERP and billing systems to support invoice tracking, payment follow-ups, reconciliation and financial reporting.

Would you be willing to have a short 20-minute conversation in the coming weeks to consider whether this might be of value to Starke-DMS?

If this is not relevant to you, please let me know and I will not contact you again.

Kind regards,

Jacobs Roland
AI Automation Specialist | OpenClaw AI Agent Development
Email: savelroly@gmail.com",,,
info@troi.de,Troi GmbH,Germany,Medium,Client payment reminders for agencies using Troi,"Dear Troi team,

I saw that Troi released HERMES Redirect for automatic email matching.

For agencies invoicing through Troi, there may be scope to automate client payment reminders and weekly billing reports.

I am Jacobs Roland, an AI automation specialist. I design and build OpenClaw-based AI agents that work alongside existing accounting, ERP and billing systems to handle invoice tracking, payment follow-ups, reconciliation and financial reporting.

If it would be helpful, I would welcome a brief 20-minute call at a time that suits you to discuss whether this could be useful for Troi.

If this is not relevant to you, please let me know and I will not contact you again.

Kind regards,

Jacobs Roland
AI Automation Specialist | OpenClaw AI Agent Development
Email: savelroly@gmail.com",,,
support@zep.de,ZEP (provantis IT Solutions GmbH),Germany,Medium,Project billing reports for ZEP customers,"Dear ZEP team,

I understand that ZEP provides time tracking and project billing software, with a direct contact page and support line.

There may be scope to automate payment follow-ups and project billing reports for ZEP customers.

I am Jacobs Roland, an AI automation specialist. I build OpenClaw-based AI agents that operate alongside existing accounting, ERP and billing systems, taking care of invoice tracking, payment follow-ups, reconciliation and financial reporting.

Might you be open to a short call of around 20 minutes in the coming weeks to assess whether this could support ZEP?

If this is not relevant to you, please let me know and I will not contact you again.

Kind regards,

Jacobs Roland
AI Automation Specialist | OpenClaw AI Agent Development
Email: savelroly@gmail.com",,,
information@lobster.de,Lobster DATA GmbH,Germany,Medium,Invoice message alerts for Lobster integrations,"Dear Lobster team,

I saw the announcement of Lobster_scm 4 and noted that Lobster runs Lobster Learn for training.

Around Lobster_data e-invoicing flows, there may be scope to automate alerts on failed invoice messages, mismatch follow-ups and payment-status reporting.

I am Jacobs Roland, an AI automation specialist. I design and build OpenClaw-based AI agents that work alongside existing accounting, ERP and billing systems to handle invoice tracking, payment follow-ups, reconciliation and financial reporting.

Would you be willing to have a short 20-minute conversation in the coming weeks to consider whether this might be of value to Lobster?

If this is not relevant to you, please let me know and I will not contact you again.

Kind regards,

Jacobs Roland
AI Automation Specialist | OpenClaw AI Agent Development
Email: savelroly@gmail.com",,,
info@seeburger.com,SEEBURGER AG,Germany,Low,E-invoice rejection handling for SEEBURGER customers,"Dear SEEBURGER team,

I understand that SEEBURGER, headquartered in Bretten with a worldwide presence, runs the BIS platform for EDI and e-invoicing.

There may be scope to automate e-invoice rejection handling and payment follow-ups for SEEBURGER customers.

I am Jacobs Roland, an AI automation specialist. I build OpenClaw-based AI agents that operate alongside existing accounting, ERP and billing systems, taking care of invoice tracking, payment follow-ups, reconciliation and financial reporting.

If it would be helpful, I would welcome a brief 20-minute call at a time that suits you to discuss whether this could be useful for SEEBURGER.

If this is not relevant to you, please let me know and I will not contact you again.

Kind regards,

Jacobs Roland
AI Automation Specialist | OpenClaw AI Agent Development
Email: savelroly@gmail.com",,,
info@stratedi.de,stratEDI GmbH,Germany,High,Exception follow-ups for stratEDI e-invoicing clients,"Dear stratEDI team,

I noted that stratEDI operates its EDI and e-invoicing services from Gevelsberg.

There may be scope to automate payment-delay alerts and exception follow-ups for stratEDI clients.

My name is Jacobs Roland, and I am an AI automation specialist. I design OpenClaw-based AI agents that work with existing accounting, ERP and billing systems to support invoice tracking, payment follow-ups, reconciliation and financial reporting.

Might you be open to a short call of around 20 minutes in the coming weeks to assess whether this could support stratEDI?

If this is not relevant to you, please let me know and I will not contact you again.

Kind regards,

Jacobs Roland
AI Automation Specialist | OpenClaw AI Agent Development
Email: savelroly@gmail.com",,,
info@abat.de,abat AG,Germany,Medium,Finance reporting for abat manufacturing clients,"Dear abat team,

I noticed that abat AG in Bremen also operates abat+ GmbH and publishes MES whitepapers for OEMs.

For abat's manufacturing clients, there may be scope to automate invoice follow-ups and finance reports.

I am Jacobs Roland, an AI automation specialist. I build OpenClaw-based AI agents that operate alongside existing accounting, ERP and billing systems, taking care of invoice tracking, payment follow-ups, reconciliation and financial reporting.

Would you be willing to have a short 20-minute conversation in the coming weeks to consider whether this might be of value to abat?

If this is not relevant to you, please let me know and I will not contact you again.

Kind regards,

Jacobs Roland
AI Automation Specialist | OpenClaw AI Agent Development
Email: savelroly@gmail.com",,,
info@anaptis.com,anaptis GmbH,Germany,High,AR follow-ups after Business Central document output,"Dear anaptis team,

I noted that anaptis in Münster implements Business Central and offers add-ons such as Continia Document Output.

Once invoices leave Business Central, there may be scope to automate the accounts receivable follow-ups that come next.

My name is Jacobs Roland, and I am an AI automation specialist. I design OpenClaw-based AI agents that work with existing accounting, ERP and billing systems to support invoice tracking, payment follow-ups, reconciliation and financial reporting.

If it would be helpful, I would welcome a brief 20-minute call at a time that suits you to discuss whether this could be useful for anaptis.

If this is not relevant to you, please let me know and I will not contact you again.

Kind regards,

Jacobs Roland
AI Automation Specialist | OpenClaw AI Agent Development
Email: savelroly@gmail.com",,,
info@be-terna.com,BE-terna,Germany,Medium,Collections support for BE-terna Dynamics 365 customers,"Dear BE-terna team,

I understand that BE-terna is a Microsoft Dynamics 365 partner with a German entity, BE-terna Enhancement GmbH.

There may be scope to add AI agents for collections and finance reporting for BE-terna's Dynamics 365 customers.

I am Jacobs Roland, an AI automation specialist. I design and build OpenClaw-based AI agents that work alongside existing accounting, ERP and billing systems to handle invoice tracking, payment follow-ups, reconciliation and financial reporting.

Might you be open to a short call of around 20 minutes in the coming weeks to assess whether this could support BE-terna?

If this is not relevant to you, please let me know and I will not contact you again.

Kind regards,

Jacobs Roland
AI Automation Specialist | OpenClaw AI Agent Development
Email: savelroly@gmail.com",,,
sales@bloopark.de,bloopark systems GmbH & Co. KG,Germany,High,Overdue-invoice follow-ups for bloopark Odoo clients,"Dear bloopark team,

I read bloopark's blog posts on Odoo Studio customisation and connecting a Gmail inbox with Odoo.

For bloopark's Odoo clients, there may be scope to automate overdue-invoice follow-ups and finance reports.

I am Jacobs Roland, an AI automation specialist. I build OpenClaw-based AI agents that operate alongside existing accounting, ERP and billing systems, taking care of invoice tracking, payment follow-ups, reconciliation and financial reporting.

Would you be open to a brief 20-minute call in the coming weeks to explore whether this could be useful for bloopark?

If this is not relevant to you, please let me know and I will not contact you again.

Kind regards,

Jacobs Roland
AI Automation Specialist | OpenClaw AI Agent Development
Email: savelroly@gmail.com",,,
kontakt@cosmoconsult.com,COSMO CONSULT AG,Germany,Medium,AR follow-ups for COSMO CONSULT Business Central clients,"Dear COSMO CONSULT team,

I noted that COSMO CONSULT is a Dynamics partner headquartered in Berlin, with locations in Germany and Austria including Münster.

There may be scope to offer COSMO CONSULT's Business Central customers AI agents for receivables follow-ups and finance reporting.

My name is Jacobs Roland, and I am an AI automation specialist. I design OpenClaw-based AI agents that work with existing accounting, ERP and billing systems to support invoice tracking, payment follow-ups, reconciliation and financial reporting.

Would you be willing to have a short 20-minute conversation in the coming weeks to consider whether this might be of value to COSMO CONSULT?

If this is not relevant to you, please let me know and I will not contact you again.

Kind regards,

Jacobs Roland
AI Automation Specialist | OpenClaw AI Agent Development
Email: savelroly@gmail.com",,,
info@equitania.de,Equitania Software GmbH,Germany,Medium,Weekly finance summaries for Equitania ERP clients,"Dear Equitania team,

I understand that Equitania provides ERP implementation and support services and publishes a transparency statement alongside its support pages.

There may be scope to automate overdue reminders and weekly finance summaries for Equitania's ERP clients.

I am Jacobs Roland, an AI automation specialist. I design and build OpenClaw-based AI agents that work alongside existing accounting, ERP and billing systems to handle invoice tracking, payment follow-ups, reconciliation and financial reporting.

If it would be helpful, I would welcome a brief 20-minute call at a time that suits you to discuss whether this could be useful for Equitania.

If this is not relevant to you, please let me know and I will not contact you again.

Kind regards,

Jacobs Roland
AI Automation Specialist | OpenClaw AI Agent Development
Email: savelroly@gmail.com",,,
info@gws.ms,GWS Gesellschaft für Warenwirtschafts-Systeme mbH,Germany,Medium,Open-invoice follow-ups for GWS wholesale customers,"Dear GWS team,

I noted that GWS in Münster provides merchandise management systems for wholesale and trade.

There may be scope to automate open-invoice follow-ups and credit alerts for GWS wholesale customers.

My name is Jacobs Roland, and I am an AI automation specialist. I design OpenClaw-based AI agents that work with existing accounting, ERP and billing systems to support invoice tracking, payment follow-ups, reconciliation and financial reporting.

Would you be open to a brief 20-minute call in the coming weeks to explore whether this could be useful for GWS?

If this is not relevant to you, please let me know and I will not contact you again.

Kind regards,

Jacobs Roland
AI Automation Specialist | OpenClaw AI Agent Development
Email: savelroly@gmail.com",,,
info@initos.com,initOS GmbH,Germany,High,Receivables reports for initOS Odoo clients,"Dear initOS team,

I read initOS's content on Odoo Enterprise for the German Mittelstand.

For initOS' Odoo clients, there may be scope to automate overdue reminders and receivables reports.

I am Jacobs Roland, an AI automation specialist. I design and build OpenClaw-based AI agents that work alongside existing accounting, ERP and billing systems to handle invoice tracking, payment follow-ups, reconciliation and financial reporting.

Would you be willing to have a short 20-minute conversation in the coming weeks to consider whether this might be of value to initOS?

If this is not relevant to you, please let me know and I will not contact you again.

Kind regards,

Jacobs Roland
AI Automation Specialist | OpenClaw AI Agent Development
Email: savelroly@gmail.com",,,
kontakt@kumavision.com,KUMAVISION AG,Germany,Medium,Collections and reporting for KUMAVISION Dynamics customers,"Dear KUMAVISION team,

I understand that KUMAVISION in Markdorf builds industry solutions on Microsoft Dynamics 365 for the Mittelstand.

There may be scope to add AI agents for collections and management reporting for KUMAVISION's Dynamics customers.

I am Jacobs Roland, an AI automation specialist. I build OpenClaw-based AI agents that operate alongside existing accounting, ERP and billing systems, taking care of invoice tracking, payment follow-ups, reconciliation and financial reporting.

If it would be helpful, I would welcome a brief 20-minute call at a time that suits you to discuss whether this could be useful for KUMAVISION.

If this is not relevant to you, please let me know and I will not contact you again.

Kind regards,

Jacobs Roland
AI Automation Specialist | OpenClaw AI Agent Development
Email: savelroly@gmail.com",,,
info@mindsquare.de,mindsquare AG,Germany,Medium,Receivables follow-ups around SAP for mindsquare clients,"Dear mindsquare team,

I saw that mindsquare runs webinars such as 'KI im HR' and hosts the RZ10 community meetups.

Alongside its SAP finance work, there may be scope to automate receivables follow-ups and finance reporting for mindsquare clients.

My name is Jacobs Roland, and I am an AI automation specialist. I design OpenClaw-based AI agents that work with existing accounting, ERP and billing systems to support invoice tracking, payment follow-ups, reconciliation and financial reporting.

Might you be open to a short call of around 20 minutes in the coming weeks to assess whether this could support mindsquare?

If this is not relevant to you, please let me know and I will not contact you again.

Kind regards,

Jacobs Roland
AI Automation Specialist | OpenClaw AI Agent Development
Email: savelroly@gmail.com",,,
info@natuvion.com,Natuvion GmbH,Germany,Medium,Post-migration collections support for Natuvion clients,"Dear Natuvion team,

I understand that Natuvion, based in Walldorf, provides ERP data migration services.

Once a migration is complete, there may be scope to automate collections follow-ups and finance reporting for Natuvion's clients.

I am Jacobs Roland, an AI automation specialist. I build OpenClaw-based AI agents that operate alongside existing accounting, ERP and billing systems, taking care of invoice tracking, payment follow-ups, reconciliation and financial reporting.

Would you be willing to have a short 20-minute conversation in the coming weeks to consider whether this might be of value to Natuvion?

If this is not relevant to you, please let me know and I will not contact you again.

Kind regards,

Jacobs Roland
AI Automation Specialist | OpenClaw AI Agent Development
Email: savelroly@gmail.com",,,
info@prodware.de,Prodware Deutschland AG,Germany,Medium,Collections reminders for Prodware ERP customers,"Dear Prodware Deutschland team,

I understand that Prodware Deutschland operates from Hamburg as part of the Prodware group, implementing Microsoft Dynamics ERP.

There may be scope to automate collections reminders and finance reports for Prodware's ERP customers.

I am Jacobs Roland, an AI automation specialist. I design and build OpenClaw-based AI agents that work alongside existing accounting, ERP and billing systems to handle invoice tracking, payment follow-ups, reconciliation and financial reporting.

Might you be open to a short call of around 20 minutes in the coming weeks to assess whether this could support Prodware Deutschland?

If this is not relevant to you, please let me know and I will not contact you again.

Kind regards,

Jacobs Roland
AI Automation Specialist | OpenClaw AI Agent Development
Email: savelroly@gmail.com",,,
info@sievers-group.com,SIEVERS-GROUP,Germany,High,XRechnung rejection alerts for SIEVERS clients,"Dear SIEVERS-GROUP team,

I noted that SIEVERS-GROUP offers its own SIEVERS XRechnung product and lists apps on Microsoft AppSource.

For SIEVERS' Business Central clients, there may be scope to automate XRechnung rejection alerts, overdue follow-ups and finance reports.

I am Jacobs Roland, an AI automation specialist. I build OpenClaw-based AI agents that operate alongside existing accounting, ERP and billing systems, taking care of invoice tracking, payment follow-ups, reconciliation and financial reporting.

Would you be open to a brief 20-minute call in the coming weeks to explore whether this could be useful for SIEVERS-GROUP?

If this is not relevant to you, please let me know and I will not contact you again.

Kind regards,

Jacobs Roland
AI Automation Specialist | OpenClaw AI Agent Development
Email: savelroly@gmail.com",,,
info@tso.de,TSO-DATA GmbH,Germany,High,An AR follow-up add-on for Business Central,"Dear TSO-DATA team,

I understand that TSO-DATA in Osnabrück offers Business Central add-ons such as a DMS connector and logistics modules.

There may be scope to add receivables follow-ups and finance reporting to that range as an AI-based Business Central add-on.

My name is Jacobs Roland, and I am an AI automation specialist. I design OpenClaw-based AI agents that work with existing accounting, ERP and billing systems to support invoice tracking, payment follow-ups, reconciliation and financial reporting.

Would you be willing to have a short 20-minute conversation in the coming weeks to consider whether this might be of value to TSO-DATA?

If this is not relevant to you, please let me know and I will not contact you again.

Kind regards,

Jacobs Roland
AI Automation Specialist | OpenClaw AI Agent Development
Email: savelroly@gmail.com",,,
kontakt@vectano.de,vectano GmbH,Germany,Medium,Open-invoice tracking for vectano ERP clients,"Dear vectano team,

I saw that vectano is hiring helpdesk staff for Osnabrück, Bremen and Brakel.

For vectano's ERP clients, there may be scope to automate open-invoice tracking and finance reports.

I am Jacobs Roland, an AI automation specialist. I design and build OpenClaw-based AI agents that work alongside existing accounting, ERP and billing systems to handle invoice tracking, payment follow-ups, reconciliation and financial reporting.

If it would be helpful, I would welcome a brief 20-minute call at a time that suits you to discuss whether this could be useful for vectano.

If this is not relevant to you, please let me know and I will not contact you again.

Kind regards,

Jacobs Roland
AI Automation Specialist | OpenClaw AI Agent Development
Email: savelroly@gmail.com",,,
info@weclapp.com,weclapp GmbH,Germany,Medium,Overdue-document reminders for weclapp customers,"Dear weclapp team,

I read weclapp's documentation on recipient logic for document e-mails sent from its cloud ERP.

There may be scope to automate overdue-document reminders and weekly receivables reporting for weclapp customers.

I am Jacobs Roland, an AI automation specialist. I build OpenClaw-based AI agents that operate alongside existing accounting, ERP and billing systems, taking care of invoice tracking, payment follow-ups, reconciliation and financial reporting.

Might you be open to a short call of around 20 minutes in the coming weeks to assess whether this could support weclapp?

If this is not relevant to you, please let me know and I will not contact you again.

Kind regards,

Jacobs Roland
AI Automation Specialist | OpenClaw AI Agent Development
Email: savelroly@gmail.com",,,
kontakt@xentral.com,Xentral ERP Software GmbH,Germany,Medium,Daily finance alerts from Xentral ERP data,"Dear Xentral team,

I understand that Xentral, based in Augsburg, builds ERP for growing e-commerce businesses, including invoicing and accounting modules.

There may be scope to automate overdue-invoice follow-ups and daily finance alerts from Xentral data, alongside DATEV.

My name is Jacobs Roland, and I am an AI automation specialist. I design OpenClaw-based AI agents that work with existing accounting, ERP and billing systems to support invoice tracking, payment follow-ups, reconciliation and financial reporting.

Would you be open to a brief 20-minute call in the coming weeks to explore whether this could be useful for Xentral?

If this is not relevant to you, please let me know and I will not contact you again.

Kind regards,

Jacobs Roland
AI Automation Specialist | OpenClaw AI Agent Development
Email: savelroly@gmail.com",,,
info@bremer-inkasso.de,Bremer Inkasso GmbH,Germany,Medium,Case-status reporting for Bremer Inkasso clients,"Dear Bremer Inkasso team,

I noted that Bremer Inkasso grew from the Inkassobüro Bernd Drumann in Bremen and documents its collection procedure online.

There may be scope to automate debtor reminder sequences and case-status reporting for your clients.

I am Jacobs Roland, an AI automation specialist. I design and build OpenClaw-based AI agents that work alongside existing accounting, ERP and billing systems to handle invoice tracking, payment follow-ups, reconciliation and financial reporting.

Would you be willing to have a short 20-minute conversation in the coming weeks to consider whether this might be of value to Bremer Inkasso?

If this is not relevant to you, please let me know and I will not contact you again.

Kind regards,

Jacobs Roland
AI Automation Specialist | OpenClaw AI Agent Development
Email: savelroly@gmail.com",,,
datenschutz@coeo-inkasso.de,coeo Inkasso GmbH,Germany,Low,Debtor inquiry triage for the coeo service portal,"Dear coeo Inkasso team,

I understand that coeo Inkasso in Dormagen runs a service portal for debtors.

There may be scope for an AI agent to triage debtor inquiries and send payment-plan reminders alongside the portal.

I am Jacobs Roland, an AI automation specialist. I build OpenClaw-based AI agents that operate alongside existing accounting, ERP and billing systems, taking care of invoice tracking, payment follow-ups, reconciliation and financial reporting.

If it would be helpful, I would welcome a brief 20-minute call at a time that suits you to discuss whether this could be useful for coeo Inkasso.

If this is not relevant to you, please let me know and I will not contact you again.

Kind regards,

Jacobs Roland
AI Automation Specialist | OpenClaw AI Agent Development
Email: savelroly@gmail.com",,,
info@seghorn.de,Seghorn Inkasso GmbH,Germany,Medium,Debtor payment matching for Seghorn Inkasso,"Dear Seghorn Inkasso team,

I noted that Seghorn Inkasso is a Bremen-based collection provider with an online payment page for debtors.

There may be scope to automate the matching of debtor payments and the related client reporting.

My name is Jacobs Roland, and I am an AI automation specialist. I design OpenClaw-based AI agents that work with existing accounting, ERP and billing systems to support invoice tracking, payment follow-ups, reconciliation and financial reporting.

Might you be open to a short call of around 20 minutes in the coming weeks to assess whether this could support Seghorn Inkasso?

If this is not relevant to you, please let me know and I will not contact you again.

Kind regards,

Jacobs Roland
AI Automation Specialist | OpenClaw AI Agent Development
Email: savelroly@gmail.com",,,
info@taxdoo.com,Taxdoo GmbH,Germany,Medium,Monthly filing status reports for Taxdoo merchants,"Dear Taxdoo team,

I understand that Taxdoo in Hamburg serves online merchants and tax experts with a dashboard and handles recapitulative statements (ZM).

There may be scope to automate alerts on merchant data gaps and monthly filing status reports.

I am Jacobs Roland, an AI automation specialist. I design and build OpenClaw-based AI agents that work alongside existing accounting, ERP and billing systems to handle invoice tracking, payment follow-ups, reconciliation and financial reporting.

Would you be open to a brief 20-minute call in the coming weeks to explore whether this could be useful for Taxdoo?

If this is not relevant to you, please let me know and I will not contact you again.

Kind regards,

Jacobs Roland
AI Automation Specialist | OpenClaw AI Agent Development
Email: savelroly@gmail.com",,,
support@easybill.de,easybill GmbH,Germany,Medium,Dunning and reconciliation alerts for easybill merchants,"Dear easybill team,

I understand that easybill, founded in 2007 in Kaarst, builds web-based invoicing and e-commerce automation for online merchants and freelancers.

There may be scope to automate marketplace order-to-invoice exceptions, dunning follow-ups and reconciliation alerts for easybill merchants.

I am Jacobs Roland, an AI automation specialist. I design and build OpenClaw-based AI agents that work alongside existing accounting, ERP and billing systems to handle invoice tracking, payment follow-ups, reconciliation and financial reporting.

Might you be open to a short call of around 20 minutes in the coming weeks to assess whether this could support easybill?

If this is not relevant to you, please let me know and I will not contact you again.

Kind regards,

Jacobs Roland
AI Automation Specialist | OpenClaw AI Agent Development
Email: savelroly@gmail.com",,,
support@fastbill.com,FastBill GmbH,Germany,Medium,Receipt matching and payment follow-ups for FastBill,"Dear FastBill team,

I noted that FastBill combines invoicing with receipt registration by e-mail.

There may be scope to automate inbound receipt matching, payment-status follow-ups and month-end summary reports.

I am Jacobs Roland, an AI automation specialist. I build OpenClaw-based AI agents that operate alongside existing accounting, ERP and billing systems, taking care of invoice tracking, payment follow-ups, reconciliation and financial reporting.

Would you be open to a brief 20-minute call in the coming weeks to explore whether this could be useful for FastBill?

If this is not relevant to you, please let me know and I will not contact you again.

Kind regards,

Jacobs Roland
AI Automation Specialist | OpenClaw AI Agent Development
Email: savelroly@gmail.com",,,
info@finway.de,finway GmbH,Germany,High,Approver reminders for Finway invoice approvals,"Dear Finway team,

I read Finway's product page on invoice approval (Rechnungsfreigabe) as a digital process for SMEs.

There may be scope to automate approver reminders, supplier status updates and payables reports for Finway customers.

My name is Jacobs Roland, and I am an AI automation specialist. I design OpenClaw-based AI agents that work with existing accounting, ERP and billing systems to support invoice tracking, payment follow-ups, reconciliation and financial reporting.

Would you be willing to have a short 20-minute conversation in the coming weeks to consider whether this might be of value to Finway?

If this is not relevant to you, please let me know and I will not contact you again.

Kind regards,

Jacobs Roland
AI Automation Specialist | OpenClaw AI Agent Development
Email: savelroly@gmail.com",,,
kontakt@hero-software.de,HERO Software GmbH,Germany,High,Weekly cash reports for tradespeople using HERO,"Dear HERO Software team,

I read HERO's blog article on WhatsApp in the skilled trades, covering its advantages, drawbacks and data protection.

For tradespeople invoicing in HERO, there may be scope to automate overdue-invoice reminders and weekly cash reports.

I am Jacobs Roland, an AI automation specialist. I design and build OpenClaw-based AI agents that work alongside existing accounting, ERP and billing systems to handle invoice tracking, payment follow-ups, reconciliation and financial reporting.

If it would be helpful, I would welcome a brief 20-minute call at a time that suits you to discuss whether this could be useful for HERO Software.

If this is not relevant to you, please let me know and I will not contact you again.

Kind regards,

Jacobs Roland
AI Automation Specialist | OpenClaw AI Agent Development
Email: savelroly@gmail.com",,,
info@insiders-technologies.de,Insiders Technologies GmbH,Germany,Medium,Payables reporting after Insiders document processing,"Dear Insiders Technologies team,

I noted that Insiders Technologies runs a partner portal and help centre from Kaiserslautern and features a video reference with amedes.

For organisations using Insiders' invoice processing, there may be scope to automate open-invoice follow-ups and recurring payables reports.

I am Jacobs Roland, an AI automation specialist. I build OpenClaw-based AI agents that operate alongside existing accounting, ERP and billing systems, taking care of invoice tracking, payment follow-ups, reconciliation and financial reporting.

Might you be open to a short call of around 20 minutes in the coming weeks to assess whether this could support Insiders Technologies?

If this is not relevant to you, please let me know and I will not contact you again.

Kind regards,

Jacobs Roland
AI Automation Specialist | OpenClaw AI Agent Development
Email: savelroly@gmail.com",,,
info@invoiz.de,invoiz (Buhl Data Service GmbH),Germany,Medium,Weekly cash-in reports for invoiz users,"Dear invoiz team,

I understand that invoiz is Buhl Data Service's online invoicing product.

There may be scope to automate payment reminders and weekly cash-in reports for invoiz users.

My name is Jacobs Roland, and I am an AI automation specialist. I design OpenClaw-based AI agents that work with existing accounting, ERP and billing systems to support invoice tracking, payment follow-ups, reconciliation and financial reporting.

Would you be open to a brief 20-minute call in the coming weeks to explore whether this could be useful for invoiz?

If this is not relevant to you, please let me know and I will not contact you again.

Kind regards,

Jacobs Roland
AI Automation Specialist | OpenClaw AI Agent Development
Email: savelroly@gmail.com",,,
info@mwm.de,MWM Software & Beratung GmbH,Germany,Medium,Payment tracking for MWM trade software users,"Dear MWM Software team,

I understand that MWM provides software for measurement, quotes and invoicing in the trades.

There may be scope to automate payment tracking and reminders for MWM software users.

I am Jacobs Roland, an AI automation specialist. I design and build OpenClaw-based AI agents that work alongside existing accounting, ERP and billing systems to handle invoice tracking, payment follow-ups, reconciliation and financial reporting.

Would you be willing to have a short 20-minute conversation in the coming weeks to consider whether this might be of value to MWM Software?

If this is not relevant to you, please let me know and I will not contact you again.

Kind regards,

Jacobs Roland
AI Automation Specialist | OpenClaw AI Agent Development
Email: savelroly@gmail.com",,,
info@openhandwerk.de,openHandwerk GmbH,Germany,High,Open-invoice summaries for openHandwerk users,"Dear openHandwerk team,

I read openHandwerk's knowledge base article on global email attachments for order, quote, invoice and delivery-note folders.

There may be scope to automate payment reminders and open-invoice summaries for openHandwerk users.

I am Jacobs Roland, an AI automation specialist. I build OpenClaw-based AI agents that operate alongside existing accounting, ERP and billing systems, taking care of invoice tracking, payment follow-ups, reconciliation and financial reporting.

If it would be helpful, I would welcome a brief 20-minute call at a time that suits you to discuss whether this could be useful for openHandwerk.

If this is not relevant to you, please let me know and I will not contact you again.

Kind regards,

Jacobs Roland
AI Automation Specialist | OpenClaw AI Agent Development
Email: savelroly@gmail.com",,,
info@plancraft.com,Plancraft GmbH,Germany,High,Payment reminders for plancraft trade customers,"Dear plancraft team,

I noted that plancraft provides software for quotes, invoices and documentation in the trades and also serves Austria.

There may be scope to automate payment reminders and open-invoice summaries for plancraft users.

My name is Jacobs Roland, and I am an AI automation specialist. I design OpenClaw-based AI agents that work with existing accounting, ERP and billing systems to support invoice tracking, payment follow-ups, reconciliation and financial reporting.

Might you be open to a short call of around 20 minutes in the coming weeks to assess whether this could support plancraft?

If this is not relevant to you, please let me know and I will not contact you again.

Kind regards,

Jacobs Roland
AI Automation Specialist | OpenClaw AI Agent Development
Email: savelroly@gmail.com",,,
info@taifun-software.de,TAIFUN Software GmbH,Germany,Medium,Weekly cash reports for TAIFUN users,"Dear TAIFUN Software team,

I came across TAIFUN's tips on creating template letters and mail merges.

Along similar lines, there may be scope to automate payment reminders and weekly cash reports for TAIFUN users.

I am Jacobs Roland, an AI automation specialist. I design and build OpenClaw-based AI agents that work alongside existing accounting, ERP and billing systems to handle invoice tracking, payment follow-ups, reconciliation and financial reporting.

Would you be open to a brief 20-minute call in the coming weeks to explore whether this could be useful for TAIFUN Software?

If this is not relevant to you, please let me know and I will not contact you again.

Kind regards,

Jacobs Roland
AI Automation Specialist | OpenClaw AI Agent Development
Email: savelroly@gmail.com",,,
partner@tooltime.de,ToolTime GmbH,Germany,Medium,Receivables reports for ToolTime customers,"Dear ToolTime team,

I understand that ToolTime provides software for quotes, invoices and scheduling in the trades.

There may be scope to automate late-payment follow-ups and weekly receivables reports for ToolTime customers.

I am Jacobs Roland, an AI automation specialist. I build OpenClaw-based AI agents that operate alongside existing accounting, ERP and billing systems, taking care of invoice tracking, payment follow-ups, reconciliation and financial reporting.

Would you be willing to have a short 20-minute conversation in the coming weeks to consider whether this might be of value to ToolTime?

If this is not relevant to you, please let me know and I will not contact you again.

Kind regards,

Jacobs Roland
AI Automation Specialist | OpenClaw AI Agent Development
Email: savelroly@gmail.com",,,
info@banxware.com,Banxware GmbH,Germany,Low,Receivables reports for Banxware-financed merchants,"Dear Banxware team,

I saw that Banxware has published its Branchenreport 2026.

For merchants financed through Banxware, there may be scope to automate cash-flow alerts and receivables reports.

My name is Jacobs Roland, and I am an AI automation specialist. I design OpenClaw-based AI agents that work with existing accounting, ERP and billing systems to support invoice tracking, payment follow-ups, reconciliation and financial reporting.

If it would be helpful, I would welcome a brief 20-minute call at a time that suits you to discuss whether this could be useful for Banxware.

If this is not relevant to you, please let me know and I will not contact you again.

Kind regards,

Jacobs Roland
AI Automation Specialist | OpenClaw AI Agent Development
Email: savelroly@gmail.com",,,
contact@finapi.io,finAPI GmbH,Germany,Medium,Payment-to-invoice reconciliation built on finAPI,"Dear finAPI team,

I noted that finAPI provides the bank interface inside billing software such as easybill.

Building on that bank data, there may be scope to automate payment-to-invoice reconciliation alerts.

I am Jacobs Roland, an AI automation specialist. I design and build OpenClaw-based AI agents that work alongside existing accounting, ERP and billing systems to handle invoice tracking, payment follow-ups, reconciliation and financial reporting.

Might you be open to a short call of around 20 minutes in the coming weeks to assess whether this could support finAPI?

If this is not relevant to you, please let me know and I will not contact you again.

Kind regards,

Jacobs Roland
AI Automation Specialist | OpenClaw AI Agent Development
Email: savelroly@gmail.com",,,
hello@gini.net,Gini GmbH,Germany,Medium,Payment status alerts for Gini-captured invoices,"Dear Gini team,

I read Gini's page on artificial intelligence and data security for its document-processing products.

Around invoices captured by Gini, there may be scope to automate exception follow-ups, payment status alerts and weekly reporting.

I am Jacobs Roland, an AI automation specialist. I build OpenClaw-based AI agents that operate alongside existing accounting, ERP and billing systems, taking care of invoice tracking, payment follow-ups, reconciliation and financial reporting.

Would you be open to a brief 20-minute call in the coming weeks to explore whether this could be useful for Gini?

If this is not relevant to you, please let me know and I will not contact you again.

Kind regards,

Jacobs Roland
AI Automation Specialist | OpenClaw AI Agent Development
Email: savelroly@gmail.com",,,
support@kontist.com,Kontist GmbH,Germany,Low,Invoice-to-payment matching for Kontist freelancers,"Dear Kontist team,

I noted that Kontist serves self-employed people and publishes guidance such as Impressum obligations for freelancers.

There may be scope to automate invoice-to-payment matching notifications and tax-reserve reports for Kontist customers.

My name is Jacobs Roland, and I am an AI automation specialist. I design OpenClaw-based AI agents that work with existing accounting, ERP and billing systems to support invoice tracking, payment follow-ups, reconciliation and financial reporting.

Would you be willing to have a short 20-minute conversation in the coming weeks to consider whether this might be of value to Kontist?

If this is not relevant to you, please let me know and I will not contact you again.

Kind regards,

Jacobs Roland
AI Automation Specialist | OpenClaw AI Agent Development
Email: savelroly@gmail.com",,,
support@mondu.ai,Mondu,Germany,Low,Payout reconciliation for merchants using Mondu,"Dear Mondu team,

I understand that Mondu provides B2B buy now, pay later and invoice payment terms, with dedicated payment and support contacts.

There may be scope to automate payout-to-invoice reconciliation and receivables reports for merchants using Mondu.

I am Jacobs Roland, an AI automation specialist. I design and build OpenClaw-based AI agents that work alongside existing accounting, ERP and billing systems to handle invoice tracking, payment follow-ups, reconciliation and financial reporting.

If it would be helpful, I would welcome a brief 20-minute call at a time that suits you to discuss whether this could be useful for Mondu.

If this is not relevant to you, please let me know and I will not contact you again.

Kind regards,

Jacobs Roland
AI Automation Specialist | OpenClaw AI Agent Development
Email: savelroly@gmail.com",,,
info@getmoss.com,Nufin GmbH (Moss),Germany,Medium,Missing-receipt chasing for Moss customers,"Dear Moss team,

I understand that Moss, from Nufin GmbH in Berlin, offers virtual credit cards, spend management and accounting export.

There may be scope to automate missing-receipt chasing and month-end spend summaries for Moss customers.

I am Jacobs Roland, an AI automation specialist. I build OpenClaw-based AI agents that operate alongside existing accounting, ERP and billing systems, taking care of invoice tracking, payment follow-ups, reconciliation and financial reporting.

Might you be open to a short call of around 20 minutes in the coming weeks to assess whether this could support Moss?

If this is not relevant to you, please let me know and I will not contact you again.

Kind regards,

Jacobs Roland
AI Automation Specialist | OpenClaw AI Agent Development
Email: savelroly@gmail.com",,,
info@ratepay.com,Ratepay GmbH,Germany,Low,Settlement reconciliation for Ratepay merchants,"Dear Ratepay team,

I noted that Ratepay, based in Berlin, offers invoice, installment and B2B payment methods.

There may be scope to automate settlement reconciliation and daily payment reports for merchants using Ratepay.

My name is Jacobs Roland, and I am an AI automation specialist. I design OpenClaw-based AI agents that work with existing accounting, ERP and billing systems to support invoice tracking, payment follow-ups, reconciliation and financial reporting.

Would you be open to a brief 20-minute call in the coming weeks to explore whether this could be useful for Ratepay?

If this is not relevant to you, please let me know and I will not contact you again.

Kind regards,

Jacobs Roland
AI Automation Specialist | OpenClaw AI Agent Development
Email: savelroly@gmail.com",,,
web@starfinanz.de,Star Finanz GmbH (StarMoney),Germany,Low,Incoming-payment matching for StarMoney business users,"Dear Star Finanz team,

I understand that Star Finanz in Hamburg runs StarMoney banking software, with business editions, a help centre and a community forum.

There may be scope to automate the matching of incoming payments against open invoices, with alerts on exceptions.

I am Jacobs Roland, an AI automation specialist. I design and build OpenClaw-based AI agents that work alongside existing accounting, ERP and billing systems to handle invoice tracking, payment follow-ups, reconciliation and financial reporting.

Would you be willing to have a short 20-minute conversation in the coming weeks to consider whether this might be of value to Star Finanz?

If this is not relevant to you, please let me know and I will not contact you again.

Kind regards,

Jacobs Roland
AI Automation Specialist | OpenClaw AI Agent Development
Email: savelroly@gmail.com",,,
bmd@bmd.com,BMD Systemhaus GesmbH,Austria,Low,Dunning follow-ups from BMD NTCS data,"Dear BMD Systemhaus team,

I noted that BMD Systemhaus in Steyr makes BMD NTCS and works with a network of Vor-Ort-Partner.

For tax firms and companies on BMD NTCS, there may be scope to automate dunning follow-ups and client reporting.

I am Jacobs Roland, an AI automation specialist. I design and build OpenClaw-based AI agents that work alongside existing accounting, ERP and billing systems to handle invoice tracking, payment follow-ups, reconciliation and financial reporting.

Would you be willing to have a short 20-minute conversation in the coming weeks to consider whether this might be of value to BMD Systemhaus?

If this is not relevant to you, please let me know and I will not contact you again.

Kind regards,

Jacobs Roland
AI Automation Specialist | OpenClaw AI Agent Development
Email: savelroly@gmail.com",,,
contact@finmatics.com,Finmatics GmbH,Austria,Medium,Finance reports downstream of Finmatics capture,"Dear Finmatics team,

I understand that Finmatics builds AI bookkeeping automation for tax advisors and accountants in Austria and Germany.

Downstream of Finmatics capture, there may be scope to automate overdue follow-ups and periodic finance reports for tax advisors' clients.

My name is Jacobs Roland, and I am an AI automation specialist. I design OpenClaw-based AI agents that work with existing accounting, ERP and billing systems to support invoice tracking, payment follow-ups, reconciliation and financial reporting.

Might you be open to a short call of around 20 minutes in the coming weeks to assess whether this could support Finmatics?

If this is not relevant to you, please let me know and I will not contact you again.

Kind regards,

Jacobs Roland
AI Automation Specialist | OpenClaw AI Agent Development
Email: savelroly@gmail.com",,,
service@prosaldo.net,ProSaldo.net,Austria,Medium,Bank-to-invoice matching for ProSaldo.net users,"Dear ProSaldo.net team,

I noted that ProSaldo.net sends invoices as PDF plus XML and imports bank transactions via finAPI.

There may be scope to automate the matching of those bank transactions to open invoices and send reminders on overdue ones.

I am Jacobs Roland, an AI automation specialist. I design and build OpenClaw-based AI agents that work alongside existing accounting, ERP and billing systems to handle invoice tracking, payment follow-ups, reconciliation and financial reporting.

Would you be open to a brief 20-minute call in the coming weeks to explore whether this could be useful for ProSaldo.net?

If this is not relevant to you, please let me know and I will not contact you again.

Kind regards,

Jacobs Roland
AI Automation Specialist | OpenClaw AI Agent Development
Email: savelroly@gmail.com",,,
austria@aptean.com,Aptean Austria GmbH (RS Software),Austria,Low,Collections reports for Aptean Austria ERP users,"Dear Aptean Austria team,

I noted that Aptean Austria, formerly Ramsauer & Stürmer, is based in Bergheim bei Salzburg.

There may be scope to automate collections and finance reports for Aptean Austria ERP users.

I am Jacobs Roland, an AI automation specialist. I build OpenClaw-based AI agents that operate alongside existing accounting, ERP and billing systems, taking care of invoice tracking, payment follow-ups, reconciliation and financial reporting.

Would you be willing to have a short 20-minute conversation in the coming weeks to consider whether this might be of value to Aptean Austria?

If this is not relevant to you, please let me know and I will not contact you again.

Kind regards,

Jacobs Roland
AI Automation Specialist | OpenClaw AI Agent Development
Email: savelroly@gmail.com",,,
info@hellocash.at,helloCash (mRaP GmbH),Austria,Low,Tax advisor handover for helloCash users,"Dear helloCash team,

I understand that helloCash, run by mRaP GmbH in Wieselburg, offers POS and invoicing for small Austrian businesses.

There may be scope to automate the month-end data handover to tax advisors and invoice follow-ups for helloCash users.

My name is Jacobs Roland, and I am an AI automation specialist. I design OpenClaw-based AI agents that work with existing accounting, ERP and billing systems to support invoice tracking, payment follow-ups, reconciliation and financial reporting.

If it would be helpful, I would welcome a brief 20-minute call at a time that suits you to discuss whether this could be useful for helloCash.

If this is not relevant to you, please let me know and I will not contact you again.

Kind regards,

Jacobs Roland
AI Automation Specialist | OpenClaw AI Agent Development
Email: savelroly@gmail.com",,,
info@mesonic.com,mesonic datenverarbeitung GmbH,Austria,Medium,Dunning follow-ups for WinLine users,"Dear mesonic team,

I noted that mesonic develops WinLine ERP with sites in Mauerbach and Scheeßel and a partner network.

There may be scope to automate dunning follow-ups and finance reports for WinLine users.

I am Jacobs Roland, an AI automation specialist. I design and build OpenClaw-based AI agents that work alongside existing accounting, ERP and billing systems to handle invoice tracking, payment follow-ups, reconciliation and financial reporting.

Might you be open to a short call of around 20 minutes in the coming weeks to assess whether this could support mesonic?

If this is not relevant to you, please let me know and I will not contact you again.

Kind regards,

Jacobs Roland
AI Automation Specialist | OpenClaw AI Agent Development
Email: savelroly@gmail.com",,,
contact@ecosio.com,ecosio GmbH,Austria,Medium,Rejection alerts for ecosio e-invoicing customers,"Dear ecosio team,

I read ecosio's guides on XRechnung and EDI message routing.

There may be scope to automate rejection alerts, payment status tracking and reconciliation for ecosio's e-invoicing customers.

I am Jacobs Roland, an AI automation specialist. I build OpenClaw-based AI agents that operate alongside existing accounting, ERP and billing systems, taking care of invoice tracking, payment follow-ups, reconciliation and financial reporting.

Would you be open to a brief 20-minute call in the coming weeks to explore whether this could be useful for ecosio?

If this is not relevant to you, please let me know and I will not contact you again.

Kind regards,

Jacobs Roland
AI Automation Specialist | OpenClaw AI Agent Development
Email: savelroly@gmail.com",,,
welcome@navax.com,NAVAX Unternehmensgruppe,Austria,High,Collections follow-ups for NAVAX Dynamics 365 customers,"Dear NAVAX team,

I understand that NAVAX is an Austrian Microsoft Dynamics 365 partner.

There may be scope to automate collections follow-ups and finance reporting for NAVAX's Dynamics 365 customers.

I am Jacobs Roland, an AI automation specialist. I design and build OpenClaw-based AI agents that work alongside existing accounting, ERP and billing systems to handle invoice tracking, payment follow-ups, reconciliation and financial reporting.

If it would be helpful, I would welcome a brief 20-minute call at a time that suits you to discuss whether this could be useful for NAVAX.

If this is not relevant to you, please let me know and I will not contact you again.

Kind regards,

Jacobs Roland
AI Automation Specialist | OpenClaw AI Agent Development
Email: savelroly@gmail.com",,,
info@fiskaltrust.at,fiskaltrust consulting gmbh,Austria,Low,Takings reconciliation from fiskaltrust receipts,"Dear fiskaltrust team,

I noted that fiskaltrust in Salzburg provides fiscalisation middleware for POS systems under RKSV and KassenSichV.

There may be scope to automate takings reconciliation and accountant reports from fiscalised receipts.

I am Jacobs Roland, an AI automation specialist. I build OpenClaw-based AI agents that operate alongside existing accounting, ERP and billing systems, taking care of invoice tracking, payment follow-ups, reconciliation and financial reporting.

Might you be open to a short call of around 20 minutes in the coming weeks to assess whether this could support fiskaltrust?

If this is not relevant to you, please let me know and I will not contact you again.

Kind regards,

Jacobs Roland
AI Automation Specialist | OpenClaw AI Agent Development
Email: savelroly@gmail.com",,,
office@fiskaly.com,fiskaly GmbH,Austria,Low,Accountant-ready reports from fiskaly POS data,"Dear fiskaly team,

I understand that fiskaly provides cloud fiscalisation APIs for POS systems in Austria, Germany and other EU countries.

There may be scope to automate daily takings reconciliation and accountant-ready reports from fiscalised POS data.

My name is Jacobs Roland, and I am an AI automation specialist. I design OpenClaw-based AI agents that work with existing accounting, ERP and billing systems to support invoice tracking, payment follow-ups, reconciliation and financial reporting.

Would you be open to a brief 20-minute call in the coming weeks to explore whether this could be useful for fiskaly?

If this is not relevant to you, please let me know and I will not contact you again.

Kind regards,

Jacobs Roland
AI Automation Specialist | OpenClaw AI Agent Development
Email: savelroly@gmail.com",,,
